id,title,genres,overview,release_date,poster_path,vote_average
696506,Mickey 17,"['Science Fiction', 'Comedy', 'Adventure']","Unlikely hero Mickey Barnes finds himself in the extraordinary circumstance of working for an employer who demands the ultimate commitment to the job… to die, for a living.",2025-02-28,/edKpE9B5qN3e559OuMCLZdW1iBZ.jpg,7.0
1286773,The Metropolitan Opera: Fidelio,['Music'],"Following a string of awe-inspiring Met performances, soprano Lise Davidsen stars as Leonore, who risks everything to save her husband from the clutches of tyranny.",2025-03-15,/9DU8GX7tiIZQQ15MY4b44Rtgnba.jpg,5.2
1315476,Paradiso,"['Drama', 'Horror']","Inside a cold and rusty bunker, Irina and Georgi endure the aftermath of a nuclear holocaust. Georgi´s heavy radiation sickness and imminent death prompts Irina to repair his old and beloved guitar so he can hear it one last time.",2025-03-15,/jN5fvKt25DtWVoPTRaEQgGmmMqd.jpg,8.0
1325495,The Escape,[],"Follows the final days of left-wing terrorist Satoshi Kirishima, who died in 2024 after evading capture for 49 years.",2025-03-15,/l8v8L2OC95tB4za2oex6wye4TwW.jpg,0.0
1340727,Afterwards,"['Horror', 'Romance']",A young man receives advice from his deceased grandfather about the afterlife when he suddenly starts to see said advice materialize.,2025-03-15,/nR5oqvfkWw94vVChRRiZRwEXhCL.jpg,0.0
1359744,Myself Two Seconds to Cry,['Music'],"The digital presence left by people I knew who died young has vanished.  Songs they’ve uploaded, photo albums, public diary entries, all deleted and all that’s left is generic obituaries.  When I think of these people, I think of a place. With two cameras, I’m capturing the outline of a memory we shared there in present and in past.",2025-03-15,/cnqztuI8rYP2XkGDvhMUmLbqnNe.jpg,0.0
1368096,Vodu Between two worlds,['Documentary'],"Voodoo tradition is too often victim of misperceptions and stereotypes in the Western imagination. In Togo, Voodoo is revealed in all its splendour and complexity. Through spectacular ceremonies, consultations and rites, an intimate connection is revealed that unites the visible world with that of invisible forces. By giving a voice to those who live and practise Voodoo, an authentic and nuanced perspective emerges, revealing the richness of this mysterious spirituality. It's a genuine burst of curiosity about a living heritage and the sumptuousness of its traditions.",2025-03-15,/pgFFAiInWaxkK3DDceITw3wUPKM.jpg,0.0
1418287,Royal-ish,"['TV Movie', 'Comedy', 'Romance']","Lacey is an amusement park princess who befriends 8-year-old Rose, a real-life princess, and is recruited by her handsome father to travel to their kingdom and be the new governess.",2025-03-15,/eviXuwmjoxSRzAz0sdkkvOEjNgh.jpg,7.0
1047884,Family Matters,"['Drama', 'Family']","Elder sister, Spring, seeks her origins before heading to university, Autumn, the mother, grapples with conceiving a child through artificial insemination, Summer, the younger brother, tries to engage with a paternal figure he barely knows just before his military service, and Winter, the father, desperately tries to change his fate as problems mount up.",2025-03-15,/kLI40epleDwfcpLRC6hAAQUerA4.jpg,0.0
1399893,Dead-Weight,"['Thriller', 'Comedy']","When three high school graduates supply booze for the big party, they discover their cargo isn't what they expected.",2025-03-15,/7FIlPqSh9i8uSmyrimpRj6rbWag.jpg,0.0
1404722,"Liar, Liar, Love is on Fire","['Romance', 'Comedy']","Influencer couple Xu Xiaoli and her ""hired boyfriend"" Hao Zha face a fan crisis and pressure from their boss. In response, Xu Xiaoli plans a fake wedding, but when Hao Zha unexpectedly disappears, she embarks on a wild chase to find him. Will their relationship survive the chaos?",2025-03-15,/lEnfI1fM97TYUSj4NykkUwI1yYF.jpg,1.0
1411411,A Day,"['Drama', 'Thriller']",A young boxer must confront his family's traumatic past when his estranged older brother is released from prison.,2025-03-15,/cVY0jS7iRs1TQwSMQAfufKJh9sd.jpg,0.0
1418112,Beneath The Tall Tree's Gaze,"['Drama', 'Horror']",,2025-03-15,/oVIJMEEO5elDaaFf9gyBP3HEl6M.jpg,0.0
1420234,Reincarnation,"['Science Fiction', 'Mystery', 'Thriller']","""A man is confronted with a haunting reality as he uncovers dark secrets about his identity and the truth behind his mysterious circumstances.""",2025-03-15,/4f0yXq68ukd5VBQGustyimX9ojz.jpg,0.0
1420492,Jenuh Eksistensialisme,[],Three female students discusses existentialism while trapped in their classroom.,2025-03-15,/kJGpgrsxW7ggv87vMQ1sJ6BQbAj.jpg,0.0
1423295,Nanay's Frankenstein,[],"Emman, a young cyclist and delivery boy, races for everyday survival, pedaling through each struggle to build the bike of his dreams. Backed only by his sheer determination and his mother's familiar love; it's a race against the odds to reach the finish line.",2025-03-15,,0.0
1424897,Sidelines,"['Drama', 'Family']","When a young boy falls in love with a sport, he quickly realises that the only reason he did was for his father.",2025-03-15,/58pEKxrmCuetOe4Xs37k3ZZOC0O.jpg,0.0
1426343,Neverwhen,"['Fantasy', 'Romance']","As a young lady prepares to leave behind her childhood home, a playful and enigmatic elf from her past invites her into a nostalgic game of hide and seek.",2025-03-15,/aToFeUkgGl2L7xSfb8r0hBbalx5.jpg,0.0
1427653,Departures,[],"A must-see northern comedy-drama that dissects a toxic relationship with humor and raw emotion. Inspired by real heartbreak, this Manchester-made feature follows Benji, who meets the elusive and dominant Jake at an airport check-out gate. What begins as thrilling monthly getaways to Amsterdam soon unravels into a doomed power dynamic. Struggling to move on after being dumped, Benji spirals into addiction and fleeting hook-ups, haunted by the love he lost. Created by a collective of working-class LGBT+ filmmakers, Departures is a darkly comic, emotionally charged journey—think Shirley Valentine meets LGBTQ Trainspotting.",2025-03-15,/f7tWiwedxyIMg69D41deC8SxmxG.jpg,0.0
1437515,"Please, Don’t Cry",['Drama'],A professional mourner goes to what seems just another job when she begins to suspect that the deceased might be tied to her forgotten past.,2025-03-15,/MDMGJP5Q5qdeCwcvHt4SDGfclH.jpg,1.5
1441712,PÉPÉ,['Drama'],"Pépé is a dramatic short film that follows Aime, a reserved photographer from the Ivory Coast, who embarks on a trip to Morelia to collect images for his grandfather, a photo collector and lover of foreign legends and cultures, named Pépé Meless. An unfortunate incident forces him to extend his visit and confronts him with memories, both sad and happy. In the end, Aime must decide how to take on the challenges and victories we all face in life.",2025-03-15,/wRpLZFQmd3CNcFUv8TdAIVgCalE.jpg,0.0
1442308,Urtajo,"['Thriller', 'Drama']",,2025-03-15,/mxKrVRwLBkDeIXfWUWSmvtZY0Kp.jpg,0.0
1443247,"I'm Not Crying, You're Crying",[],,2025-03-15,/684kfaDD22ZYL7LvCcpOBS0GQfh.jpg,0.0
1443238,Nunami: là où le vent chante,"['Documentary', 'Music']",,2025-03-15,/6UWfXSaSbXxsA9n3TTBDwW6UGxf.jpg,0.0
1443551,Alchemy of the Word,[],"1873 - The precocious, French poet, Arthur Rimbaud, has eloped with his mentor - the older, married Paul Verlaine - to London where they are struggling to keep the faith in their love and their work. Despite the downward spiral of poverty and violence, it is here that Rimbaud will pen his aptly named masterpiece, “A Season in Hell.”",2025-03-15,/q4XsIeugSMtTaaXoVL73fiHu7VD.jpg,0.0
1443993,England’s Lions: The New Generation,['Documentary'],"Chronicles the experiences of England’s emerging football stars as they navigate the immense pressure and glory of representing their country. The film provides intimate access to these players’ journeys, from their grassroots beginnings to the cauldron of the European Championships.",2025-03-15,,0.0
1443480,Der geräderte Mensch,['Comedy'],,2025-03-16,/4gQ2ZnfZ6u6WB9iWmWm9sLCLqm1.jpg,0.0
1442915,Bet,"['Drama', 'History']","Before the Liberation, during the years of the exiled Bulgarian revolutionaries in Romania, the Major and the Prime Minister once shared the same ideals, the same home, and even the same woman. Today, the Major orchestrates a conspiracy to overthrow the government led by his former friend, the Prime Minister. The head of state must be assassinated, and the Prince – dethroned. The woman is part of the plot, but she will try to prevent the fratricide.",2025-03-16,/aqsDDMTnmTZwbbZmDepqLFPdoiZ.jpg,0.0
1440083,Marciano García,['Drama'],,2025-03-16,/sdGwrjlFO9NII5mPKf57kCjX9VD.jpg,0.0
1439526,Full Out,[],"In 19th-century Paris at the Salpêtrière Hospital, patients were hypnotized onstage to reproduce the symptoms of hysteria for public audiences. Over a century later, high school cheerleaders are fainting en masse.",2025-03-16,/eXvVjE5RyNKbxHCmmj1DLu55GKe.jpg,0.0
1439514,The Phalanx,[],"Letters from the Ceresco community trace the fragility of harmony, the dream of life in association. Members of the phalanx drift apart, lingering in private corners, suspended in speculative time.",2025-03-16,/4wgiJBrpvLh9kOe8feXd5MxLbzW.jpg,0.0
1439509,Songs Overheard in the Shadows,[],"Balanced on the edge of what is visible, everything comes from nothingness and returns to nothingness. Strands of consciousness trying to convene with each other. Forms of personal significance in a time of crisis, set free into random motion through chance operations. Recurring details point towards a center.",2025-03-16,/3Cgx8CMlZ8BL4ayG9fzZYuK5fYZ.jpg,0.0
1438267,Gamad Machmad 4,"['Drama', 'Comedy', 'Thriller', 'Action']","Four years have passed since Kfar and Gamadi's last fight, which ended in Gamadi's defeat. As time passes, the neverending threat of Gamadi seems to haunt Kfar, and leads him into a life revolving around the constant seek of revenge, violence and hate. And now with Piggy, his best friend, leaving to join the army. Kfar is left to deal with Gamadi on his own.",2025-03-16,/9jw0tNgP3pRCq3WioDDbjwOI1n4.jpg,0.0
1444686,Charon,"['Drama', 'Mystery']",,2025-03-15,/AaWcKpzEstnN2pexQRRFcaZC38t.jpg,0.0
1444332,"Y por si fuera poco, Godard",[],"Julio, a young man in his twenties, is in a relationship with Gladys, an older woman worried about not appearing like his mother. Amid hidden feelings and the complexities of love, they discover in a downtown café that they have more in common than they ever imagined.",2025-03-15,/eeieVMafshP9PgwnAze9d9McoDT.jpg,0.0
1444331,Final,[],"One room, two girls. They would be the perfect elements for a new sapphic love story, except for Alex and Pau, which is the end of it all. Both try to “do it right”, but this was never synonymous with easy.",2025-03-16,/nSNOzbstoR0dW960oT1c33qGiYz.jpg,0.0
950396,The Gorge,"['Romance', 'Science Fiction', 'Thriller']","Two highly trained operatives grow close from a distance after being sent to guard opposite sides of a mysterious gorge. When an evil below emerges, they must work together to survive what lies within.",2025-02-13,/7iMBZzVZtG0oBug4TfqDb9ZxAOa.jpg,7.758
1149167,High Rollers,"['Action', 'Crime', 'Thriller']","Mason, a master thief, lives a dream life of riches with his crew and girlfriend Decker. When nemesis Salazar kidnaps Decker, Mason must attempt a high-stakes casino heist to save her, all while evading Salazar’s rivals and the FBI.",2025-03-14,/hHowAaChDjwueySmwVbsjHmpWa.jpg,7.5
1126166,Flight Risk,"['Action', 'Thriller', 'Crime']","A U.S. Marshal escorts a government witness to trial after he's accused of getting involved with a mob boss, only to discover that the pilot who is transporting them is also a hitman sent to assassinate the informant. After they subdue him, they're forced to fly together after discovering that there are others attempting to eliminate them.",2025-01-22,/q0bCG4NX32iIEsRFZqRtuvzNCyZ.jpg,6.1
1417677,Bill Burr: Drop Dead Years,['Comedy'],"In what might be his most personal and introspective hour yet, Bill offers hilarious takes on everything from male sadness to dating advice.",2025-03-14,/vBdVi94tI9AH3oNgNtVuHc6vYu7.jpg,8.2
1443695,Eyes Everywhere,['Documentary'],"Jodie, a police inspector, is tasked with finding out who sabotaged the technological system that governs every aspect of daily life: from transport to global security, from health care to management of essential services. Without a quick solution, hospitals will collapse, casualties will increase and the country could be plunged into an apocalyptic scenario. To carry out the investigation, Jodie must rely on her father Mark and an unlikely ally: Matt, a hacker with a criminal past. The clues seem to lead to a single culprit, Doctor Borghese, a respected psychologist who lost his job because of artificial intelligence. But is he really responsible, or is someone trying to frame him?
 The film explores, through interviews with experts and fictional scenarios, how technology is transforming cities, mobility, healthcare, sustainability and even space exploration.",2025-03-17,/inJjkPchqjXe3vLajI7MFVldUSb.jpg,0.0
1439890,Bert Kreischer: Lucky,['Comedy'],Losing 45 pounds. Getting parenting advice from Snoop Dogg. Bert Kreischer knows he's the luckiest guy around — and he's recounting his blessings.,2025-03-17,/Tuln36rarqdrSnXemkb7oBRmCM.jpg,0.0
1439837,The Last Goodbye,['Drama'],Two estranged siblings attempt to reconcile after the death of their younger brother.,2025-03-17,/zYDFxnKgWBTahFItkGo5Uyn8bLz.jpg,0.0
1435057,Sacrum and Profanum in Pievenai,['Documentary'],"Once a year, a quiet and secluded village in the north-western part of Lithuania comes alive to celebrate Catholic Easter, doing its best to preserve the vanishing ancient tradition of the Guardians of the Cross. With gentle humor observing the preparations of the local community for the vigil and immersing the audience in Easter night, the filmmakers raise questions about the relationship between the sacred and profane in the modern world.",2025-03-17,/u1I49qAgXCSGiwq8ixMULl9SwJg.jpg,0.0
1433719,High Ground,['Thriller'],"When a mysterious prisoner lands in his jail, a border town sheriff faces the wrath of a brutal cartel.",2025-03-17,/irnDcTiCvWy0sY4ynMpTL83WSyR.jpg,0.0
1392821,Gladiators,['Action'],"When a once great gladiator's betrothed is murdered, he vows to hunt down the killer. But when he discovers the murderer is no stranger, the gladiator must enter the Colosseum once more to avenge his bride.",2025-03-17,/3ecBMVWe2xRhHKcTcRkuqLk85jq.jpg,10.0
1361451,La terra negra,"['Drama', 'Crime']","Miquel moves to a town in the Spanish countryside. He is there to work in an industrial mill, ran by siblings María and Ángel. María, who dislikes her work and the neighbours she has to do business with, finds in Miquel a person similar to her.",2025-03-17,/3iRxZlTSkXUON99zEq1iZQV2VH2.jpg,0.0
1359893,100 di questi anni,['Drama'], ,2025-03-17,/57v4gE3Dx6TViwIe1BiC2rgghhs.jpg,0.0
1297763,Batman Ninja vs. Yakuza League,"['Animation', 'Action']","The Batman family has returned to the present to discover that Japan has disappeared, and a giant island - Hinomoto - is now in the sky over Gotham City.  At the top sit the Yakuza, a group of superpowered individuals who reign without honor or humanity and look suspiciously like the Justice League. Now, it’s up to Batman and his allies to save Gotham!",2025-03-17,/3onmLeu48mY87UclP3fk2x7YPqw.jpg,0.0
1445505,Kamen Rider Gavv GRADUATIONS Funny School Days,[],"March is the month of graduation ceremonies. Graduation ceremonies are the time for fun school life. So, what if the characters from ""Kamen Rider Gavv"" were living a school life? We've created six short skits based on this theme!",2025-03-16,/2jjz1q5zBKIuC9lcTJOyAefUJf1.jpg,0.0
1445302,Carabao Cup Final 2025,[],"The 2025 Carabao Cup final is the upcoming final match of the 2024–25 EFL Cup. It is to be played between Liverpool and Newcastle United at Wembley Stadium in London, England, on 16 March 2025.",2025-03-16,/idI77qU1yZ8kbUfoHgndsgCJbYg.jpg,0.0
777443,The Electric State,"['Science Fiction', 'Adventure', 'Drama']","An orphaned teen hits the road with a mysterious robot to find her long-lost brother, teaming up with a smuggler and his wisecracking sidekick.",2025-03-07,/jRdxyW5ZmhD3ycStlb7gwOewTuE.jpg,6.813
1013601,The Alto Knights,"['Drama', 'Crime']","Two of New York's most notorious organized crime bosses, Frank Costello and Vito Genovese, vie for control of the city's streets. Once the best of friends, petty jealousies and a series of betrayals place them on a deadly collision course that will reshape the Mafia (and America) forever.",2025-03-14,/95KmR0xNuZZ6DNESDwLKWGIBvMg.jpg,7.0
800367,The Actor,"['Drama', 'Mystery', 'Thriller']","Paul Cole finds himself stranded in a mysterious small town with no memory of who he is or how he got here. As bits and pieces of his past slowly emerge, he attempts to find his way home, but time is slippery, appearances can't be trusted, and it's unclear which of his identities is real.",2025-03-14,/jp397HSWa7e7lIkM19rvizHfTbL.jpg,7.5
1418287,Royal-ish,"['TV Movie', 'Comedy', 'Romance']","Lacey is an amusement park princess who befriends 8-year-old Rose, a real-life princess, and is recruited by her handsome father to travel to their kingdom and be the new governess.",2025-03-15,/eviXuwmjoxSRzAz0sdkkvOEjNgh.jpg,7.0
1441567,Warden,"['Science Fiction', 'Thriller']","A docu-style science fiction thriller exploring the real-world impact of a young man discovering his superpowers. It delves into how his presence influences society, attracting followers, sparking conflict, and changing the lives of everyone around him.",2025-03-14,/fn5PCbsOJy25k2p7TJ7pbBSqnoM.jpg,7.5
1291321,Sweet Heart,"['Romance', 'Comedy', 'Drama']","Vasu, a gifted animator with a troubled past, is forced to face his commitment issues when his partner Manu reveals her pregnancy.",2025-03-14,/bHxP4Mdgc6RwFZi7b1JDPXDus8j.jpg,5.3
1419826,The World Will Tremble,"['Drama', 'War']","The incredible, untold true story of how a group of prisoners attempt a seemingly impossible escape from the first Nazi death camp in order to provide the first eyewitness account of the Holocaust.",2025-03-14,/nSVqv6Bx0fDZS55SynC7Kxspw2r.jpg,8.0
1438217,TNA Sacrifice 2025,[],"The 2025 Sacrifice was a professional wrestling event produced by Total Nonstop Action Wrestling. The event took place on March 14, 2025, at the El Paso County Coliseum in El Paso, Texas, and aired on TNA+. It was the 16th event under the Sacrifice chronology. Wrestlers from WWE's NXT brand, with which TNA had a partnership, also appeared at the event.",2025-03-14,/nxRgBBzxc55EQdeg3qXCCJfCCu.jpg,7.0
1422166,The Age of Disclosure,['Documentary'],"Director Dan Farah got 34 senior members of the U.S. Government, military, and intelligence community to come on camera. He says they reveal an 80 year cover-up of the existence of non-human intelligent life and a secret war amongst major nations to reverse engineer technology of non-human origin. The film explores the profound impact the situation has on the future of humanity, while providing a look behind-the-scenes with those at the forefront of the bi-partisan disclosure effort.",2025-03-14,/qsV4QTjO1jLLezzPA8yRm207ymb.jpg,0.0
1422166,The Age of Disclosure,['Documentary'],"Director Dan Farah got 34 senior members of the U.S. Government, military, and intelligence community to come on camera. He says they reveal an 80 year cover-up of the existence of non-human intelligent life and a secret war amongst major nations to reverse engineer technology of non-human origin. The film explores the profound impact the situation has on the future of humanity, while providing a look behind-the-scenes with those at the forefront of the bi-partisan disclosure effort.",2025-03-14,/qsV4QTjO1jLLezzPA8yRm207ymb.jpg,0.0
1306707,I Don't Like It Here,"['Horror', 'Mystery', 'Thriller']","A recently paroled outsider returns to his desolate hometown, only to find a community plagued by a disturbing darkness. As he grapples with his own past and the town’s sinister secrets, he becomes the prime suspect in a series of gruesome murders.",2025-03-29,/71tmxZLDkguFKAFOwlGtitBkkHA.jpg,0.0
1203524,Penguin Girl,"['Drama', 'Romance']","Moon loves penguins. Her lifelong ambition is to study penguins in Antarctica. She believes she’ll meet her destined mate just like penguins do. One day, Moon runs into Adley, a guy in a penguin suit fortuitously making penguin courtship gestures at her. She believes the penguin-scented Adley is her fate. As they spend time together, Adley is moved by Moon's genuineness and passion. Just when their relationship has made some progress, Moon is recommended for an exchange program to the UK, throwing Moon into a dilemma between pursuing love and her dream.",2025-03-14,/9kx1l6rPfju36Auqxj4FrDYJzhg.jpg,6.0
1294376,Meanwhile,['Documentary'],"A groundbreaking, immersive, nonlinear cinematic journey where artists' expressions blend with historical and real-life footage, unveils the profound impact of white supremacy on our human connections. Led by a dynamic team including Jacqueline Woodson, Catherine Gund, Erika Dilday, Meshell Ndegeocello, and M. Trevino, this collaborative masterpiece weaves together diverse visions, poignantly revealing how race, racism, and resistance shape our shared breath, not just in moments of crisis, but in the enduring, pervasive legacy of that risk.",2025-03-14,/6WTtDN2llm2laub4CSXuvAcr3zi.jpg,8.5
1144417,Alakshye Ritwik,[],The biopic will see Silajit portraying Ritwik Ghatak from 35 to 50.,2025-03-14,/n1C9Gb7Pva1Au07C19xRxfKnJI6.jpg,0.0
1306284,Wolfgang (Extraordinari),"['Family', 'Drama']","Wolfgang, a 9-year-old boy with an IQ of 125, is forced to live with his father, Carles, whom he has never seen, after the sudden death of his mother. He has one obsession, to run away to Paris to study at the Grimald Academy and become the best pianist in the world. But what Wolfgang doesn’t know is that the biggest challenge is right in front of him and that is to get along with his father.",2025-03-14,/b0PxbVc7lcLDzoWU8m2E74h8VD7.jpg,0.0
1322218,Mononoke the Movie: The Ashes of Rage,"['Animation', 'Fantasy', 'Mystery', 'Horror']",Second installment of the Mononoke movie trilogy.,2025-03-14,/bT2qcTXVNUbeIMjbggB14Wyymgi.jpg,10.0
1326693,Wujek foliarz,['Comedy'],"Kuba is undergoing mandatory addiction therapy when he is kidnapped by his eccentric uncle – a conspiracy theorist who believes in the imminent end of the world. The uncle and his team of journalists from the ""Prawda TV"" channel want to involve him in their secret plan to prove that the mayoral elections were rigged. Initially skeptical of his uncle's obsession, Kuba discovers that the village is threatened with a real ecological disaster and decides to act. The situation is further complicated by his former love, Gośka. All this forces him to take matters into his own hands and make decisions that he has been running away from so far.",2025-03-14,/m7KL3ufmOQyf8LSgQ87FPNKKw4v.jpg,0.0
1000085,Morlaix,['Drama'],"A young high school student marked by the recent death of her mother, Gwen, spends her time with her group of friends, including her lover Thomas, an apprentice baker. When Jean-Luc, a Parisian student who looks like an artist, moves into the area, Gwen does not hide her trouble, as if a decisive life choice was before her. One day, she discovers a film at the cinema that seems inexplicably inspired by her own life. Will she find the answers she is looking for?",2025-03-14,/nUTE76LKG45ntFkgGFz1lpluzQR.jpg,0.0
1330596,The Enemy's Gift,['Drama'],"Victor has unfinished business with his former psychoanalyst Carmo. After years of holding a grudge, he lures Carmo into his house in order to finally take vengeance.",2025-03-14,/twEjPAErx23tRBSOVfvziSNbRJf.jpg,0.0
1424217,Court - State Vs. A Nobody,"['Drama', 'Romance']","A determined lawyer takes on a high-stakes case to defend a 19-year-old boy, challenging a system that has already branded him guilty.",2025-03-14,/4pEX67LJd7ZIqYWtksBtOgQEGcQ.jpg,0.0
1339790,"Cupcakes, Lonely Cats",['Drama'],"Liu Hui is a widower whose son lives in America. She insists on living alone in the house she shared with her late husband, a calligrapher, and is surrounded by fond memories. As she gradually joins community activities, she strikes up an acquaintance with the kind and shy building caretaker who faces a quandary over a stray cat. Small moments together reveal loneliness and companionship.",2025-03-14,,0.0
1386047,My Partners,['Documentary'],"Three couples from Estonia and Germany navigate the uncharted territory of free love, finding new partners without ending their current relationships. On their journey they seek the help of mentors, psychologists, shamans, dancers and meditation experts. Over the course of several years, filmmaker Eva Kübar observes their sexual intimacy, desires and insecurities without ever judging their personal choices.",2025-03-14,/7JdFCKQQp5ee21ggDKOAUwziXDg.jpg,8.0
1442417,A Murder in Oakland: Beauty is Deadly,"['Drama', 'Comedy', 'Crime']","Recently cleared of an embezzlement charge, Detective Williams (Marcus D Spencer) is handed a high-profile murder case while also forced to take on a new partner. Williams is trying to solve this case while also working to see if he can trust his partner.",2025-03-14,/iGz5PJNLHKZnWI2x36kP8igIZOe.jpg,1.0
1399896,Art Attack! The Dissection of Terrifier 3,['Documentary'],"Described to be 'a full dive into how the Terrifier 3 team brought various brutal kills and bloody effects to life in the latest slasher entry'. The documentary features interviews with director Damien Leone, producer Phil Falcone, and various cast members, along with new footage from the set.",2025-03-14,/twNL1SF1Dne6Yp1tv6rQSDiTHyF.jpg,8.0
1380415,The Last Supper,"['Drama', 'History']",A powerful cinematic Biblical journey that brings to life the ultimate act of love and sacrifice as seen through the eyes of those who walked alongside Jesus.,2025-03-14,/3VLE1WoexFHL4NpR1LYU9ds0UaI.jpg,8.0
1421053,A Girl & Her Guard Dog,"['Drama', 'Romance']","Senagaki Isaku will be a first-year high school student starting in spring. Her grandfather is the third head of the Senagaki group, a yakuza organization, so she is feared by those around her. However, starting from spring, she hopes to make normal friends and normally fall in love. She is admitted into a high school further from her hometown, however, the overprotective young head of the Senagaki group, Utou Keiya, (26 years old) falsifies his age and enters the school with her through a backdoor admission…?! Keiya proclaims that love is too early for her although Isaku is perfectly ready. In truth, she has held an unrequited love for Keiya for quite some time.",2025-03-14,/bvbLBGPFhamZ1qNNxeMOxAX878G.jpg,6.5
1371370,Skarlett,"['Music', 'Horror']","Paying homage to 70's grindhouse and B-Movies with music by The Brujas, this music video follows a cannibal bassist that seeks her next victim in a sleazy bar, using her charms to seduce him and then eat him alive, a character introduced in the band's previous single: ""Caníbal"".",2025-03-14,/tSJZe7yAlCB8FSePeg1IqQYDv9B.jpg,0.0
1275248,Sister Midnight,"['Comedy', 'Drama', 'Horror']","In Mumbai, an arranged marriage spirals into darkness as the spineless husband watches his wife morph into a ruthless, feral force within their marital confines.",2025-03-14,/lXMJ6un3SZvRq8cOHap7LviY5hG.jpg,7.5
1208803,The Regulars,['Comedy'],"Set in London's iconic Prince Charles Cinema, The Regulars follows a day in the life of its hapless employees. During their shift they watch movies, argue with customers, and, above all, deal with each other.",2025-03-14,/uXcTWEMxpKGRzhBTJkFdFAYJnab.jpg,0.0
1416501,DNA,['Drama'],,2025-03-14,/lO8Y1Flrhh090p93whgir2DUAot.jpg,5.0
1433813,Sister's Keeper,['Horror'],A horror short film.,2025-03-14,,1.0
1220028,Beginning of a New Era,"['Documentary', 'Music']",Documentary film of indigenous Mayan message of Unity and Hope for Humanity for these new times,2025-03-14,/fTA2LAiDyIQlUwo3giWrlFVKn26.jpg,8.0
1440144,La deuda,['Drama'],,2025-03-14,/cZkT8i9Z2yM38UMEDpqMIvcXm5D.jpg,0.0
1421781,Alleine (+1),['Drama'],,2025-03-14,/jzrVZF8jhKWdmJkPXdP0hTlW3Ia.jpg,0.0
1422471,Dexter,['Thriller'],"Aadi and Yamini's love story takes a tragic turn when Yamini is kidnapped and brutally murdered, plunging Aadi into despair. Struggling with PTSD, he undergoes a memory-erasing treatment and starts anew, reuniting with his childhood friend Bhuvi. However, their lives are upended when Bhuvi's family is taken hostage by a dangerous man named Sadhik. In a tense showdown, Sadhik traps Aadi, Bhuvi, and others in a deadly game, revealing the dark motives behind a string of murders, including Yamini's. Will Aadi uncover the truth and find redemption amidst the chaos?",2025-03-14,/6jLbZlzNOfHQgD0a1wgtBuscriZ.jpg,0.0
1422235,Let's Go Somewhere Else,['Drama'],"Five years of silence end when former high school best friends, Ethan and Gio, both cramming for finals, unexpectedly reunite at a cafe. With the cafe closing early, they must go somewhere else, confronting the unresolved pain of their fractured past.",2025-03-14,/64ct5c880qyekgTiwvg8dNBsAz6.jpg,5.5
1424103,Checkmate,[],,2025-03-14,/8Vzbj4wGOgF18qd1PWYwlNToi6K.jpg,0.0
1424565,Down We Go,['Drama'],A Countdown. A Chance?,2025-03-14,/toxjx90Q2ERDtMABDdcGhRKcxQr.jpg,0.0
1424352,Taympers,['Comedy'],An innocent child Yumi is suddenly introduced to the world of womanhood when she witnesses her older sister Chloe feel pain in her body.,2025-03-14,/ptAQ9vlCGv7uSgMkLPZzPYkuMKH.jpg,0.0
1425892,STEP OUT,['Drama'],"Set against the vibrant and culturally rich backdrop of Okinawa, Step Out tells the inspiring story of Teruya, a young boy who discovers his passion for dance. Living with his dedicated single mother, Akane, and his introverted younger sister, Mai, Teruya finds himself drawn to dance after meeting Lisa, a skilled dancer at a local school. As Teruya hones his skills and partners with Lisa, his growing talent opens the door to both exciting opportunities and unexpected challenges.",2025-03-14,/228se3JN0viTUd2B9XwHgDTnC86.jpg,0.0
1426337,Fleeting,"['Romance', 'Comedy']",A dreamer who wants to fly around the world meets an unambitious heir with whom she forges an improbable romance.,2025-03-14,/8dLXLQpjDUt6MwXiVHT3rqjG4Rs.jpg,0.0
1428780,Last Resort,"['Drama', 'Thriller']","Two men star in a never-ending television show, but one grows increasingly paranoid and desperate to reclaim his autonomy.",2025-03-14,/2eVlSCxXZlbZGD7XhBcPNCFGUli.jpg,0.0
1428541,Machine de rêve,['Documentary'],"Two sailing passionates build an ice canoe, igniting the spark of a rediscovered memory for a rich culture that is still very much alive.",2025-03-14,/hmCSvZty05pwLdSbCJ21HBLjE4K.jpg,0.0
1431744,Battle King!! Map of The Mind Part 2,[],,2025-03-14,/GxwDgOay2EbERIwvrITFHaAhFs.jpg,0.0
1431328,Cereal Bowl,['Fantasy'],A boy discovers a fault in his normal day-to-day life.,2025-03-14,,0.0
1432101,müssen müssen,"['Animation', 'Comedy', 'Music']",,2025-03-14,/361LsDbpmOBVu5r0kqhoT6OYtw5.jpg,0.0
1433881,They Watch,['Thriller'],"A young woman's reality unravels as she becomes convinced she's being stalked by unseen, mysterious forces.",2025-03-14,,0.0
1433872,Herman 2,['Horror'],A short horror film.,2025-03-14,/10g7bNgdU0P8dbOXsqQcCLsj4c5.jpg,0.0
1433862,Wolves in the Trenches,['Horror'],A short horror film.,2025-03-14,,0.0
1433860,The Buried River,['Horror'],A short horror film.,2025-03-14,,0.0
1433838,Grin,['Horror'],"When newly elected mayor Frank Ford's failed attempts to run the local freak show out of town, Grady Nelson the ring master, and father figure to Grin, Karnage, and Kisses is murdered. Grin is well aware of who committed this heinous act, and The Circus Rejects seek revenge on the mayor and everyone who stands in their way!",2025-03-14,,0.0
1433836,Stalker,['Horror'],A young woman must confront her deepest fears if she hopes to survive the night.,2025-03-14,,0.0
1433831,Grimace,['Science Fiction'],A sci-fi short film.,2025-03-14,,0.0
1433811,Cold Read,['Horror'],"""Cold Read"" we follow Bugs, a struggling actor desperate to prove to his girlfriend and the rest of the world that he has what it takes to achieve his dreams. But when fate comes knocking with an audition for a mysterious new project, will he be willing to go to the dark places the role requires?",2025-03-14,,0.0
1433802,Grinners,['Horror'],Marley is a moderately successful horror cooking show host. Her life gets flipped upside down when she crosses paths with the voyeuristic possum mask. Marley has to survive the night as she is hunted down through the eyes of a possum.,2025-03-14,,0.0
1433574,Tall Girl,"['Comedy', 'Romance']",,2025-03-14,/x0TarHukSxcMYuqogZNjzeiLzae.jpg,0.0
1433908,Surprise,['Horror'],A horror short film.,2025-03-14,,0.0
1433906,After Death Do Us Part,['Horror'],A horror short film.,2025-03-14,,0.0
1433900,Here I Remain,[],A horror short film.,2025-03-14,,0.0
1436684,Imperfect Me,"['Drama', 'Romance']","Rinka Sugita is a key member of an ad agency’s marketing department. As she races back and forth between photo shoots and meetings, the shy presence of Takashi Urita catches her attention. Hired as a person with disabilities because he has an anxiety disorder, Rinka offers to take him under her wing. It initially seems to him that she takes pity on his situation, but another side to her personality emerges as they slowly get to know each other.",2025-03-14,/qwYSCGU2jcoIRWn1wWaVw7xQWM6.jpg,0.0
1436683,And Then How He Told the Horse Mackerel,['Drama'],"Hanaoka loves Mirei, his classmate at a culinary school he attends, but expressing that feeling in words is hard to do. When the two are given an assignment to make Horse Mackerel Nanbanzuke, an offbeat love adventure ensues as Hanaoka is blindfolded by Mirei and led across town on a search for ingredients and, hopefully, understanding and connection.",2025-03-14,,0.0
1436458,Sujip,[],"Aleksandras, a man in his 30s, starts his first day at his new workplace. What appears to be a mundane office space reveals to be a suicide helpline center. One day the phone rings and Pijus, a man of the same age, calls to share his desire to take his life. Although their interaction begins on an awkward note, it gradually transforms into a moving exchange between two men who slowly realize their interconnected destinies.",2025-03-14,/2l5tmuSMbEc9SaeRlEQVzX5R6RF.jpg,0.0
1436456,All In,[],Emilė always lives ten steps ahead: she knows how things should be. That doesn't help her on an awkward date - a poker party where everyone lives in the moment.,2025-03-14,/kG4nXFiU6mfqrqia4hhSZ6VGw5g.jpg,0.0
1436450,A Lifelike Fairy Tale,['Drama'],A homeless family’s makeshift home is threatened when the rightful owner returns to reclaim it.,2025-03-14,/A221EsORGOZntgIzn8iYdicVgdC.jpg,0.0
1437979,Prisoners of Fire,"['Documentary', 'Drama']","June 26,1990, the Dude Fire rages across Zane Gray country in the towering ponderosa forests below the Mogollon Rim in Central Arizona, killing five prison crew members and a female supervisor on her first fire. Follow along with the survivors and firefighters as they share their experience as inmate firefighters and their harrowing story of courage, loss and redemption.",2025-03-14,/cH9GPeakTbqyssUmOhlB7WEeK48.jpg,0.0
1439254,Terre Rouge - Topographie du poète,[],"Gaston Rollinger, an elderly poet and film-maker, lives alone in his childhood home in the astonishing landscape of Esch-sur-Alzette, a very special place where industrial relics meet wild nature. He draws all his inspiration from this place, and tells Fränz Hausemer many of his secrets, even though some of his landmarks are gradually beginning to disappear. This portrait of a singular man is interspersed with spellbinding pieces, the contours of which are drawn from Rollinger’s own poetry.",2025-03-14,/YR5MywFwR7DdzBeNMmfdt8WEbC.jpg,0.0
1440087,Скрити в мрака,['Horror'],,2025-03-14,/2kjoayUhf8Uta1GmIiuGTSkGICS.jpg,0.0
1439614,Cinextdoor presentéiert: Marginal,['Drama'],"Luxembourg, beginning of the 20th century . A judge and a brigadier investigate difficult crimes which will lead them to explore the margins of a society in full transformation where victims and executioners merge.",2025-03-14,/4zQTMjKjAdB76HnHhp6RxgomD1u.jpg,0.0
1439459,Mindscapes,[],"The canvas of the mind, where an artist's inner visions and emotions are painted into existence.",2025-03-14,/oxh8f0IdxjeiaG0MGTH5PzRB1vL.jpg,0.0
1442538,Elevator Lady,['Romance'],An elevator lady who uses her body to earn more money. She falls for a wealthy married man without her knowing that this will soon lead to her downfall.,2025-03-14,/4Q0eicxd5fq9llcoY2Mf8uUEE5r.jpg,0.0
1443002,Maadan Kodai Vizha,['Drama'],"Determined to revive a long-forgotten tradition, Murugan embarks on a mission to organize the annual Sudalai Madan ceremony, which has been defunct for years. However, his efforts are met with fierce resistance from various quarters.  Adding to the challenge, Murugan's girlfriend lays down an ultimatum: she will only marry him if he succeeds in pulling off the ceremony. Against all odds, Murugan perseveres, rallying the village community to support his cause. Will he triumph in his quest, and how will he overcome the hurdles to successfully organize the ceremony?",2025-03-14,/4WlEM39rC5glXBuGsm5ApqXjbzd.jpg,0.0
1423299,Mother at Sixty,[],An accomplished single mother's grand retirement plans fall flat as decades-long familial sentiments come to the fore.,2025-03-14,,0.0
1443907,"We'll Laugh in the End, No Matter What",['Documentary'],Documentary about Leelo Tungal.,2025-03-14,/13dDu0bsvguXyk8gJj0jiODTqES.jpg,0.0
1444253,You're on Your Own,['Music'],"A woman reflects on her wedding decision, lost in thought as she unwinds in a warm, candlelit bath. - Lyric video for Alicia Rose's ""You're on Your Own""",2025-03-14,/tq122o6f4gX8zvZdOmUKbfUDUG2.jpg,0.0
1013482,Borderline,"['Thriller', 'Comedy', 'Horror']",A helplessly romantic sociopath escapes from a mental institution and invades the home of a '90s pop superstar. He just wants to be loved; she just wants to survive.,2025-03-14,/z2yAWt1aAvhxap9mdjlQhXiEJT4.jpg,6.1
447273,Snow White,"['Family', 'Fantasy']","A beautiful girl, Snow White, takes refuge in the forest in the house of seven dwarfs to hide from her stepmother, the wicked Queen. The Queen is jealous because she wants to be known as 'the fairest in the land', and Snow White's beauty surpasses her own.",2025-03-19,/xWWg47tTfparvjK0WJNX4xL8lW2.jpg,2.0
1444744,Konjam Kadhal Konjam Modhal,"['Romance', 'Comedy']","the Story Revolves Around a Young Man and a Young Woman, Who Pretend to Be Rich in Order to Impress Each Other. According to Them, Money is the Key to Happiness. But, One Day They Find Out That Neither of Them is  Rich. This Bitter Truth Makes Them Feel Disappointed and They Are Parted. Later, They Meet an Elderly Couple Who Share Selfless Love With One Another. The Husband Lives for the Wife and the Wife Lives for the Husband. Their Deep and True Love Impacts the Young Couple. The Conclusion of the Story is Marked by the Profound Transformation in the Young Couple's Mindset, Inspired by the Old Couple's Enduring Love.",2025-03-14,/4Krf4LofZhh6naXxqTczXmQsDic.jpg,0.0
1444425,Six Each,"['Crime', 'Drama']","A student in Canada faces charges in her husband's death after allegedly deceiving him for visa purposes, highlighting immigrant families' desperate pursuit of opportunities.",2025-03-14,/nYHk4K1mDWPYMK7C52DSkfoG98X.jpg,0.0
1286663,Control Freak,['Horror'],"A motivational speaker, plagued by an uncontrollable itch on her head, becomes infected with a parasitic demon from her homeland.",2025-03-13,/kmQb07CrOddVGV0Q73aeU4e8I18.jpg,6.4
1241982,Moana 2,"['Animation', 'Adventure', 'Family', 'Comedy']","After receiving an unexpected call from her wayfinding ancestors, Moana journeys alongside Maui and a new crew to the far seas of Oceania and into dangerous, long-lost waters for an adventure unlike anything she's ever faced.",2024-11-21,/aLVkiINlIeCkcZIzb7XHzPYgO6L.jpg,7.1
823219,Flow,"['Animation', 'Fantasy', 'Adventure']","A solitary cat, displaced by a great flood, finds refuge on a boat with various species and must navigate the challenges of adapting to a transformed world together.",2024-08-29,/imKSymKBK7o73sajciEmndJoVkR.jpg,8.275
1165393,Persona,"['Crime', 'Drama', 'Thriller']",A talented young impersonator falls for a mysterious stranger and is slowly lured into assuming the identity of a missing ivy-league student.,2025-03-14,/6U7RT5qp97DZhPD5ldAYHFYeggE.jpg,0.0
1233575,Black Bag,['Thriller'],"When his beloved wife is suspected of betraying the nation, an intelligence agent faces the ultimate test – loyalty to his marriage or his country.",2025-03-12,/vcYrQ94y8L2qxEfQgTLVbtmppcn.jpg,6.6
762509,Mufasa: The Lion King,"['Adventure', 'Family', 'Animation']","Mufasa, a cub lost and alone, meets a sympathetic lion named Taka, the heir to a royal bloodline. The chance meeting sets in motion an expansive journey of a group of misfits searching for their destiny.",2024-12-18,/lurEK87kukWNaHd0zYnsi3yzJrs.jpg,7.5
1442200,Revolució 304,"['Documentary', 'TV Movie']",,2025-03-18,,0.0
1439804,Spider in the Cupboard,"['Horror', 'Thriller']","SMILE, YOU'RE ON CAMERA...
 Jen is a crisis hotline volunteer, using the service to cope with losing her sister at a young age. Little does she know, a former caller has beensecretly living in her apartment, recording her every move with a home video camera. Jen is sent into a spiral by thecombination ofJohn Doe's subtle
 maniuplations and the apathy of Jen's loved ones, namely Harry.",2025-03-18,/9lKBcNmWdSbODDuF6TBO6UZvAyL.jpg,0.0
1437920,Centered: Joe Lieberman,['Documentary'],"In a time of deep political division, Centered: Joe Lieberman chronicles the remarkable career of Joe Lieberman, a principled and bipartisan politician who navigated the tumultuous world of American politics with unwavering integrity, offering timely lessons on the power of collaboration and leadership beyond party lines.",2025-03-18,/pGeRaZEmOo46DhgRePw4uAUSnkJ.jpg,0.0
1437701,Leaving Neverland 2: Surviving Michael Jackson,['Documentary'],"Explores the personal toll on James Safechuck and Wade Robson after they went public with accusations against pop icon Michael Jackson. The two men continue to seek justice as they face backlash from his global army of fans. With exclusive access to court hearings, the film shows the extent to which the Jackson estate has fought to prevent Robson and Safechuck from having their day in court.",2025-03-18,,0.0
1437446,The Twister: Caught in the Storm,['Documentary'],"In May 2011, a massive tornado ripped through Joplin, Missouri. With pulse-pounding firsthand footage, this documentary goes inside a deadly twister.",2025-03-18,/hTc26KBDyPTLRyPQxFupfXWx5L4.jpg,0.0
898271,"Something Old, Something New, Something Borrowed",['Drama'],"A working-class family in Buenos Aires runs an underground sports betting operation, which becomes matriarchal after the father's death.",2025-03-19,/thz7YtbeigHazKeDkmD3QyxQlBv.jpg,0.0
1417181,Dawn of Impressionism: Paris 1874,['Documentary'],"The Impressionists are the most popular group in art history – millions flock every year to marvel at their masterpieces. But, to begin with, they were scorned, penniless outsiders. 1874 was the year that changed everything; the first Impressionists, “hungry for independence”, broke the mould by holding their own exhibition outside official channels. Impressionism was born and the art world was changed forever.  What led to that first groundbreaking show 150 years ago? Who were the maverick personalities that wielded their brushes in such a radical and provocative way? The spectacular Musée d’Orsay exhibition brings fresh eyes to this extraordinary tale of passion and rebellion. The story is told not by historians and curators but in the words of those who witnessed the dawn of Impressionism: the artists, press and people of Paris, 1874.",2025-03-18,/lSU85MrxOtlrvtiRlI9GTPBGiwK.jpg,0.0
1204967,USAH: Uncommon Stories of American Horror,['Documentary'],"27 real-life stories of American horror are told by a mysterious narrator, who draws inspiration from some famous paintings of American art displayed in an ancient abbey.",2025-03-18,/FDGnXfWwRJETNa0TP4xq2Sjt5k.jpg,0.0
675776,Persona,"['Thriller', 'Horror']",An Actress finds herself in a complex puzzle of Personas when someone unexpected arrives to take her place.,2025-03-18,,0.0
1445832,RÉVEILLON 2024 OU: O Cine-Monstro da Virada,['Documentary'],"A group of friends gathers to celebrate the end of 2023 and the beginning of 2024. Captured through a cellphone camera, the film showcases their various interactions while highlighting the artistic and cultural influences that shape their lives.",2025-03-15,/oU2KYmd6CxTLwOtkVMa80962Df6.jpg,0.0
1445721,Konosuba: God's Blessing on This Wonderful World! 3: Bonus Stage,"['Animation', 'Comedy', 'Fantasy', 'Adventure']",Two new original video anime episodes of Kono Subarashii Sekai ni Shukufuku wo!.,2025-03-14,/sAwRXMgDT4g1heFHNeKLsrBdHXN.jpg,0.0
1445713,The Vietnamese Concert Film,"['Documentary', 'Music']","A documentary film about the 13th-anniversary music event of singer-artist Hoàng Thùy Linh. The film offers audiences an intimate look into the artist's creative process, training journey, and behind-the-scenes moments of the Vietnamese Concert Film: Chúng ta là người Việt Nam. Behind the explosive performances and flawless on-stage visuals lies the relentless effort of the entire team.",2025-03-14,/A08FQ9gluhh8e8MdsdcfbOX6xwn.jpg,0.0
1195506,Novocaine,"['Action', 'Comedy', 'Thriller']","When the girl of his dreams is kidnapped, everyman Nate turns his inability to feel pain into an unexpected strength in his fight to get her back.",2025-03-12,/xEXDIJFenYgRwpsJs1mx6hr1DKy.jpg,7.6
823219,Flow,"['Animation', 'Fantasy', 'Adventure']","A solitary cat, displaced by a great flood, finds refuge on a boat with various species and must navigate the challenges of adapting to a transformed world together.",2024-08-29,/imKSymKBK7o73sajciEmndJoVkR.jpg,8.275
1202479,Opus,"['Thriller', 'Mystery', 'Horror']","A young writer is invited to the remote compound of a legendary pop star who mysteriously disappeared thirty years ago. Surrounded by the star's cult of sycophants and intoxicated journalists, she finds herself in the middle of his twisted plan.",2025-03-13,/m0du9dsiOVeb0SgfqR8ZAEPRxww.jpg,5.7
939243,Sonic the Hedgehog 3,"['Action', 'Science Fiction', 'Comedy', 'Family', 'Adventure', 'Fantasy']","Sonic, Knuckles, and Tails reunite against a powerful new adversary, Shadow, a mysterious villain with powers unlike anything they have faced before. With their abilities outmatched in every way, Team Sonic must seek out an unlikely alliance in hopes of stopping Shadow and protecting the planet.",2024-12-19,/d8Ryb8AunYAuycVKDp5HpdWPKgC.jpg,7.7
1064213,Anora,"['Drama', 'Comedy', 'Romance']","A young sex worker from Brooklyn gets her chance at a Cinderella story when she meets and impulsively marries the son of an oligarch. Once the news reaches Russia, her fairytale is threatened as his parents set out to get the marriage annulled.",2024-10-14,/qh8m8Udz0sCa5gy9VaqfHPh0yPM.jpg,7.1
850920,The Parenting,"['Horror', 'Comedy']","Boyfriends Josh and Rohan plan a weekend getaway to introduce their parents, only to discover that their rental is home to a 400-year-old poltergeist.",2025-03-12,/5lMu14IMuHo0hKYCwCIogt7IioX.jpg,5.9
1171153,Köln 75,['Drama'],"Behind one of the best-selling jazz records of all time, Keith Jarrett’s 1975 Köln Concert, how it almost didn’t happen, and how one formidable German teenager, Vera Brandes, breaks every boundary to set the conditions for the creation of a masterpiece. Vera, still in high school when she started producing and promoting music concerts in Cologne, puts everything on the line to put on this show. But Vera believes in the power of music, and she’s never seen anyone play like Keith Jarrett before.",2025-03-13,/6ZvdCexhNarRsZVDShialfsK5lf.jpg,7.3
1043808,Vitória,['Drama'],"Inspired by a real woman, who filmed for two years, hidden, the routine of drug dealers on Ladeira dos Tabajaras, in Copacabana, in 2004. At the time, the material was passed on to the police, who opened an investigation and carried out an operation that resulted in in the arrest of more than 30 people, including military police involved with the gang.",2025-03-13,/1vaNd9slpCnKhhbaeS5jxQK1vby.jpg,8.6
822119,Captain America: Brave New World,"['Action', 'Thriller', 'Science Fiction']","After meeting with newly elected U.S. President Thaddeus Ross, Sam finds himself in the middle of an international incident. He must discover the reason behind a nefarious global plot before the true mastermind has the entire world seeing red.",2025-02-12,/pzIddUEMWhWzfvLI3TwxUG2wGoi.jpg,6.2
607141,Be Happy,"['Drama', 'Music']","A dance-drama film that follows a single father and his witty, wise-beyond-her-years daughter. When his daughter's dream of performing in the country's biggest dance reality show collides with a life-altering crisis, the father is driven to do the unthinkable, showcasing the extraordinary lengths he will go to fulfill her wishes and find happiness.",2025-03-14,/6bvW47MtJKo2ipPYJ2xDvdf4zbz.jpg,7.8
1130863,Belle,"['Thriller', 'Drama']","A couple have a peaceful existence in a small provincial town. He is a teacher and she runs an opticians practical. Their life is turned upside when Belle, a friend’s daughter who is lodging with them, is found dead in her room.  The husband becomes the prime suspect as the only one at home at the time.",2025-03-13,/5YITitG67kcHNUDJdP5XodlkTlm.jpg,7.5
1356039,Counterattack,"['Action', 'Adventure', 'Thriller']","When a hostage rescue mission creates a new enemy, Capt. Guerrero and his elite soldiers must face an ambush by a criminal group.",2025-02-27,/lI2uFlSEkwXKljqiry7coaJ6wIS.jpg,8.505
1429788,Nightmare,"['Drama', 'Horror', 'Mystery']","After moving into her family's abandoned house, horror comic artist Ilmira struggles to complete her latest work while battling financial hardship. But when eerie figures from her past stories come to life—especially the haunting Hooded Woman—her reality spirals into a nightmare, forcing her to confront a buried childhood trauma.",2025-03-13,/waEYWR595cnmkr2OXFjasgGyZGt.jpg,7.3
1429788,Nightmare,"['Drama', 'Horror', 'Mystery']","After moving into her family's abandoned house, horror comic artist Ilmira struggles to complete her latest work while battling financial hardship. But when eerie figures from her past stories come to life—especially the haunting Hooded Woman—her reality spirals into a nightmare, forcing her to confront a buried childhood trauma.",2025-03-13,/waEYWR595cnmkr2OXFjasgGyZGt.jpg,7.3
1119820,The Return from the Other Planet,['Documentary'],"In 1945, a few months after his release from Auschwitz, Yechiel De-Nur, still in his striped jacket, sat down and started writing. After two weeks, he was reborn as Ka-Tzetnik, “the man from the camps.” The books that he wrote were translated into 32 languages and sold millions, while the author himself hid behind the pseudonym Ka-Tzetnik. At the trial of Adolf Eichmann in 1961 his revelatory testimony revealed his true identity as he described Auschwitz as “the other planet,” a place outside of human judgment. Years later, undergoing an experimental LSD treatment for trauma, he revisits his experience, imagining himself as a SS officer, and that changes everything.",2025-03-13,/qaOhBUAJVpFl8zSCXX1qySsydcI.jpg,7.0
1353002,What We Wrote Together,"['Drama', 'Romance']","Mariano and Juan have been dating for several years; they have a dog and a quiet life. Mariano always wanted to have a small plant nursery away from the city and now that Juan’s work as a writer is more established due to the success of his latest novel, they decide to make that change. While they adjust to their new space and their new routines, they receive a visit from Juan's best friend, who has news to tell them.",2025-03-13,/vIZuwXUvgUPfZFYYduXyJkQ71Ld.jpg,8.0
1438502,Kozha: New adventure,"['Family', 'Adventure']",Coming soon,2025-03-13,/h8mgMiUTpvLpZyresQO8uRXB4RG.jpg,0.0
1127648,Bonjour Tristesse,"['Romance', 'Drama']","At the height of summer, 18-year-old Cécile (Lily McInerny) is relaxing by the French seaside with her father (Claes Bang) and falling in love with her new boyfriend. The arrival of her late mother’s enigmatic friend (Chloë Sevigny) turns her world upside down. A modern take on Françoise Sagan’s unforgettable coming-of-age novel. A Toronto International Film Festival premiere.",2025-03-13,/1yYSUbWs11mjl0s7bjRH8gywKQS.jpg,7.2
1317096,Mulu Nakru,"['Horror', 'Drama']","May, a young architect who has just moved into her new house in the suburbs with her boyfriend Gun, got news of the death of her stepmother, Po. Only Noon, Po's daughter, testifies that someone killed her mother, however, there does not appear to be any clear evidence.  After May decided to take care Noon at her house, Noon has abnormal symptoms as if she had been possessed by a ghost. Whereas May herself, she began to have inability to sleep cause her illness. Gun then asked Chok, Sak and Master Khom to help.  Master Khom immediately realized that there were “black magic” from the past inside her house, he asked all to find the source of this evil. There is a misfortune in the past related to the The Master's Facial Skin which was removed by Master Jong who is another disciple from his same sect was the source of all these horrifying stories.",2025-03-13,/y1aTtWkMjgKgkNa6Zxs3kmxje21.jpg,6.2
1435766,Dans l'Ombre de Marlow,"['Western', 'Adventure']",,2025-03-13,/3fYi5YpnIWftnhkmoHIvFPYDzHw.jpg,0.0
1428262,Mystery Island: Winner Takes All,"['Mystery', 'TV Movie']","Mystery Island hosts contest winners vying to solve a fake murder for a grand prize, but the event goes awry when an employee is murdered, and secrets are uncovered.",2025-03-13,/gYdmNz3HT22vimRdwVCmhKBSLZV.jpg,5.0
1376834,There is a Hausen Everywhere,['Comedy'],"What happens when seven women meet in one place for a week? Refreshingly unorthodox, THERE IS A HAUSEN EVERYWHERE addresses the fundamental questions of the present. Can we accept other people as they are and as they live? What is perception and what is reality? And when we talk about truth, what do we mean? In this comedy that plays with the absurdities of everyday life, the seminar community in Hausen becomes a microcosmic image of society.",2025-03-13,/l3cHgCZxdoSyF7Vd45HdwjreXot.jpg,0.0
1384565,Anjila,['Drama'],"The film draws inspiration from the life of Anjila Tumbapo Subba, the goalkeeper of the Nepal women’s national football team. Anjila herself is in the lead role, sharing the screen with actors Dayahang Rai, Miruna Magar, Srijana Subba and others.",2025-03-13,/nnJl15h9biAgCpZ6gYFof0KMD4E.jpg,0.0
1216571,June and John,"['Romance', 'Thriller']","The story of John, a man who leads an ordinary life with a monotonous routine. His existence flows away dull, and he himself makes no effort to change anything; on the contrary, he does everything to continue being an ordinary man.  One day John runs into a woman on the subway who is as beautiful as she is mysterious named June. His encounter with her finally leads him to have a goal in his bumptious life: to love June to the end of his days and at any cost.",2025-03-13,/fuGPUHzYq4ssMPBM2Gn8X9QKqCr.jpg,0.0
1400932,Youth Eternal,['Drama'],A coming of age story about a group of millennials who start to face their self-destructive tendencies as they each head straight into their crisis of thirtysomethings.,2025-03-13,/zSXPnFB68yEokjRf4Ss2Y5F6toZ.jpg,0.0
1404172,Sandbag Dam,['Drama'],"A story about a forbidden love set in a village threatened by swollen rivers. Upon his return home for his father’s funeral, Slaven revives his relationship with his childhood friend, a young sportsman named Marko, his teenage love, and the reason his father kicked him out of the house. Now tempted to reunite, they need to make peace with their own decisions and struggle against the family restraints.",2025-03-13,/3jwR4NtikY53SO5agejuEYEzoh3.jpg,0.0
1412392,Samar: Diam Atau Mati,[],Horror film about the negative impact of bullying in public schools,2025-03-13,,0.0
1077281,Couples to Hell,"['Fantasy', 'Horror']","A couple is kidnapped by a serial killer on their first anniversary. The kidnapper forces the couple to play a twisted game of rock paper scissors. Hyunsoo encounters a lady who looks very similar to his favorite adult streamer while delivering food to her. He gradually begins to believe that the lady is indeed the streamer and tries to contact her. Sumi needs to buy a luxury bag for her boyfriend’s birthday. But the bag is too expensive for her to purchase. So, she makes a unique trade with a wizard. Ji-Eun, who lives with her ill boyfriend, goes out every night but her daily life collapses when she brings a guy she meets at a jazz bar to her house.",2025-03-13,/djnHdHdwiLGYYuUydOSykpp8kdl.jpg,0.0
1421001,The Last Birthday,"['Drama', 'Thriller']","A large family gather to celebrate a birthday. It would seem like a great reason to get together. But the family is just a project of one of the ""brothers"" — an experienced psychologist who is conducting an experiment to create a ""happiness formula"". He believes that manipulating others, their emotions and desires, will make them happy. However, love interferes with the mathematical calculations, which can neither be calculated nor predicted.",2025-03-13,/zUjWFRvBJJkCezXzmIfj1dha34P.jpg,0.0
1422081,Sterben ohne Gott,['Documentary'],,2025-03-13,/mYMtn4ptf5YyoghgTgz2ER1TKTV.jpg,0.0
1422072,"Der Prank - April, April!",[],"A failed April Fool's joke by twelve-year-old Chinese guest student Xi Zhōu turns the lives of Lucas, who is the same age, and his family upside down.",2025-03-13,/iJt8QQbR0591KG6XmCXUYm3du7b.jpg,0.0
1429784,Singsot: Siulan Kematian,['Horror'],"A kid defies the ancient taboo of whistling at dusk, unleashing a sinister terror tied to a cursed figure who made the same mistake. Bound by an inescapable curse, he’s thrust into a deadly race against time—because if he fails, the nightmare will become his new reality.",2025-03-13,/llZca2miwygKwuyWUpyONCL6VAR.jpg,0.0
1434414,Available Light,['Documentary'],"The film explores notions of home and belonging in contemporary society. Comprising interviews with workers at the Edo Tokyo Open Air Architecture Museum in Tokyo, and fragments of conversations with renters in that city and London, a productive dialectic opens between the museum’s preserved historical ideal of the domestic and the often unsettling realities of temporary accommodation in modern cities. Combining trademark immersive sound design with impressionistic images and abstractions, Quaintance crafts an austere, oneiric and subtly affecting portrait of residential precarity.",2025-03-13,,0.0
1434291,The Long Run,"['Drama', 'Comedy']","When two oddball strangers leave their lives behind to chase their Hollywood dreams, they discover that what they lack in talent, they make up for with determination and a shared delusion, leading to an unexpected friendship that will make them question the realities of chasing a dream.",2025-03-13,/n28AFdpqhKO5nt64QHQxClxUP4c.jpg,0.0
1432795,"Luv Ya, Bum!",['Documentary'],"In the ’70s, Houston was booming... except for the city’s woeful pro football team. The Oilers gambled on hiring Bum Phillips, an unconventional East Texas coach known for cowboy hats, ostrich boots, and folksy one-liners. Ditching tradition and embracing a family-first atmosphere, Bum brought in 'misfits' and 'has-beens' to build a winner. At its peak, Bum’s Oilers blew up into the Luv Ya Blue!’ phenomenon, with Earl Campbell and the Oilers going to war with a Pittsburgh Steelers dynasty. Bum’s success on and off the field, his humanity and unique style left a legacy now carried forward by many, including his son and grandson, celebrated coaches Wade and Wes Phillips.",2025-03-13,/hYeDwEi3HIooPNXRdaBYjli59tW.jpg,0.0
1435275,24 Hours of Grace,['Documentary'],"Grammy-nominated electronic artist ZHU is running out of time. Having bursted out of the dance scene in 2014 with his hit “Faded”, he finds himself a decade later at a musical crossroad. Steadily touring worldwide on the biggest stages with his band, he returns to San Francisco, a place where he grew up, to record his fourth studio album “Grace”. Inside this gothic cathedral, ZHU and his collaborators finish composing songs which are performed for an audience later that night.",2025-03-13,,0.0
1437438,Once Upon a Time in School 2: The Last Guardian,[],"Grandfather knows more than you can imagine, but no secret stays in the shadows forever. Dark clouds are gathering over the school, it's time to find out who will be the hero of this story...",2025-03-13,/iHOgzKgdg8yKMTCz6IN47r1jzhv.jpg,0.0
1437237,Gioco pericoloso,"['Thriller', 'Drama']","Giada and Carlo are a couple with great complicity and intimacy, while each of them pursues their own career with determination.
 The young and ambitious Peter fascinates Carlo, who introduces him to the family. However, when Giada sees Peter, she has an unexpected reaction and tries in every way to remove him from their home: he could bring out some unspeakable secret from her past.
 And yet, the truth always finds a way to come out.",2025-03-13,/xQbyabXxKAS44yXb5BcNmInre5e.jpg,0.0
1438696,Laia,['Comedy'],"Laia needs help, so she decides to gather four mysterious characters for a meeting that quickly spirals out of control.",2025-03-13,/tVLDSmIbXzqhUJfHFdzPOgINFF0.jpg,0.0
1438546,Angler,[],"Following the recent death of her sister Ivy, Violet cleans out Ivy’s apartment with the hope of finding some peace. She gets more than she bargained for when a mysterious camera reveals to Violet that Ivy’s troubles were more complicated than they initially appeared, suggesting that someone…or something… may have been behind her untimely end.",2025-03-13,/c21YwjiFsVP0xYw6kx1msNmBRMX.jpg,0.0
1438208,Blind Vacation,"['Comedy', 'Romance']","In the center of the plot is the story of a successful Kyiv businesswoman, who is respected by the management and hated by the entire team. So, to get a little rest from shefini, her subordinates send her on a forced vacation: to the top of the Ukrainian Carpathians. There, the heroine is waiting for a lot of surprises, adventures and unexpected acquaintances. This vacation turns the characters ' lives upside down and changes everything forever.",2025-03-13,/rj6DNIRuhJvuP1cLA31NYtmLZGo.jpg,0.0
1440639,Last will,"['Comedy', 'Family']",A wealthy family gathers for the reading of Eduardo Tejada's will,2025-03-13,/3xhwYGdZxnoI5JELuLZKs7TB1kd.jpg,0.0
1442764,Epílogo,['Drama'],"A young man runs to try to get on the bus, he can't catch it so he has to wait for the next one; while he waits a girl accompanies him at the bus stop.",2025-03-13,/ArCT2H6t1XnbNJDnzOoaD5Nf9bk.jpg,0.0
1442388,Bukan Jodoh Biasa Nih,"['Drama', 'Comedy', 'Romance']","Tells the story of Richard, Jonggi and Lingga, three miskom students who are trying to overcome routine financial problems. Of the many solution options that they often debated, they finally came up with one method that made Richard and his friends take a desperate path. Serve Mr. Brandon's challenge to get a hidden secret box in exchange for money and the heart of his daughter, Marsya.",2025-03-13,/vwQBsapRSSKuGefT2W3qXIrt56v.jpg,0.0
1442386,Uwentira: Kota Jin,['Horror'],"A woman named Dewi visited the city of Palu to look for Salena, her acquaintance. When she arrived at the village, Tiara, her friend, welcomed Dewi warmly. However, Tiara's expression turned cold for a split second when Dewi said the word ""Uwentira"". Tiara's panic increased when she slowly realized the strange behavior of her old friend. A few seconds later, Tiara was sure that the Goddess in front of her now was not the Goddess she knew.",2025-03-13,/1ejZLOpStxnw2RhtlxNHuQ9bJoa.jpg,0.0
1269298,The Fulcrum,"['Drama', 'Romance']","A successful film artist plans to go to his hometown for his sister’s wedding, accompanied by a movie star. With his arrival, he is going to humiliate his hated fiancé, the fat man and the slacker Shurik. But a quarrel with the actress ruins not only all his plans, but also radically changes his life. A true story of a selfish macho's reassessment of values.",2025-03-13,/sYOnVTrE5JbBTfsRcaagKLV5Nc4.jpg,0.0
1271724,Man and Woman,['Drama'],"Poignant stories about men and women who have linked their lives — some for years, some for an hour, some for five minutes. Life stories that sound at home in the kitchen, in a compartment with strangers, in a taxi, or left in a notebook as a memory, because if the feelings are real, sincere, then it's forever. Moments of strange encounters and bitter breakups, in which you can see something familiar.",2025-03-13,/xqGlDndf1K0CnB6xrXirIjimYbt.jpg,0.0
1443663,Os Infanticidas,['Comedy'],,2025-03-13,/bDfpGgNuPOspTBKwjjcm88eBpDI.jpg,0.0
1443487,Малай,['Comedy'],"The young rich kid, Chyna, got carried away with his glamorous lifestyle and decided that he could do anything he wanted. Desperate to set his son straight, his oligarch father takes extreme measures. Together with an eccentric psychologist, he devises a unique project: somewhere in the steppe, they recreate the atmosphere of a 19th-century Kazakh village. Chyna ends up in this village, believing he has traveled back in time.",2025-03-13,/5oCOv4RHG2ekybDL1uWf7xW9AvV.jpg,0.0
1443470,Moiras,"['Drama', 'Comedy']",Three friends recall how the little details of their lives brought about their friendship.,2025-03-13,/ipOozs8Q5py5zqMJFZM78m2CGDi.jpg,0.0
1443387,The Goals of August,['Documentary'],"A kaleidoscope of events, incidents, and moments from the everyday life of a village in the southern Pindos mountains. during an impromptu football tournament. The documentary aims to create, through observation, an ""impressionistic"" portrait of a small community in its summer aliveness. A portrait with light and shadows, charming and sometimes frightening, which, despite its contradictions is above all unexpectedly alive and genuine.",2025-03-13,/enmkYMW7iDB3EM6c9HB3LFjdLDY.jpg,0.0
244786,Whiplash,"['Drama', 'Music']","Under the direction of a ruthless instructor, a talented young drummer begins to pursue perfection at any cost, even his humanity.",2014-10-10,/7fn624j5lj3xTme2SgiLCeuedmO.jpg,8.375
1255192,Funmilayo Ransome-Kuti,"['Drama', 'Romance']","Many have heard of Fela Anikulapo-Kuti, the legendary artist from the 70s and 80s. But some may not know that his mother Funmilayo Ransome-Kuti was also a legend in her own right, as a women's rights activist unabashedly pushing for equality in Nigeria at a time when people weren't having those conversations. ""Funmilayo Ransome-Kuti"" the film emerges as a new vivid exploration of Ransome-Kuti's journey. From growing up and learning about the importance of education, to her groundbreaking step in becoming the first girl to attend Abeokuta Grammar School at just 13, going to London and then becoming emboldened to return to Nigeria to step into her role as an educator and organizer.",2025-03-13,/2oxvgNFBLEKw2yBK0yMPHm7hKB3.jpg,0.0
1138194,Heretic,"['Horror', 'Thriller']","Two young missionaries are forced to prove their faith when they knock on the wrong door and are greeted by a diabolical Mr. Reed, becoming ensnared in his deadly game of cat-and-mouse.",2024-10-31,/fr96XzlzsONrQrGfdLMiwtQjott.jpg,7.1
1425296,"Signed, Sealed, Delivered: To The Moon And Back","['Drama', 'TV Movie', 'Mystery']","The POstables leads an investigation that takes them on the road not only to find the recipient of a lost letter, but also to track down a rock star who holds the keys.",2025-03-13,/rV4SBTZpaKYQJrv9vKiWExSACz.jpg,0.0
1084199,Companion,"['Horror', 'Science Fiction', 'Thriller']","During a weekend getaway at a secluded lakeside estate, a group of friends finds themselves entangled in a web of secrets, deception, and advanced technology. As tensions rise and loyalties are tested, they uncover unsettling truths about themselves and the world around them.",2025-01-22,/oCoTgC3UyWGfyQ9thE10ulWR7bn.jpg,7.068
122917,The Hobbit: The Battle of the Five Armies,"['Action', 'Adventure', 'Fantasy']","Immediately after the events of The Desolation of Smaug, Bilbo and the dwarves try to defend Erebor's mountain of treasure from others who claim it: the men of the ruined Laketown and the elves of Mirkwood. Meanwhile an army of Orcs led by Azog the Defiler is marching on Erebor, fueled by the rise of the dark lord Sauron. Dwarves, elves and men must unite, and the hope for Middle-Earth falls into Bilbo's hands.",2014-12-10,/xT98tLqatZPQApyRmlPL12LtiWp.jpg,7.324
1149463,Magma,['Drama'],"Katia Reiter directs the Guadeloupe Volcano Observatory. A passionate volcanologist,  she’s waved goodbye to the idea of one day fulfilling her professional dream of managing a major eruption. But she hadn’t appreciated the unpredictable nature of the Soufrière... or of young volcanologist Aimé Lubin.",2025-03-19,/gblm8Nip5NSDL8BK6mjuQB6xY8e.jpg,6.0
1353117,Rebirth: Home Sweet Home,"['Horror', 'Fantasy', 'Thriller', 'Action']","Jake is a cop thrust into an alternate realm called ‘The Hindrance’ during a deadly mall shooting. With the help of a mysterious Novice Monk, Jake must race the clock to save his wife, Prang, and stop an evil occultist, Mek, from opening the Gates of Hell.",2025-03-20,/hqRX1XJCeE4dz4kaTQVvVJoSwPa.jpg,0.0
228150,Fury,"['War', 'Drama', 'Action']","In the last months of World War II, as the Allies make their final push in the European theatre, a battle-hardened U.S. Army sergeant named 'Wardaddy' commands a Sherman tank called 'Fury' and its five-man crew on a deadly mission behind enemy lines. Outnumbered and outgunned, Wardaddy and his men face overwhelming odds in their heroic attempts to strike at the heart of Nazi Germany.",2014-10-15,/pfte7wdMobMF4CVHuOxyu6oqeeA.jpg,7.538
1266809,The Safe House,"['Comedy', 'Drama']","An eccentric family portrait set during the May 1968 protests in Paris. A nine-year-old boy stays with his grandparents and uncles while his parents protest. When an illustrious guest seeks refuge in the apartment, the family’s dynamics change.",2025-03-19,/r9xf19feljoQSQrTFmcrikID4Kq.jpg,4.0
1262495,Sariri,['Drama'],"In La Lágrima, a desertic mining lost town, women live under the strict rules of patriarchy. Dina (16), pressed by an unwanted pregnancy, plans to escape. But when she finds out her sister Sariri (11), has to initiate womanhood after the arrival of her menarche, she’ll have to decide if they’ll escape together through the desert.",2025-03-19,/7jij0dVQBagcXboNr3M9FQRwcxn.jpg,0.0
898271,"Something Old, Something New, Something Borrowed",['Drama'],"A working-class family in Buenos Aires runs an underground sports betting operation, which becomes matriarchal after the father's death.",2025-03-19,/thz7YtbeigHazKeDkmD3QyxQlBv.jpg,0.0
1445168,I Exist,[],A group of young LGBT+ people from Central Africa talk about their living conditions and their hopes.,2025-03-19,/gjYD2D41kQdIYhi91fqo7M6BhM.jpg,0.0
1442918,Wild Strawberries,['Drama'],"Overworked New York architect Daphne Bello arrives in the Rhodope Mountains to inherit the abandoned house of her grandmother, a woman she never knew, who recently passed away at the age of 102. As she searches for the truth about her long-deceased Bulgarian father, Daphne clashes with her eccentric local cousin Orlin, who is eager to rid her of the supposedly worthless property—while keeping secret the unique mineral spring flowing beneath it. Unraveling the dramatic history of her father’s lineage, still alive in the memories of the village elders, Daphne discovers an unexpected opportunity to rediscover herself.",2025-03-19,,0.0
1107215,"My Mom, God and Sylvie Vartan","['Drama', 'Comedy']","In 1963, Esther gives birth to Roland, the youngest of a large family. Roland is born with a club foot that prevents him from standing. Against everyone's advice, she promises her son that he will walk like the others and that he will have a fabulous life. From then on, Esther will do everything in her power to keep this promise. Through decades of trials and miracles of life, this film is the story of a true, funny and moving story, that of an incredible destiny and the greatest love there is: that of a mother for her child.",2025-03-19,/dEgMMaftc2u020Go8WtOFdRePqV.jpg,0.0
1442431,Legítimo,['Documentary'],,2025-03-19,/7WqrPjiyPCUUji4GdQII0LVLCr0.jpg,0.0
1441967,The Ox Road,['Documentary'],"Prince Joachim and author Steffen Jacobsen are on a hike through Jutland, bringing with them their own life stories. A beautiful nature film with a words of wisdom along the way.",2025-03-19,,0.0
1441966,Take the Money and Run,['Documentary'],The (art)work of a genius or simple theft? Artist Jens Haaning made headlines around the world when he pocketed a fortune in protest against the conditions of the art world - and exhibited his action as a work of art.,2025-03-19,,0.0
1439004,L'échappée belle,[],,2025-03-19,/3DWbq68yv17gqQsTHEm8YMJRfOj.jpg,0.0
1437603,3 Days,['Drama'],,2025-03-19,/sWk86BWKlnum8YfkQx6yb4aMTwE.jpg,0.0
1434009,We Live Here,['Documentary'],"The film takes place in the desolate Kazakh steppe, on the grounds of a former nuclear testing site, where two ecologists conduct research to identify radioactive areas unfit for habitation. Nearby, an eyewitness to the nuclear tests writes down his personal memories, while his son struggles to save his sick daughter. Through the intimate story of three generations of one family, the film reflects on humanity's collective history and the dire situation facing our future. The steppe serves as a metaphor for our planet, now perilously close to becoming a vast nuclear wasteland.",2025-03-19,/uXhG2CGyP2hIUXoD7Yh0sl5uXft.jpg,0.0
1432534,Carmen & Bolude,"['Comedy', 'Romance', 'Drama']","Best friends Carmen and Bolude must travel from NYC to Sydney, Australia, where they have ten days to collect 100 'welcomes' so that Bolude's traditional Nigerian father will agree to let her marry an Australian.",2025-03-19,/tsWstW00hFHNaRxqROaJd7VDiXp.jpg,0.0
1432534,Carmen & Bolude,"['Comedy', 'Romance', 'Drama']","Best friends Carmen and Bolude must travel from NYC to Sydney, Australia, where they have ten days to collect 100 'welcomes' so that Bolude's traditional Nigerian father will agree to let her marry an Australian.",2025-03-19,/tsWstW00hFHNaRxqROaJd7VDiXp.jpg,0.0
1432098,Women's Gukgeuk: Enduring on the Edge of Time,['Documentary'],,2025-03-19,/oS54iVHVgkJeMI1fPd7R9DDOsH2.jpg,0.0
1235619,Les Bodin’s partent en vrille,['Comedy'],,2025-03-19,/tD95KrPB7jgJaL5m5UWooT7FCQS.jpg,0.0
1425373,The Golden Spurtle,['Documentary'],"In a quaint Scottish village in the Highlands, contenders from around the globe gather to compete for the title of World Porridge Champion armed only with oats, salt and water. As the ailing Porridge Chieftain's tenure ends, he embarks on a mission to find a successor. Amidst intense rivalries and the charm of eccentric locals, this documentary delves into the legacy of the village and unveils a captivating culinary spectacle.",2025-03-19,/aCpSUhDhvl2OAeGjwQIpdaufxWl.jpg,0.0
1425370,The Castle,['Documentary'],"In an isolated neighborhood of Palermo, three kids turn an abandoned building into a secret shelter. Here they can escape the violence of the outside world and share their dreams.",2025-03-19,/xSLhU5fGom6ahUBQHUVyRShTF5i.jpg,0.0
1425366,Witch,['Documentary'],"Danish author and self-proclaimed witch Andrea Hejlskov invites us into her personal universe of divination, spirituality and nature motifs from Nordic mythology. After 10 years in the wilderness, she finds herself in the middle of the crisis of her life.",2025-03-19,/2yJbK0JqsNLXVHkW6qKUrDr0I9j.jpg,0.0
1328767,Argoat,['Documentary'],,2025-03-19,/A5Ct2Ndped8jMpltMtPUxnBARvH.jpg,8.0
1418780,The First Soul : Song Written Again,"['Drama', 'Music']",,2025-03-19,/54gbLstKHuJ6XzxBiMlMfGjKMTf.jpg,0.0
1415669,Sanatorium,['Documentary'],"Despite a war raging close by, mud treatments and electroshock therapies continue at Kuyalnik Sanatorium, an enormous 1970s brutalist building on the shores of Odesa, where a small group search for love, healing, and happiness.",2025-03-19,/384jWhv4X3dlaz79tSLzSBqlw3.jpg,0.0
1393191,"The Gardener, the Buddhist & the Spy",['Documentary'],"The Gardener, the Buddhist & the Spy is a gripping story about power struggle, failure, and the delicate balance between good and bad.",2025-03-19,/nPGbKjARq6g1ely913ZugBfzxhC.jpg,0.0
1389293,Kitchen Dialogue,"['Documentary', 'Family']",A generational trauma through the lens of an Asian American teenager through food and poetry.,2025-04-19,/85s7owEd1jTM2PVuguvmgunPJJw.jpg,0.0
1198288,Ждун,"['Comedy', 'Family', 'Science Fiction']","The alien Zhdun meets a boy who came to visit his grandparents for the holidays. The boy will have to help the alien return home, and Zhdun will help his family solve all the accumulated problems.",2025-03-20,/zRvtO7YDgwYP9A7Y5u9PRqA60vv.jpg,0.0
1357797,Nemurubaka,"['Comedy', 'Drama']","The story centers on the daily life of college dorm roommates Yumi Irusu and Ruka Kujirai. Ruka, the older of the two, is constantly penniless despite her being active in a band. Irusu works part-time at a second-hand bookstore.",2025-03-20,/lChzxbD9ukm2NmXYBPb029nl1IE.jpg,0.0
1018964,I Saw Three Black Lights,['Drama'],"A wise old man embarks on his final journey, entering the Colombian jungle to find a place to die. But the paramilitary soldiers who control the area endanger his peaceful transition to the realm of the dead.",2025-03-19,/uslJnaz5cOdPvdsvMr7o2ZpMwBL.jpg,0.0
1317920,The Red Envelope,"['Action', 'Comedy', 'Crime', 'Fantasy', 'Horror', 'Mystery']","When Menn, a super-straight mugger-turned-police spy, accidentally picks up a mysterious red envelope, he is bound by a supernatural contract that forces him to wed a ghost. Fate plays an even crueler trick on him: his ""spouse"" is not only dead, but a cute and unapologetically progressive gay man named Titi.",2025-03-20,/snuY7UUVTqAJmG5hPUImKhFUTOl.jpg,0.0
1000881,Dead Man's Boots,"['Comedy', 'Fantasy']","One evening, Prosper, a loser Uber driver who still lives with his mother, picks up a dying man who has just been shot. Freaked out, Prosper gets rid of the body but not before stealing his pair of crocodile boots. As he slips them on, Prosper finds himself inhabited by the spirit of the deceased: King - a respected gangster feared by all. Split between these two opposing personalities, Prosper and King, united in one body, investigate to unmask King's killer.",2025-03-19,/jh2jVf6L1REXcvvlGdqwFoYGdqE.jpg,0.0
927342,Amaran,"['Action', 'Drama', 'Adventure', 'War']","A heroic true story of Major Mukund Varadarajan, an Indian Army officer who displayed extraordinary bravery during a counterterrorism mission in Kashmir’s Shopian district. The film captures his courage in protecting his nation and the devotion of his wife Indhu Rebecaa Varghese.",2024-10-31,/edQwd95BzHY2XaWAoUgS50A4DHT.jpg,7.424
1436269,Extra Life,[],"An experiment in filmmaking, a dream in the language of delusion...",2025-03-14,/y8i6QidVH7VQbZLZuFfzH6kh7Kj.jpg,0.0
1423093,Tafers Code,"['Comedy', 'Drama', 'Documentary']","Tafers Code follows five teenagers at the T.A.F. language school in Itaquaquecetuba, guided by the charismatic Teacher Gilmar. Each episode explores the unique challenges and strengths of the students as they discover how learning English can transform their lives. With humor, emotion, and a touch of documentary style, the series culminates in a final project that inspires not only the characters but everyone to take the first step toward a brighter future through language learning.",2025-10-14,/75JMHtf4Ob4p7gyFfiI4p3QYk7A.jpg,0.0
210577,Gone Girl,"['Mystery', 'Thriller', 'Drama']","With his wife's disappearance having become the focus of an intense media circus, a man sees the spotlight turned on him when it's suspected that he may not be innocent.",2014-10-01,/ts996lKsxvjkO2yiYG0ht4qAicO.jpg,7.889
1446308,Varunan God Of Water,"['Action', 'Drama']","In a World on the Brink of Chaos, a Seemingly Ordinary Conflict Over Water Becomes the Unexpected Catalyst for a Potential Global War. The Cutthroat Competition Between Two Groups of People Selling Water Transforms Into a Sinister Tool, Unleashing an Uncanny Tyranny Within the Rival Gangs. As the Workers Succumb to a Psychological Sin, They Evolve Into Brutal Thugs, Ultimately Leading to a Destructive Showdown That Threatens to Unravel the Fabric of a Society.",2025-03-14,/zYSi9nyG0SP70yF3kB4UJSva5pj.jpg,0.0
1446254,Temps mort: la resurrecció de Charles Thomas,['Documentary'],,2025-03-15,/yDU0nAiufYt4GGVCqGq8NqYpkzq.jpg,0.0
1446219,Phalenes,[],"Paris, city of lights, has never been so aptly well-named. In a capital suffocated by light pollution, a swarm of disoriented moths get lost and roam the alleyways. A chronic insomniac wanders under the flickering streetlamps. Feeling stalked by the moths, he tries to escape this urban maze.",2025-03-14,/gDlDP3ea0LCfDdHx8gb7ewLjN03.jpg,0.0
1446183,They Talk About Worship Here,"['Documentary', 'Music']","Poetic, dramatic, funny, MTV kids growing up on the Greek island of Corfu, Kore. Ydro. conquered the Greek indie pop/rock scene like only a few bands did, receiving both adoration and derision. The documentary follows their journey, focusing not only on the two core members but also on the importance of being special, without feeling ashamed.",2025-03-14,/o4awsEqFBnBW8Z1G0Jad08LofUo.jpg,0.0
1446174,Discordia,['Drama'],,2025-03-14,/jMxx7REMXRufzabUKcvtUMGYfZK.jpg,0.0
1446317,Focus | Short Film,['Documentary'],An average nobody explores the struggle of self-recognition through the lens of a photographer who has spent his life documenting everything.,2025-03-13,/hY7kzmwUnuHSp162fs3FGLNcyUl.jpg,0.0
1003504,We Will Go,"['Comedy', 'Drama']","Marie, an 80-year-old woman battling terminal cancer, has decided to end her life on her own terms. She embarks on a journey accompanied by her somewhat dysfunctional family and Rudy, a kind-hearted caregiver she’s just met. Unable to reveal her true intentions, Marie creates a story about an inheritance in Switzerland to convince her unreliable and distracted son Bruno, granddaughter Anna, and Rudy, to take a road trip in their old RV. But will Marie find the courage to reveal the true purpose of their journey as they approach Switzerland, and how might her family respond to the devastating truth?",2025-03-12,/lmMB37su4Nq4RipDoxBM06bqg9L.jpg,6.227
157336,Interstellar,"['Adventure', 'Drama', 'Science Fiction']",The adventures of a group of explorers who make use of a newly discovered wormhole to surpass the limitations on human space travel and conquer the vast distances involved in an interstellar voyage.,2014-11-05,/gEU2QniE6E77NI6lCU6MxlNBvIx.jpg,8.5
1184918,The Wild Robot,"['Animation', 'Science Fiction', 'Family']","After a shipwreck, an intelligent robot called Roz is stranded on an uninhabited island. To survive the harsh environment, Roz bonds with the island's animals and cares for an orphaned baby goose.",2024-09-12,/wTnV3PCVW5O92JMrFvvrRcV39RU.jpg,8.3
1127674,Forbidden City,"['Action', 'Romance', 'Drama']",In the suburbs of Rome two very different souls intersect. One is the son of a restaurant owner who disappeared with his lover. The other is a young mysterious woman who has arrived from China in search of her missing sister.,2025-03-08,/2VAU9BAx1A4L2wE63Gym2ENunOg.jpg,7.3
974576,Conclave,"['Drama', 'Thriller', 'Mystery']","After the unexpected death of the Pope, Cardinal Lawrence is tasked with managing the covert and ancient ritual of electing a new one. Sequestered in the Vatican with the Catholic Church’s most powerful leaders until the process is complete, Lawrence finds himself at the center of a conspiracy that could lead to its downfall.",2024-10-25,/m5x8D0bZ3eKqIVWZ5y7TnZ2oTVg.jpg,7.2
24428,The Avengers,"['Science Fiction', 'Action', 'Adventure']","When an unexpected enemy emerges and threatens global safety and security, Nick Fury, director of the international peacekeeping agency known as S.H.I.E.L.D., finds himself in need of a team to pull the world back from the brink of disaster. Spanning the globe, a daring recruitment effort begins!",2012-04-25,/RYMX2wcKCBAr24UyPD7xwmjaTn.jpg,7.731
205587,The Judge,['Drama'],"A successful lawyer returns to his hometown for his mother's funeral only to discover that his estranged father, the town's judge, is suspected of murder.",2014-10-08,/3K93GWotLXe4FqpErri0xkpLaD5.jpg,7.3
872585,Oppenheimer,"['Drama', 'History']",The story of J. Robert Oppenheimer's role in the development of the atomic bomb during World War II.,2023-07-19,/8Gxv8gSFCU0XGDykEGv7zR1n2ua.jpg,8.1
27205,Inception,"['Action', 'Science Fiction', 'Adventure']","Cobb, a skilled thief who commits corporate espionage by infiltrating the subconscious of his targets is offered a chance to regain his old life as payment for a task considered to be impossible: ""inception"", the implantation of another person's idea into a target's subconscious.",2010-07-15,/ljsZTbVsrQSqZgWeep2B1QiDKuh.jpg,8.369
1294174,Offshoring,['Comedy'],"The day Redouane is going to get his promotion and finally become a foreman, he learns that the mattress factory where he works is being relocated to India. Determined to keep his promotion, he agrees to leave while having the guarantee of being paid double and takes his partner Marguerite with him. Once there, he discovers that his boss has duped him, he will indeed be paid double but in rupees. Furious, he decides to take revenge by teaching the teams the best of French social rights: strikes, demonstrations and RTT with the sole aim of overthrowing his boss. Between culture clash and social struggle, Redouane leads an unexpected revolution that could well change the destiny of the factory... and his own.",2025-03-12,/yIgdlNWxVGPWQtBnfAUWnae6sjG.jpg,6.4
1405338,Demon City,"['Action', 'Crime', 'Fantasy', 'Thriller']","Framed for his family's murder and left for dead, an ex-hitman will stop at nothing to exact revenge on the masked ""demons"" who have taken over his city.",2025-02-26,/g5PqsFFrayyRL1Ldgib2lMYuJXg.jpg,6.873
156022,The Equalizer,"['Thriller', 'Action', 'Crime']","McCall believes he has put his mysterious past behind him and dedicated himself to beginning a new, quiet life. But when he meets Teri, a young girl under the control of ultra-violent Russian gangsters, he can’t stand idly by – he has to help her. Armed with hidden skills that allow him to serve vengeance against anyone who would brutalize the helpless, McCall comes out of his self-imposed retirement and finds his desire for justice reawakened. If someone has a problem, if the odds are stacked against them, if they have nowhere else to turn, McCall will help. He is The Equalizer.",2014-09-24,/9u4yW7yPA0BQ2pv9XwiNzItwvp8.jpg,7.3
205596,The Imitation Game,"['History', 'Drama', 'Thriller', 'War']","Based on the real life story of legendary cryptanalyst Alan Turing, the film portrays the nail-biting race against time by Turing and his brilliant team of code-breakers at Britain's top-secret Government Code and Cypher School at Bletchley Park, during the darkest days of World War II.",2014-11-14,/zSqJ1qFq8NXFfi7JeIYMlzyR0dx.jpg,7.995
1312157,CrazyMinded,"['Comedy', 'Romance']","How much do we really know about ourselves when we make a decision? What if there are multiple versions of our I within us, each with something to say?",2025-02-20,/sPps037qCts9XDwCaS6j7JsNuEd.jpg,7.396
214756,Ted 2,"['Comedy', 'Fantasy']","Newlywed couple Ted and Tami-Lynn want to have a baby, but in order to qualify to be a parent, Ted will have to prove he's a person in a court of law.",2015-06-25,/38C91I7Xft0gyY7BITm8i4yvuRb.jpg,6.305
189,Sin City: A Dame to Kill For,"['Crime', 'Action', 'Thriller']",Some of Sin City's most hard-boiled citizens cross paths with a few of its more reviled inhabitants.,2014-08-20,/50kALxDX4mmzIRljbNbPY0u4cie.jpg,6.39
228967,The Interview,"['Action', 'Comedy']","Dave Skylark and his producer Aaron Rapaport run the celebrity tabloid show ""Skylark Tonight"". When they land an interview with a surprise fan, North Korean dictator Kim Jong-un, they are recruited by the CIA to turn their trip to Pyongyang into an assassination mission.",2014-12-25,/tIDC4xT65l7a8qbgg8GvwD5g8c5.jpg,6.2
661539,A Complete Unknown,"['Drama', 'Music']","New York, early 1960s. Against the backdrop of a vibrant music scene and tumultuous cultural upheaval, an enigmatic 19-year-old from Minnesota arrives in the West Village with his guitar and revolutionary talent, destined to change the course of American music.",2024-12-18,/llWl3GtNoXosbvYboelmoT459NM.jpg,7.156
926670,Henry Danger: The Movie,"['Action', 'Comedy', 'Family', 'Science Fiction']","Henry Hart meets a superfan—eager to fight crime with Kid Danger—who comes into possession of a device that can open up alternate realities. Facing a wild ride, Henry will need his best friend Jasper and his new superfan sidekick to find his way out or be stuck in another dimension forever.",2025-01-17,/dFWj2rOGsqSIX1PHFghbCBgpMnk.jpg,7.9
558449,Gladiator II,"['Action', 'Adventure', 'Drama']","Years after witnessing the death of the revered hero Maximus at the hands of his uncle, Lucius is forced to enter the Colosseum after his home is conquered by the tyrannical Emperors who now lead Rome with an iron fist. With rage in his heart and the future of the Empire at stake, Lucius must look to his past to find strength and honor to return the glory of Rome to its people.",2024-11-13,/2cxhvwyEwRlysAmRH4iodkvo0z5.jpg,6.774
516729,Paddington in Peru,"['Family', 'Comedy', 'Adventure']","Paddington travels to Peru to visit his beloved Aunt Lucy, who now resides at the Home for Retired Bears. With the Brown Family in tow, a thrilling adventure ensues when a mystery plunges them into an unexpected journey through the Amazon rainforest and up to the mountain peaks of Peru.",2024-11-08,/1ffZAucqfvQu36x1C49XfOdjuOG.jpg,6.8
194662,Birdman or (The Unexpected Virtue of Ignorance),"['Drama', 'Comedy']","A fading actor best known for his portrayal of a popular superhero attempts to mount a comeback by appearing in a Broadway play. As opening night approaches, his attempts to become more altruistic, rebuild his career, and reconnect with friends and family prove more difficult than expected.",2014-10-17,/rHUg2AuIuLSIYMYFgavVwqt1jtc.jpg,7.5
131631,The Hunger Games: Mockingjay - Part 1,"['Science Fiction', 'Adventure', 'Thriller']",Katniss Everdeen reluctantly becomes the symbol of a mass rebellion against the autocratic Capitol.,2014-11-19,/2hTPkBiXoMmrdtYgHtB9WU5dg80.jpg,6.8
260346,Taken 3,"['Thriller', 'Action']","Ex-government operative Bryan Mills finds his life is shattered when he's falsely accused of a murder that hits close to home. As he's pursued by a savvy police inspector, Mills employs his particular set of skills to track the real killer and exact his unique brand of justice.",2014-12-16,/vzvMXMypMq7ieDofKThsxjHj9hn.jpg,6.258
550,Fight Club,['Drama'],"A ticking-time-bomb insomniac and a slippery soap salesman channel primal male aggression into a shocking new form of therapy. Their concept catches on, with underground ""fight clubs"" forming in every town, until an eccentric gets in the way and ignites an out-of-control spiral toward oblivion.",1999-10-15,/pB8BM7pdSp6B6Ih7QZ4DrQ3PmJK.jpg,8.438
265208,Wild Card,"['Thriller', 'Crime', 'Action']","When a Las Vegas bodyguard with lethal skills and a gambling problem gets in trouble with the mob, he has one last play… and it's all or nothing.",2015-01-14,/zN80Tlly8oMpKbVJv2TfRIj8dHG.jpg,5.676
238,The Godfather,"['Drama', 'Crime']","Spanning the years 1945 to 1955, a chronicle of the fictional Italian-American Corleone crime family. When organized crime family patriarch, Vito Corleone barely survives an attempt on his life, his youngest son, Michael steps in to take care of the would-be killers, launching a campaign of bloody revenge.",1972-03-14,/3bhkrj58Vtu7enYsRolD1fZdja1.jpg,8.7
549509,The Brutalist,['Drama'],"Escaping post-war Europe, visionary architect László Toth arrives in America to rebuild his life. On his own in a strange new country, a wealthy industrialist recognizes his talent. But power and legacy come at a heavy cost...",2024-12-20,/vP7Yd6couiAaw9jgMd5cjMRj3hQ.jpg,7.072
475557,Joker,"['Crime', 'Thriller', 'Drama']","During the 1980s, a failed stand-up comedian is driven insane and turns to a life of crime and chaos in Gotham City while becoming an infamous psychopathic crime figure.",2019-10-01,/udDclJoHjfjb8Ekgsd4FDteOkCU.jpg,8.139
1182088,The Best Friend,"['Drama', 'Romance', 'Music']","Two great friends meet again after five years. Among so many things that have changed, the resumption of the bond awakens an old feeling for which they remain unprepared.",2025-03-13,/dRzRvvQZE9XfGSTDm2rgolG6e3j.jpg,8.6
1430968,Idiotka,['Comedy'],"In West Hollywood’s Russian district, Margarita lives out the American Dream: competing on a reality show. Will she slay, serve, or survive?",2025-03-12,/sCpZABNrhlK0DSwR7gomSiqFPBA.jpg,7.0
227159,Horrible Bosses 2,['Comedy'],"Dale, Kurt and Nick decide to start their own business but things don't go as planned because of a slick investor, prompting the trio to pull off a harebrained and misguided kidnapping scheme.",2014-11-12,/boBOkwIqgrs8noxBUSDkkicKa4K.jpg,6.18
1013850,A Real Pain,"['Comedy', 'Drama']",Mismatched cousins David and Benji reunite for a tour through Poland to honor their beloved grandmother. The adventure takes a turn when the pair's old tensions resurface against the backdrop of their family history.,2024-11-01,/67xRIXm5TxXRT4nV2V4AEJ9yq2d.jpg,6.784
87101,Terminator Genisys,"['Science Fiction', 'Action', 'Thriller', 'Adventure']","The year is 2029. John Connor, leader of the resistance continues the war against the machines. At the Los Angeles offensive, John's fears of the unknown future begin to emerge when TECOM spies reveal a new plot by SkyNet that will attack him from both fronts; past and future, and will ultimately change warfare forever.",2015-06-23,/oZRVDpNtmHk8M1VYy1aeOWUXgbC.jpg,5.937
227159,Horrible Bosses 2,['Comedy'],"Dale, Kurt and Nick decide to start their own business but things don't go as planned because of a slick investor, prompting the trio to pull off a harebrained and misguided kidnapping scheme.",2014-11-12,/boBOkwIqgrs8noxBUSDkkicKa4K.jpg,6.18
1013850,A Real Pain,"['Comedy', 'Drama']",Mismatched cousins David and Benji reunite for a tour through Poland to honor their beloved grandmother. The adventure takes a turn when the pair's old tensions resurface against the backdrop of their family history.,2024-11-01,/67xRIXm5TxXRT4nV2V4AEJ9yq2d.jpg,6.784
87101,Terminator Genisys,"['Science Fiction', 'Action', 'Thriller', 'Adventure']","The year is 2029. John Connor, leader of the resistance continues the war against the machines. At the Los Angeles offensive, John's fears of the unknown future begin to emerge when TECOM spies reveal a new plot by SkyNet that will attack him from both fronts; past and future, and will ultimately change warfare forever.",2015-06-23,/oZRVDpNtmHk8M1VYy1aeOWUXgbC.jpg,5.937
1157270,The Sun Will Rise,['Documentary'],"Tehran, October 2022; a theater ensemble is rehearsing the ancient greek Lysistrata by Aristophanes. In the middle of a scene in which old men storm and attack the Acropolis, which the women of Athens have taken, the ensemble learns that they are surrounded because anti-riot forces are marching around the building and putting down a large demonstration. The street noise is deafening, and the room is filled with fear and anger. Some want to hide, others, led by the leading actress, want to go out into the streets and fight alongside the people. Despite disagreements, one thing is clear, the team does not want to continue the play in the time of the revolution.",2025-03-12,/3vFhT8aPPRDVBQDnZlkFkpSZm6Z.jpg,7.5
207933,Stonehearst Asylum,"['Thriller', 'Mystery', 'Horror']","An Oxford Medical School graduate takes a position at a mental institution and soon becomes obsessed with a female mental patient, but he has no idea of a recent and horrifying staffing change.",2014-10-23,/fZxGCCQ0NAtraevqULJ84wSSjo0.jpg,6.851
1402698,Lilim,"['Horror', 'Thriller', 'Drama']","Evading the police, Issa and her brother Tomas seek shelter in a secluded orphanage in the forest. But the siblings’ safe haven soon reveals itself to be a hellscape controlled by a sacrificial cult in thrall to a fearsome nocturnal deity.",2025-03-12,/2xleZc3H7AUhqyu1O9tHuUpPJgU.jpg,10.0
438631,Dune,"['Science Fiction', 'Adventure']","Paul Atreides, a brilliant and gifted young man born into a great destiny beyond his understanding, must travel to the most dangerous planet in the universe to ensure the future of his family and his people. As malevolent forces explode into conflict over the planet's exclusive supply of the most precious resource in existence-a commodity capable of unlocking humanity's greatest potential-only those who can conquer their fear will survive.",2021-09-15,/d5NXSklXo0qyIYkgV94XAgMIckC.jpg,7.782
426063,Nosferatu,"['Fantasy', 'Horror']","A gothic tale of obsession between a haunted young woman and the terrifying vampire infatuated with her, causing untold horror in its wake.",2024-12-25,/5qGIxdEO841C0tdY8vOdLoRVrr0.jpg,6.7
680,Pulp Fiction,"['Thriller', 'Crime']","A burger-loving hit man, his philosophical partner, a drug-addled gangster's moll and a washed-up boxer converge in this sprawling, comedic crime caper. Their adventures unfurl in three stories that ingeniously trip back and forth in time.",1994-09-10,/vQWk5YBFWF4bZaofAbv0tShwBvQ.jpg,8.489
278,The Shawshank Redemption,"['Drama', 'Crime']","Imprisoned in the 1940s for the double murder of his wife and her lover, upstanding banker Andy Dufresne begins a new life at the Shawshank prison, where he puts his accounting skills to work for an amoral warden. During his long stretch in prison, Dufresne comes to be admired by the other inmates -- including an older prisoner named Red -- for his integrity and unquenchable sense of hope.",1994-09-23,/9cqNxx0GxF0bflZmeSMuL5tnGzr.jpg,8.708
1063873,Queen Mom,"['Drama', 'Comedy']","Amel and her family learn that their landlord wants to get his apartment back in a few months. While Mouna, her eldest daughter, begins to have visions of Charles Martel, and their request for new social housing drags on, Amel has no choice but to reinvent herself.",2025-03-12,/87aEXQKCoLZcKoKsFlIdaZTrnfb.jpg,10.0
1292367,Dadaşlar Belgeseli,"['Documentary', 'History']",,2025-03-12,/oQGM5wJ1dmIAn2v9XELIo62JxSh.jpg,0.0
1301346,The Wolves,"['Drama', 'Documentary', 'Comedy']","In the mid-18th century, the Beast is hunted around the Château de Saint-Alban. In the mid-20th century, a new kind of psychiatry is invented there. Theatre and madness span the centuries.",2025-03-12,/A6JEhQh2oQ1t4k8lw6ojWtiS66h.jpg,0.0
98566,Teenage Mutant Ninja Turtles,"['Science Fiction', 'Action', 'Adventure', 'Comedy']","When a kingpin threatens New York City, a group of mutated turtle warriors must emerge from the shadows to protect their home.",2014-08-07,/azL2ThbJMIkts3ZMt3j1YgBUeDB.jpg,5.913
1319629,Resort Paraiso,['Science Fiction'],"Lorenzo works for an omnipresent corporation in a future of dystopian bureaucracy. His employee insurance denies him the medication that would help prevent him from losing his senses. Lorenzo quickly begins to lose contact with the world and in esperation decides to connect to the computer, making his pain cease, but becoming an eternal digital slave.",2025-03-12,/j76e8wDeWtY6P0TXuEImbGP0P1P.jpg,0.0
1324389,SLON,['Drama'],"Autumn 1929. Lina, from the noble Golitsyn family, arrives on a date with her husband Georgy Osorgin, who is serving a prison sentence in the Solovetsky special purpose camp. Lina does not know that after she leaves the island, her husband will be shot. Osorgin received a terrible sentence after he, a deeply religious man, secretly brought holy gifts to the dying Archimandrite so that he could take communion before his death. The camp authorities took the Russian officer's word of honor from Osorgin not to tell his wife anything about his predetermined fate. Only on this condition did they agree to temporarily release him from the punishment cell for his last meeting with Lina. The spouses spend the precious three days allotted to them and feel happy in the most inappropriate circumstances. Osorgin says goodbye to Lina on the pier. When the ship becomes a dot on the horizon, the guards escort George back to the punishment cell, where he carefully dresses for his final journey.",2025-03-12,/4FcCUoIScMZp2ODf486gVHqLfMV.jpg,0.0
1167416,Sunday,['Drama'],"The film tells the story of an elderly couple living a peaceful life in a village, with their eldest son living nearby and their youngest son working abroad. It depicts the struggle and conflict between two generations.",2025-03-12,/1DrjCHorHM39p07xOQ1khiqVrUl.jpg,0.0
1214130,Stitch Head,"['Animation', 'Family']","Follows Stitch Head, a small creature awoken by a Mad Professor in a castle to protect the professor's other creations from the townspeople of Grubbers Nubbin.",2025-03-12,/qwhscpTQAGrpit1ARQvvrlijp8h.jpg,0.0
1216662,Somebody,"['Mystery', 'Thriller', 'Drama']","Swimming instructor, Young-eun is a single mom raising her 7-year-old daughter, So-hyun. However, a series of tragic events happens as So-hyun's puppy falls from the apartment and dies, and So-hyun bullies other kids in school. Despite her mom's earnest efforts to address So-hyun's mental disorder, her peculiar behavior persists. Twenty years later, Min, who works in handling unclaimed deaths, meets a new colleague, Hae-young, and they form a close bond. However, as Hae-young warmly integrates herself into Min's life, Min begins to feel uncomfortable and suspicious about her intentions.",2025-03-12,/aWU8RZkkzl6uBsDmULlsh2lfTjs.jpg,0.0
1418350,Hojo,"['History', 'Drama']",,2025-03-12,/mHnCmq6quEVdRdx049AqsBTqfnV.jpg,0.0
1437485,Copiapó,['Documentary'],,2025-03-12,/kHdJuzi86F5BkraSesrIfcTCQA1.jpg,0.0
1432368,Estranged,"['Romance', 'Drama', 'Comedy']",The rise and fall of a relationship set to the masterpiece “Estranged” by Guns N’ Roses.,2025-03-12,/yvGQcOGW56XOdxeg7TDs47KXlG1.jpg,0.0
1435269,I'm Carl Lewis!,['Documentary'],"In track and field he’s remembered as The Greatest. Athletics' first commercially global star. Away from the spotlight, his is a life often misunderstood. Carl Lewis did it his own way - unwilling to conform to what the US expected from its athletes. Lewis won nine Olympic gold medals across four Games and was voted “Sportsman of the Century” by the International Olympic Committee. Yet he refused to be pigeonholed and, in doing so, he inspired change on and off the field. I’m Carl Lewis! delves into the consequences of his uncompromising drive.",2025-03-12,,0.0
1434812,Les Chialeux,[],,2025-03-12,/soWRC8KAucIFmya35zPpNayx8fk.jpg,0.0
1106560,Breath,['Documentary'],"“Where does the soul go once it leaves the body?” For religious and philosophical reasons, viewpoints may all differ, but fundamentally, human beings have constantly asked this question. Like a lit matchstick, human life ignites the beauty and ugliness of life intensely and without reserve. The undertaker says, “The more funerals I hold, the more I think that death might not be a period but a comma.",2025-03-12,/1Szmi7wD2o2MFBpabc5yyhf29Bk.jpg,0.0
1260485,Last One Closes the Door,"['Drama', 'Family']","Babi is about to move out without telling her mother. When she discovers the suitcase, it mysteriously disappears in the night.",2025-03-12,/8yE9q05G7rec0PSQJk3wdniUNqL.jpg,0.0
1275245,Savanna and the Mountain,"['Drama', 'Documentary']","The community of Covas do Barroso, in northern Portugal, discovers that the British company Savannah Resources plans to build the largest open-pit lithium mine in Europe just few meters from their homes. Confronted by this imminent threat, the People decide to organize themselves and expel the company from their lands.",2025-03-12,/qa7DuEYYxH8rmWPOYscA08alT1q.jpg,0.0
1274751,Blue Sun Palace,['Drama'],"A sudden loss catalyzes an unlikely bond between two migrants in the Chinese community of Queens. Navigating lives far from home and the painstaking labor that supports them, they journey through grief together in hopes of finding family.",2025-03-12,/4w9oP7qpQBITVXSaie94H7LbGmN.jpg,0.0
1443378,Sculpted Souls,['Documentary'],"For 26 years (1972–1998), Swiss dentist Julien Grivel treated Hansenites (lepers) free of charge in Greece. An inner journey that helped him see the world and life differently. “By adopting the language of the Greeks, I unconsciously adopted their thinking,” he says. His friendship with ex-hansenite Manolis Fountoulakis was a catalyst.",2025-03-12,/idWmWnDxOHhdE4fDZetcKjUdybv.jpg,0.0
154400,The Drop,"['Drama', 'Crime']","Bob Saginowski finds himself at the center of a robbery gone awry and entwined in an investigation that digs deep into the neighborhood's past where friends, families, and foes all work together to make a living - no matter the cost.",2014-09-12,/olQInYvVCW2wycMSU1ogo9Jshml.jpg,6.8
171274,Inherent Vice,"['Drama', 'Mystery', 'Comedy']","In Los Angeles at the turn of the 1970s, drug-fueled detective Larry ""Doc"" Sportello investigates the disappearance of an ex-girlfriend.",2014-12-12,/hyan5Uc0lGpPuad94DM1pLxneiP.jpg,6.6
181533,Night at the Museum: Secret of the Tomb,"['Adventure', 'Comedy', 'Fantasy', 'Family']","When the magic powers of The Tablet of Ahkmenrah begin to die out, Larry Daley spans the globe, uniting favorite and new characters while embarking on an epic quest to save the magic before it is gone forever.",2014-12-17,/xwgy305K6qDs3D20xUO4OZu1HPY.jpg,6.216
177572,Big Hero 6,"['Adventure', 'Family', 'Animation', 'Action', 'Comedy']","A special bond develops between plus-sized inflatable robot Baymax, and prodigy Hiro Hamada, who team up with a group of friends to form a band of high-tech heroes.",2014-10-24,/2mxS4wUimwlLmI1xp6QW6NSU361.jpg,7.729
799766,Better Man,"['Music', 'Drama']","Follow Robbie Williams' journey from childhood, to being the youngest member of chart-topping boyband Take That, through to his unparalleled achievements as a record-breaking solo artist – all the while confronting the challenges that stratospheric fame and success can bring.",2024-12-06,/fbGCmMp0HlYnAPv28GOENPShezM.jpg,7.7
299536,Avengers: Infinity War,"['Adventure', 'Action', 'Science Fiction']","As the Avengers and their allies have continued to protect the world from threats too large for any one hero to handle, a new danger has emerged from the cosmic shadows: Thanos. A despot of intergalactic infamy, his goal is to collect all six Infinity Stones, artifacts of unimaginable power, and use them to inflict his twisted will on all of reality. Everything the Avengers have fought for has led up to this moment - the fate of Earth and existence itself has never been more uncertain.",2018-04-25,/7WsyChQLEftFiDOVTGkv3hFpyyt.jpg,8.236
147441,Exodus: Gods and Kings,"['Adventure', 'Drama', 'Action']","The defiant leader Moses rises up against the Egyptian Pharaoh Ramses, setting 400,000 slaves on a monumental journey of escape from Egypt and its terrifying cycle of deadly plagues.",2014-12-03,/uaDj37JtvLan9tihxZ18e6qL33b.jpg,5.867
169917,A Walk Among the Tombstones,"['Crime', 'Drama', 'Mystery', 'Thriller']",Private investigator Matthew Scudder is hired by a drug kingpin to find out who kidnapped and murdered his wife.,2014-09-18,/euPgyPsiNFp6gOBB7nUFxvN5ZaY.jpg,6.325
241554,Run All Night,"['Action', 'Crime', 'Thriller']","Brooklyn mobster and prolific hit man Jimmy Conlon has seen better days. Longtime best friend of a mob boss, Jimmy is haunted by the sins of his past—as well as a dogged police detective who’s been one step behind Jimmy for 30 years. But when Jimmy’s estranged son becomes a target, Jimmy must make a choice between the crime family he chose and the real family he abandoned long ago. Now, with nowhere safe to turn, Jimmy has just one night to figure out exactly where his loyalties lie and to see if he can finally make things right.",2015-03-11,/owTdkLW0uoVTUPtM5h4gw88prdC.jpg,6.418
1445783,Take the Sound of the Wind,['Documentary'],"Forty shots of found material featuring trees blowing in the wind. Entirely sourced from the mid-to-late 2000s, a decade in which online video sharing was in it's infancy",2025-03-12,/tj1DqzN17vyBGl4I6zHo52QZcNX.jpg,0.0
98,Gladiator,"['Action', 'Drama', 'Adventure']","After the death of Emperor Marcus Aurelius, his devious son takes power and demotes Maximus, one of Rome's most capable generals who Marcus preferred. Eventually, Maximus is forced to become a gladiator and battle to the death against other men for the amusement of paying audiences.",2000-05-04,/ty8TGRuvJLPUmAR1H1nRIsgwvim.jpg,8.218
1445783,Take the Sound of the Wind,['Documentary'],"Forty shots of found material featuring trees blowing in the wind. Entirely sourced from the mid-to-late 2000s, a decade in which online video sharing was in it's infancy",2025-03-12,/tj1DqzN17vyBGl4I6zHo52QZcNX.jpg,0.0
98,Gladiator,"['Action', 'Drama', 'Adventure']","After the death of Emperor Marcus Aurelius, his devious son takes power and demotes Maximus, one of Rome's most capable generals who Marcus preferred. Eventually, Maximus is forced to become a gladiator and battle to the death against other men for the amusement of paying audiences.",2000-05-04,/ty8TGRuvJLPUmAR1H1nRIsgwvim.jpg,8.218
933260,The Substance,"['Horror', 'Science Fiction', 'Drama', 'Comedy']","A fading celebrity decides to use a black market drug, a cell-replicating substance that temporarily creates a younger, better version of herself.",2024-09-07,/cGm2qnmXx9tFabmzEIkJZjCJdQd.jpg,7.1
100042,Dumb and Dumber To,['Comedy'],"20 years since their first adventure, Lloyd and Harry go on a road trip to find Harry's newly discovered daughter, who was given up for adoption.",2014-11-12,/cvEi0xV7TUkabJGuzulhvbMjrHi.jpg,5.6
970947,The Shrouds,"['Drama', 'Science Fiction']","Inconsolable since the death of his wife, Karsh, a prominent businessman, invents a revolutionary and controversial technology that enables the living to monitor their dear departed in their shrouds. One night, multiple graves, including that of Karsh’s wife, are desecrated, and he sets out to track down the perpetrators.",2025-03-20,/2drOuzftQlkhsuHRPUaARmzCGQP.jpg,7.667
262500,Insurgent,"['Action', 'Science Fiction', 'Thriller']",Beatrice Prior must confront her inner demons and continue her fight against a powerful alliance which threatens to tear her society apart.,2015-03-18,/dP5Fb6YRfzmCQtRbHOr2kO7tJW9.jpg,6.363
103,Taxi Driver,"['Crime', 'Drama']",A mentally unstable Vietnam War veteran works as a night-time taxi driver in New York City where the perceived decadence and sleaze feed his urge for violent action.,1976-02-09,/ekstpH614fwDX8DUln1a2Opz0N8.jpg,8.135
287424,Maggie,"['Horror', 'Drama']","There's a deadly zombie epidemic threatening humanity, but Wade, a small-town farmer and family man, refuses to accept defeat even when his daughter Maggie becomes infected. As Maggie's condition worsens and the authorities seek to eradicate those with the virus, Wade is pushed to the limits in an effort to protect her. Joely Richardson co-stars in this post-apocalyptic thriller.",2015-05-08,/twa9gXjocLM629sJrQYVtmF306R.jpg,5.4
262543,Automata,"['Thriller', 'Science Fiction']","Jacq Vaucan, an insurance agent of ROC robotics corporation, routinely investigates the case of manipulating a robot. What he discovers will have profound consequences for the future of humanity.",2014-10-09,/h7SEtIWOfLsuCWhQgflev7ppRPq.jpg,5.848
1140535,Presence,"['Horror', 'Drama']","A couple, Rebekah and Chris, and their children, Tyler and Chloe, move into a seemingly normal suburban home. When strange occurrences occur, they begin to believe that there is something else in the house with them. The presence is about to disrupt their lives in unimaginable ways.",2025-01-16,/hZ8dTeBzigV5SVgwG1ikSROAFiS.jpg,6.0
414906,The Batman,"['Crime', 'Mystery', 'Thriller']","In his second year of fighting crime, Batman uncovers corruption in Gotham City that connects to his own family while facing a serial killer known as the Riddler.",2022-03-01,/74xTEgt7R36Fpooo50r9T25onhq.jpg,7.7
299537,Captain Marvel,"['Action', 'Adventure', 'Science Fiction']","The story follows Carol Danvers as she becomes one of the universe’s most powerful heroes when Earth is caught in the middle of a galactic war between two alien races. Set in the 1990s, Captain Marvel is an all-new adventure from a previously unseen period in the history of the Marvel Cinematic Universe.",2019-03-06,/AtsgWhDnHTq68L0lLsUrCnM7TjG.jpg,6.803
122,The Lord of the Rings: The Return of the King,"['Adventure', 'Fantasy', 'Action']","As armies mass for a final battle that will decide the fate of the world--and powerful, ancient forces of Light and Dark compete to determine the outcome--one member of the Fellowship of the Ring is revealed as the noble heir to the throne of the Kings of Men. Yet, the sole hope for triumph over evil lies with a brave hobbit, Frodo, who, accompanied by his loyal friend Sam and the hideous, wretched Gollum, ventures deep into the very dark heart of Mordor on his seemingly impossible quest to destroy the Ring of Power.​",2003-12-17,/rCzpDGLbOoPwLjy3OAm5NUPOTrC.jpg,8.481
1106739,Juror #2,"['Crime', 'Drama']","While serving as a juror in a high profile murder trial, family man Justin Kemp finds himself struggling with a serious moral dilemma…one he could use to sway the jury verdict and potentially convict—or free—the accused killer.",2024-10-30,/ugQkpGajKFQ8eyOEhGheR0HfWQ.jpg,6.831
120,The Lord of the Rings: The Fellowship of the Ring,"['Adventure', 'Fantasy', 'Action']","Young hobbit Frodo Baggins, after inheriting a mysterious ring from his uncle Bilbo, must leave his home in order to keep it from falling into the hands of its evil creator. Along the way, a fellowship is formed to protect the ringbearer and make sure that the ring arrives at its final destination: Mt. Doom, the only place where it can be destroyed.",2001-12-18,/6oom5QYQ2yQTMJIbnvbkBL9cHo6.jpg,8.418
38,Eternal Sunshine of the Spotless Mind,"['Science Fiction', 'Drama', 'Romance']","Joel Barish, heartbroken that his girlfriend underwent a procedure to erase him from her memory, decides to do the same. However, as he watches his memories of her fade away, he realises that he still loves her, and may be too late to correct his mistake.",2004-03-19,/5MwkWH9tYHv3mV9OdYTMR5qreIz.jpg,8.093
361743,Top Gun: Maverick,"['Action', 'Drama']","After more than thirty years of service as one of the Navy’s top aviators, and dodging the advancement in rank that would ground him, Pete “Maverick” Mitchell finds himself training a detachment of TOP GUN graduates for a specialized mission the likes of which no living pilot has ever seen.",2022-05-21,/62HCnUTziyWcpDaBO2i1DX17ljH.jpg,8.184
68718,Django Unchained,"['Drama', 'Western']","With the help of a German bounty hunter, a freed slave sets out to rescue his wife from a brutal Mississippi plantation owner.",2012-12-25,/bV0rWoiRo7pHUTQkh6Oio6irlXO.jpg,8.2
515001,Jojo Rabbit,"['Comedy', 'War', 'Drama']","A World War II satire that follows a lonely German boy whose world view is turned upside down when he discovers his single mother is hiding a young Jewish girl in their attic. Aided only by his idiotic imaginary friend, Adolf Hitler, Jojo must confront his blind nationalism.",2019-10-18,/7GsM4mtM0worCtIVeiQt28HieeN.jpg,8.0
254904,The November Man,"['Crime', 'Action', 'Thriller']",An ex-CIA operative is brought back in on a very personal mission and finds himself pitted against his former pupil in a deadly game involving high level CIA officials and the Russian president-elect.,2014-08-27,/4ejNFbCgLMDAuy7jFQmc7cr6UAW.jpg,6.104
188222,Entourage,"['Comedy', 'Drama']","Movie star Vincent Chase, together with his boys, Eric, Turtle and Johnny, are back…and back in business with super agent-turned-studio head Ari Gold. Some of their ambitions have changed, but the bond between them remains strong as they navigate the capricious and often cutthroat world of Hollywood.",2015-06-03,/28dqsx1jCxhR05DfH35ui13ywNZ.jpg,6.233
155,The Dark Knight,"['Drama', 'Action', 'Crime', 'Thriller']","Batman raises the stakes in his war on crime. With the help of Lt. Jim Gordon and District Attorney Harvey Dent, Batman sets out to dismantle the remaining criminal organizations that plague the streets. The partnership proves to be effective, but they soon find themselves prey to a reign of chaos unleashed by a rising criminal mastermind known to the terrified citizens of Gotham as the Joker.",2008-07-16,/qJ2tW6WMUDux911r6m7haRef0WH.jpg,8.5
270303,It Follows,"['Horror', 'Mystery']","When carefree teenager Jay sleeps with her older boyfriend for the first time, she learns that she is the latest recipient of a fatal curse that is passed from victim to victim via sexual intercourse. Death, Jay learns, will creep inexorably toward her as either a friend or a stranger. Jay's friends don't believe her seemingly paranoid ravings, until they too begin to see the phantom assassins and band together to help her defend herself.",2015-02-04,/iwnQ1JH1wdWrGYkgWySptJ5284A.jpg,6.6
1225572,Screamboat,"['Horror', 'Comedy']",A late-night boat ride turns into a desperate fight for survival in New York City when a mischievous mouse becomes a monstrous reality.,2025-03-20,/RVkfH0t0GAdfOItWFhB4FokrUZ.jpg,0.0
1178556,I'm Not a Robot,"['Comedy', 'Drama', 'Science Fiction', 'Thriller']",A music producer spirals into an existential crisis after repeatedly failing a CAPTCHA test-leading her to question whether she might actually be a robot.,2025-03-20,/tlkpqKiJ2IRV4d0pjhso29AzESj.jpg,0.0
307081,Southpaw,"['Action', 'Drama']","Billy ""The Great"" Hope, the reigning junior middleweight boxing champion, has an impressive career, a loving wife and daughter, and a lavish lifestyle. However, when tragedy strikes, Billy hits rock bottom, losing his family, his house and his manager. He soon finds an unlikely savior in Tick Willis, a former fighter who trains the city's toughest amateur boxers. With his future on the line, Hope fights to reclaim the trust of those he loves the most.",2015-03-24,/kSQ49Fi3NVTqGGXILmxV2T2pdkG.jpg,7.363
603,The Matrix,"['Action', 'Science Fiction']","Set in the 22nd century, The Matrix tells the story of a computer hacker who joins a group of underground insurgents fighting the vast and powerful computers who now rule the earth.",1999-03-31,/dXNAPwY7VrqMAo51EKhhCJfaGb5.jpg,8.223
1438480,Super courier,"['Action', 'Comedy']","Timur is a kind-hearted courier who is always ready to help others, even at his own expense. One day, after defending a respected judge from a group of thugs, he receives an unusual offer—to become the driver for the judge’s daughter, Sabina. However, he soon realizes that his real job is to be her bodyguard, as a powerful enemy of the family is willing to do anything to take her away. When Sabina is kidnapped, Timur must cast aside his fears and become a hero to save her and uncover why she is so important to the criminals.",2025-03-20,/gMwRomvk9l3O3jU6G3NckjShEWV.jpg,0.0
1257409,The Shameless,"['Drama', 'Romance']","In the dead of night, Renuka escapes from a Delhi brothel after stabbing a policeman to death. She takes refuge in a community of sex workers in northern India, where she meets Devika, a young girl condemned to a life of prostitution. Their bond develops into a forbidden romance. Together, they embark on a perilous journey to escape the law and forge their path to freedom.",2025-03-20,/9giQpIZabAHzS8FpoSi5khvDBnV.jpg,0.0
1420899,Lurker,[],Peter's life spirals into chaos as he experiences increasingly surreal and disturbing visions.,,/fmakwUYfZmMAVs7J1scGSCA8srJ.jpg,0.0
1442316,Nobody's Angel,['Documentary'],"The five women in the Danish band Miss B. Haven rocked the 1980s at a time when men still had a monopoly on rock, but where a new movement was taking shape.",2025-03-20,,0.0
1248276,The Firebird,['Drama'],"An actress and theater dancer flies to India to find her mother, who once abandoned her and joined a certain sect. Soon she no longer understands whether what she sees is happening in India or whether it is the scenery inside her native theater. Masks, dolls, songs - does this happen in a small town square or on one of the venues in St. Petersburg?",2025-03-20,/wXXtFeQky4qTSK4wgbwdvVYBhsn.jpg,0.0
1083968,Locked,"['Horror', 'Thriller']","When Eddie breaks into a luxury SUV, he steps into a deadly trap set by William, a self-proclaimed vigilante delivering his own brand of twisted justice. With no means of escape, Eddie must fight to survive in a ride where escape is an illusion, survival is a nightmare, and justice shifts into high gear.",2025-03-20,/wcmH4jBXmjY7eoX5Gs4HYgjlQPV.jpg,0.0
1445179,Vinilo,[],"Amid her struggle with a devastating illness, a courageous mother with deep secrets and experience becomes a beacon of hope for her son. Through a delicate and emotional narrative, music becomes the guide to find the light in the darkness.",2025-03-20,/jB6rBtOvMMrhNvBJsp4l1YWfjrh.jpg,0.0
1442689,"Tempo, O Curta.","['Drama', 'Mystery']",,2025-03-20,/pU65XazGQySLnUMtYDBlLgmoIiy.jpg,0.0
1442438,SEVENTEEN in CARAT LAND,['Music'],"Seventeen's 9th fan meeting took place at INCHEON MUNHAK MAIN STADIUM in Incheon, South Korea from March 20-21, 2025, both in-person and online.",2025-03-20,/g8sem3NfBaVrwXEZ7axcvoAZKOm.jpg,0.0
1442322,Lost for Words,['Documentary'],The year's most beautiful natural experience on the big screen is also a poetic film about the power of language to re-enchant the world around us. Based on Robert MacFarlane and Jackie Morris' bestseller.,2025-03-20,,0.0
1442299,Cosmic Balance,['Documentary'],"Hour-long musical trance sessions lead a young man from a small Indonesian village to his first concert outside the city limits at a music festival in Denmark. A cosmic film about music, spirituality and heritage.",2025-03-20,,0.0
1442295,A stranger in the world,['Documentary'],A filmmaker and his son with autism. A composer and his musical work inspired by the slow processes of dripstone caves. Two parallel love stories.,2025-03-20,,0.0
1442278,Memory Wars,['Documentary'],Can we trust our own memories? An American psychologist with expertise in the brain's ability to make up its own truths takes us into her fascinating field of research.,2025-03-20,,0.0
1442141,Hostages,[],"After a terrifying explosion in a hotel in London, three strangers escape together and hide out in a room. Hostages is a comedy about the 24hr news cycle, ""experts"" and whether or not social media is more important than people's lives....",2025-03-20,/lQs8w3FkiywvgOsw0lZ5iU1uOmL.jpg,0.0
1441840,The Garden Caretaker,['Documentary'],"At a former asphalt factory construction site in a Copenhagen suburb, a group of artists and citizens aer participating in a project to reconnect with the remnants of nature that we often overlook in the city. The boundaries between artist, gardener and biologist are osmotic in a project where five different artists, each with their own practice, share the role of ‘Garden Caretaker’ – a figure that invites participants to experience and rediscover the richness of the surrounding flora and fauna in the middle of a changing urban space.",2025-03-20,,0.0
1441746,Close to Home,['Documentary'],"A simple and beautiful portrait of a filmmaker and his Indian father, shot in one long take on a bench in Punjab.",2025-03-20,,0.0
1440906,W.O.M.B. (Worth of My Body),[],"Becoming a mother brings many changes: the relationship to your body, to time and material things, to the sense of identity and heritage. Dancer, choreographer and artist Julienne Doko invites us to reflect on the body’s ability to change through the different cultural perceptions of motherhood in a performative work that celebrates the body that bears signs of having created life. In English, the term ‘stretch mark’ shows a negative assessment of body changes. In Doko’s native language, Gbaya from the Central African Republic, the marks are called ‘ancestral tattoo’, a word charged with pride in the continuation and transmission of life.",2025-03-20,,0.0
1440828,They Know We Know They Lie,[],"A performative video work that analyzes the complex relationship between urbanity, economy and memory in the 21st century.",2025-03-20,,0.0
1440811,I am everything,[],An artificial intelligence develops self-awareness and reflects on humanity's moral codes and social structures.,2025-03-20,,0.0
1440776,4.48 Dysphoria,[],4.48 Dysphoria examines the pathologization of gender nonconformity and the intersections between mental illness and queerness.,2025-03-20,/zZ6vbVb5ZJLIvYI1E1duqmsTvuj.jpg,0.0
1440404,Ambivalence,"['Thriller', 'War', 'Action', 'Drama']","A group of mercenaries race against others to recover a mysterious package, only to discover that its contents will tear their loyalties apart.",2025-03-20,/tVJQS9vPhFXtUo33KApa48Ofv7E.jpg,0.0
1439033,Montevideo Inolvidable,['Documentary'],,2025-03-20,/4HoDeqfsZPoIZbukRnhlhdPU9cv.jpg,0.0
1438203,Shogun's Ninja,"['Action', 'History']",New jidai-geki directed by Koichi Sakamoto about two ninja girls.,2025-03-20,,0.0
1438069,Famiglia Imbarazzi - La maledizione dello zoccolo,"['Animation', 'Comedy']",,2025-03-20,/2R988fuafYeyCLWhHqjUkbbwXxW.jpg,0.0
1436815,Oy'una Geldik,['Comedy'],,2025-03-20,/9qgM8QQS03PrkUqlWpmLrKO30TY.jpg,0.0
1436704,Please Carry On,[],"The neighbours next-door have loud and hot sex. Catherine, an introverted data analyst who lives alone, is deeply involved.",2025-03-20,/1g1lCMq33LMN2BvMptB0sxK5opB.jpg,0.0
1436703,It's the Minimum Reduction of the Abyss,[],"Inspired by a poem by Cristina Peri Rossi, this intimate film explores the distance that can only exist between lovers.",2025-03-20,/ierytA5qnCa0Qv4nnW7FYiL019P.jpg,0.0
1436621,"Wait, Wait, Now!",[],A Maori and a Kiwi teen buddy up to raid their mum’s wardrobe and pucker their lips with red.,2025-03-20,/mumYuKlMHGDqnuCMWPY2TPsy8IH.jpg,0.0
1436366,Jasmine That Blooms in Autumn,"['Drama', 'Romance']",Love blossoms secretly between two old women at an elderly care home while the specter of patriarchy looms large overhead.,2025-03-20,/34ctQQDeeAyOJqTxQl0ECWFiAnu.jpg,0.0
1429460,Imagine Dragons: Live From The Hollywood Bowl (with the LA Film Orchestra),['Music'],"Globally renowned, GRAMMY® Award-winning band Imagine Dragons enlisted the LA Film Orchestra to perform their biggest hits and new chart-topping songs against the backdrop of the iconic Hollywood Bowl. The band fuses their explosive, cathartic sound with gorgeous, intricate symphonic arrangements played on stage by over 50 musicians.",2025-03-20,/e72fYes91e8En7jREXeHSXP9U0S.jpg,0.0
1446066,The Beloved Remains,"['Horror', 'Thriller']","A short film, set two years after the main event of the horror novel of the same name, written by Sepia Gore.",2025-03-20,/qh03aE0JsSdlO7lnJvpv19otE8v.jpg,0.0
1435053,Metropia,['Documentary'],,2025-03-20,/zi2x5l8oZbz1KTYbFEozVXBEkJm.jpg,0.0
1434672,National Theatre Live: The Other Place,[],"Two sisters reunite on the anniversary of the death of their father. Their uncle has remodelled their family home, in an attempt at a fresh start. But one sister’s sudden reappearance threatens to shatter this fragile idyll as she demands justice for the pain she carries.Amid the debris and the new extension, guilt, grief and greed battle it out in the family’s competing dreams of their future. When we are faced with the suffering of others, even those closest to us, can we look away?",2025-03-20,/6IHn9ciEnDFtjSrFRsSTc3AwtNx.jpg,10.0
1434672,National Theatre Live: The Other Place,[],"Two sisters reunite on the anniversary of the death of their father. Their uncle has remodelled their family home, in an attempt at a fresh start. But one sister’s sudden reappearance threatens to shatter this fragile idyll as she demands justice for the pain she carries.Amid the debris and the new extension, guilt, grief and greed battle it out in the family’s competing dreams of their future. When we are faced with the suffering of others, even those closest to us, can we look away?",2025-03-20,/6IHn9ciEnDFtjSrFRsSTc3AwtNx.jpg,10.0
1432480,Aqu& No Más,['Drama'],,2025-03-20,/cUtXSXXj1hKOUQeicCtNMfh2cZ6.jpg,0.0
1428507,Oroboro,['Documentary'],,2025-03-20,,0.0
1425829,Loud and Cleo !,[],Cleo seeks refuge from a hostile school environment in a glitter ball fantasy make believe world... and the boys toilets. Little does she know that someone else is hiding there too.,2025-03-20,,0.0
1425360,The Sound of Loveletters,['Documentary'],"The frontman of the successful Danish band Ganger writes an album based on his parents' love letters, while rewriting his own life story in a charming and musical tale from the Danish West Coast.",2025-03-20,/4SDFG26sNVSa1hh0EzATcr0rq96.jpg,0.0
1231695,A Few Feet Away,"['Comedy', 'Adventure', 'Drama']","Santiago, a 20 year-old twink shaped by the anonymity of the virtual world, becomes frustrated with gay dating apps and starts obsessively looking for a real experience in the Buenos Aires nightlife.",2025-03-20,/A3tEYeLijo1PWXZLTckVSM05YVX.jpg,0.0
707911,1938: Cuando el petróleo fue nuestro,"['Drama', 'History']",A chronicle of the Mexican oil expropriation in 1938 through the eyes of President Lazaro Cardenas and journalist Alberto Miranda.,2025-03-20,/lmNdbezTnm112WX7Ljgz8Sbp0sR.jpg,0.0
1406240,Eiga Oshiri Tantei: Star and Moon,[],"Story begins when Koala asks Butt Detective to find a missing relative who disappeared from an idol contest. The case takes Butt Detective to Stardust Island, the site of the contest, and also the home of the international criminal organization Phantom Thief Academy, headed by Phantom Thief G. Here, the organization advances its secret conspiracy, codenamed the Dark Age Plan. Butt Detective enters Stardust Island under the guise of an idol. At the same time, he joins forces with Phantom Thief U, who is out to steal back the valuable Moonlight Stone from Phantom Thief G. The story will also reveal more about Brown's past.",2025-03-20,/jY2q4kzzdYyZ243iJpAvhDh5wwV.jpg,0.0
1075456,O'Dessa,"['Music', 'Drama', 'Science Fiction']","A farm girl is on an epic quest to recover a cherished family heirloom. Her journey leads her to a strange and dangerous city where she meets her one true love – but in order to save his soul, she must put the power of destiny and song to the ultimate test.",2025-03-20,/mbA74xD4lk3Iwaunr31WAAtIT48.jpg,9.0
1214894,Out Like a Lamb,['Drama'],"After his father’s death, a grieving Yorkshire farmer is left with a choice between moving on to a new life with his fiancée or dutifully keeping the family’s lambing farm and risk losing his chance at true happiness.",2025-03-20,/6L1aNVo84hMTNvgFxVz8ggFuES9.jpg,0.0
1214069,Palma 2,"['Drama', 'Family']","After leaving commercial aviation, Vyacheslav Lazarev and his family move to the countryside, where he continues to go flying, but now on a small propellered AN-2. And the life of the Lazarev family goes on as usual, until one day a small bear cub, to whom Kolya, the pilot’s son, gives the nickname Mansur, bursts in. When Mansur is kidnapped by local poachers, the faithful sheepdog Palma comes to his aid. The two animals need to find their way home through a forest full of wild animals, hunters and other dangers. And the Lazarevs, who set off in search of their four-legged friends, will have to remember what it means to be a real family.",2025-03-20,/3hrQjmnDZOe9MiwVJuYbo5kv6T7.jpg,0.0
1400110,Zlatan's Nose,['Documentary'],"A film team hires a private detective to help them make a ""true crime"" about a nose stolen from the statue of the famous soccer player Zlatan Ibrahimović, but soon both the investigation and the film make an unexpected turn.",2025-03-20,/pNqh8PMDFbVgtfLrDOV1l0RwJwH.jpg,0.0
1399686,Fighter,['Documentary'],"GK, a 30-year-old MMA-fighter, who`s whole identity was built on his physicality, faces a life-altering moment after a split-second decision to dive headfirst into the ocean. When told to expect a life in a wheelchair he gives himself two years to get back on his feet - or else he doesn’t want to live. This leads him down a rabbit hole of alternative treatments that sells hope, while the fear of his already fragile relationship ending pushes him to figure out who he really is. He seeks answers in the deep- seated childhood traumas that had pushed him to extreme, self-destructive physical limits. Amidst the darkness, he embarks on an inspiring journey of transformation proving that life’s worth goes far beyond physical abilities.",2025-03-20,/eb1sOKNx8EWKve3iYisonIWEGnK.jpg,0.0
1210938,Revelations,"['Thriller', 'Horror', 'Mystery']",A pastor who believes in divine revelation and a detective haunted by visions pursue a missing person case — exposing their own demons in the process.,2025-03-20,/ak0HlRVsVzh8mvwIUZpZr0z6uqW.jpg,0.0
1391463,"Romance de la Luna, Luna",['Drama'],"Júlia takes her two daughters to spend the summer in an isolated commune in Seville. A mysterious ritual makes all the women disappear, including Isabel, the older sister, and their mother, leaving Elia alone and desperate to find them.",2025-03-20,/p0a0XPTSmRxB09VeQdNo4fVWPz4.jpg,0.0
1390154,Ruido,"['Drama', 'Music']",,2025-03-20,/odMp2BQqiERu3qfGVsHFIke1qjq.jpg,0.0
1198288,Ждун,"['Comedy', 'Family', 'Science Fiction']","The alien Zhdun meets a boy who came to visit his grandparents for the holidays. The boy will have to help the alien return home, and Zhdun will help his family solve all the accumulated problems.",2025-03-20,/zRvtO7YDgwYP9A7Y5u9PRqA60vv.jpg,0.0
1378734,A Bad Summer,"['Drama', 'Crime']","Sasaki (Takumi Kitamura) is a sincere civil servant, working at city hall. Due to his timid personality, he can't properly deal with nasty people, including a single mother on the verge of giving up her own child, another civil servant pressing him to have a physical relationship, and a person who receives welfare benefits unfairly. His passivity leads him to get caught up in a terrible crime.",2025-03-20,/mTyullZSbw631PRolpwCIuBvCj1.jpg,0.0
1378051,Milton Bituca Nascimento,['Documentary'],,2025-03-20,/vZDyWqmKwODwdT1N1Ou0thaOrp2.jpg,0.0
1375762,Shiver Me Timbers,"['Horror', 'Comedy']","In 1986 Northern California, Olive Oyl, her brother Castor and friends, go on a camping trip to see the meteor shower with Halley's comet. But the night turns into horror as a meteor transforms Popeye, into a unstoppable killing machine.",2025-03-20,/7xyVMzLkoYyIicXsuhvAvM6W4j6.jpg,0.0
