userId,movieId,rating
1,1431744,4.3
1,1442316,1.3
1,227159,2.5
1,157336,1.0
1,1434291,2.5
1,799766,1.5
1,1438208,1.3
1,1443238,3.6
1,1416501,3.2
1,1378051,3.5
1,1433831,1.0
1,1428262,4.4
1,1429788,4.9
1,1442278,4.0
1,1241982,2.0
1,1138194,1.6
1,1443551,2.5
1,1195506,1.1
1,1437515,3.7
1,1424565,4.5
2,87101,1.4
2,265208,3.9
2,1422471,2.0
2,1444332,3.4
2,1043808,1.4
2,1443907,2.7
2,1328767,3.9
2,1424565,3.2
2,1422072,2.9
2,1418112,3.2
2,228150,2.2
2,1443551,1.5
2,1376834,1.6
2,1433719,4.6
2,1214130,3.8
2,1262495,1.6
2,558449,2.8
2,1446174,3.1
2,227159,4.8
2,122,3.4
3,1440776,2.4
3,265208,1.7
3,1443695,4.1
3,1421001,3.3
3,1428541,1.8
3,1446174,2.4
3,1433906,2.2
3,1442918,2.4
3,1182088,2.4
3,1443480,1.4
3,1428262,2.0
3,1445713,1.5
3,270303,1.8
3,1442915,4.7
3,1418112,2.9
3,1233575,1.4
3,1416501,3.4
3,1149167,3.9
3,1439614,1.3
3,1380415,2.4
4,1393191,3.6
4,1441840,3.9
4,1106560,1.0
4,1126166,4.4
4,1422166,1.9
4,1444331,3.6
4,1361451,3.4
4,1119820,1.5
4,1275245,4.9
4,1371370,2.1
4,1439254,1.8
4,1426337,1.4
4,1438208,2.4
4,1428507,3.6
4,1443378,3.2
4,1446174,2.7
4,98,1.7
4,1231695,1.3
4,1233575,2.8
4,287424,4.6
5,1425360,2.1
5,262543,2.3
5,1384565,3.9
5,1231695,1.6
5,1138194,1.9
5,1439614,1.8
5,177572,3.1
5,1119820,3.8
5,438631,3.5
5,1424103,4.2
5,100042,4.5
5,1393191,3.4
5,1421001,4.3
5,1442316,3.4
5,1433574,1.2
5,1429788,1.1
5,603,1.6
5,1437920,4.6
5,278,4.3
5,1442438,4.0
6,1417181,2.3
6,850920,1.6
6,1106560,3.9
6,1438203,3.4
6,1443470,1.8
6,1424352,3.6
6,1393191,3.9
6,1371370,2.9
6,228150,1.1
6,1445505,4.4
6,98566,2.0
6,762509,1.1
6,414906,2.7
6,1291321,1.8
6,1204967,4.2
6,254904,3.4
6,265208,3.0
6,1423093,3.9
6,823219,5.0
6,1127674,3.8
7,1442295,2.8
7,1324389,4.1
7,1144417,1.9
7,1444686,1.2
7,1436621,3.9
7,156022,4.6
7,1294376,3.5
7,1306284,1.9
7,1198288,3.1
7,1435766,3.6
7,1443907,4.9
7,1274751,2.9
7,898271,2.5
7,675776,1.2
7,1203524,1.4
7,1312157,3.5
7,1378734,4.5
7,1119820,4.5
7,1438203,4.5
7,447273,4.1
8,1442200,3.3
8,122917,3.5
8,1439004,3.2
8,87101,3.5
8,1428541,3.2
8,1433900,3.7
8,1442278,2.6
8,1442417,1.7
8,1443663,4.1
8,1435766,2.7
8,1399686,2.1
8,1433811,2.2
8,1013850,1.7
8,1077281,3.3
8,1167416,2.1
8,1442689,3.3
8,100042,3.2
8,1271724,4.8
8,1356039,2.3
8,1404722,4.7
9,1437701,3.9
9,100042,4.2
9,1255192,1.1
9,1149463,3.2
9,1442295,3.7
9,1442538,1.5
9,1440144,4.7
9,1424897,3.6
9,1436684,2.0
9,1241982,3.6
9,1326693,1.2
9,131631,1.7
9,1202479,4.6
9,1428780,3.9
9,1077281,2.4
9,1294376,1.3
9,1423299,2.6
9,1084199,4.2
9,1421001,4.2
9,1235619,2.5
10,205587,2.8
10,1425360,3.2
10,1440639,1.2
10,1400932,3.9
10,1434009,2.8
10,1442764,3.7
10,1416501,4.1
10,515001,3.5
10,177572,1.3
10,1423295,3.7
10,227159,4.9
10,1439837,4.4
10,1425366,2.1
10,1433719,3.6
10,1438502,4.7
10,675776,1.4
10,607141,2.5
10,1421053,2.4
10,898271,3.4
10,1255192,4.6
11,970947,1.6
11,696506,2.4
11,1442308,4.0
11,1106739,3.3
11,1432098,2.3
11,1440144,1.3
11,603,1.5
11,1214894,3.3
11,1429788,3.6
11,207933,2.5
11,1214130,2.4
11,1421001,1.8
11,939243,2.8
11,98,3.6
11,1436458,2.3
11,131631,5.0
11,1439033,3.6
11,1433872,2.9
11,1438267,2.8
11,1433719,1.5
12,1420234,3.8
12,1422166,2.4
12,1438480,2.5
12,227159,3.1
12,1440828,2.7
12,1301346,4.7
12,926670,3.2
12,1429788,3.0
12,1435275,4.3
12,1436269,2.7
12,1439890,1.2
12,1446308,2.5
12,1436683,4.4
12,426063,3.6
12,438631,3.8
12,1286663,3.1
12,1433813,3.3
12,1434672,3.9
12,447273,3.3
12,1003504,2.0
13,799766,4.9
13,1444253,4.7
13,244786,2.5
13,1378051,1.1
13,1317096,4.8
13,800367,4.5
13,1000881,2.4
13,1418287,4.4
13,1437446,2.7
13,1446308,1.5
13,1433860,2.1
13,1438480,1.2
13,1047884,2.9
13,24428,2.0
13,1442295,2.2
13,1421781,2.5
13,1439890,3.1
13,1429788,1.2
13,1013850,1.1
13,1328767,2.1
14,1427653,2.1
14,1443470,1.6
14,1439509,1.2
14,1440404,4.2
14,1442915,3.2
14,1389293,2.0
14,1198288,4.8
14,1325495,4.2
14,1231695,4.7
14,1439033,4.7
14,1444744,1.6
14,1274751,4.4
14,1442299,2.2
14,1357797,3.5
14,1127674,3.9
14,1432534,1.6
14,361743,1.3
14,1442689,2.3
14,1144417,1.1
14,157336,1.8
15,426063,3.8
15,24428,1.6
15,1436704,3.4
15,1439837,1.2
15,1433574,4.6
15,970947,4.7
15,154400,1.3
15,1442417,4.1
15,1445179,3.3
15,1319629,4.5
15,1442915,3.1
15,1424352,1.6
15,361743,2.3
15,1443238,3.1
15,1421781,2.7
15,122917,3.2
15,1214130,2.5
15,1353117,5.0
15,1443002,1.3
15,238,2.4
16,1441746,1.7
16,1440083,3.5
16,1144417,1.6
16,1294376,1.9
16,777443,1.8
16,1432368,1.3
16,1439033,2.1
16,872585,1.2
16,1138194,3.7
16,1437920,1.5
16,1378734,3.0
16,1083968,3.6
16,1440811,4.4
16,1437979,2.0
16,1435057,2.5
16,1437603,4.1
16,1437237,4.4
16,1317920,2.4
16,1371370,4.2
16,1233575,3.8
17,970947,1.3
17,1437920,4.0
17,1434009,3.8
17,1422166,2.5
17,1431328,4.8
17,24428,2.2
17,603,4.5
17,1000881,3.5
17,872585,2.2
17,1421001,3.6
17,1446308,1.9
17,270303,3.8
17,1442308,3.1
17,1013850,2.8
17,1442915,2.8
17,1075456,2.8
17,1419826,4.6
17,1437515,3.3
17,38,3.6
17,1400110,3.5
18,1443480,3.8
18,1248276,3.4
18,1171153,1.3
18,1431328,4.6
18,1339790,3.2
18,27205,3.6
18,1432480,3.5
18,1417181,1.6
18,927342,2.8
18,98566,2.4
18,1434812,1.1
18,1442299,4.0
18,1424565,3.7
18,1241982,4.5
18,1013850,1.1
18,1442538,4.0
18,607141,1.1
18,1443002,4.5
18,120,2.1
18,1442764,4.2
19,1443907,2.4
19,1440639,4.5
19,1426337,1.1
19,1436684,4.4
19,696506,2.3
19,680,1.3
19,1439804,4.7
19,1422471,4.0
19,1444744,2.1
19,1248276,2.7
19,1047884,2.8
19,516729,2.8
19,1436450,4.1
19,426063,2.7
19,1422235,4.9
19,1390154,2.4
19,1210938,4.2
19,1317920,4.4
19,1441746,3.8
19,156022,2.3
20,1439514,4.7
20,1431744,3.0
20,1325495,1.1
20,1446219,1.7
20,1178556,2.4
20,1231695,4.9
20,1442431,3.7
20,1380415,2.0
20,1442386,2.4
20,1198288,2.1
20,1442200,4.7
20,1427653,4.4
20,1428507,4.3
20,1443378,4.9
20,1438208,1.6
20,1442915,4.1
20,1292367,4.9
20,1439004,4.9
20,939243,2.7
20,1326693,3.1
21,1429788,2.5
21,1003504,4.3
21,1435269,4.6
21,1438217,1.4
21,1225572,1.8
21,1445505,1.7
21,1432368,4.7
21,1418287,1.4
21,1043808,3.8
21,1423093,4.1
21,1428262,1.2
21,1106560,3.6
21,1443993,3.3
21,1198288,3.3
21,1439459,3.4
21,515001,4.2
21,1439509,4.1
21,1443387,1.8
21,1178556,2.7
21,100042,3.8
22,1443378,1.1
22,1440083,3.9
22,1440906,2.7
22,205596,3.5
22,475557,2.3
22,1000881,2.7
22,265208,3.1
22,1422166,2.7
22,447273,1.2
22,1437920,4.5
22,68718,3.4
22,1260485,4.8
22,1441712,2.7
22,1437485,2.7
22,1423295,3.6
22,1429784,3.2
22,262500,1.6
22,299537,5.0
22,1440144,3.7
22,1434009,3.3
23,707911,1.5
23,1064213,1.1
23,1443387,3.8
23,1444332,2.6
23,1144417,1.4
23,1149463,2.2
23,228967,1.5
23,1426337,2.8
23,1432534,3.2
23,1443480,2.3
23,1361451,1.3
23,850920,2.6
23,1418112,4.3
23,1291321,2.8
23,1428780,4.9
23,1317920,4.4
23,278,1.6
23,1443378,3.7
23,1434672,3.6
23,1418287,4.5
24,1446254,1.7
24,1438203,1.3
24,1421781,1.1
24,1437701,2.5
24,1424103,2.1
24,1357797,3.3
24,1077281,4.9
24,1422166,3.0
24,254904,4.1
24,1437446,4.1
24,426063,1.9
24,1429784,4.6
24,1436704,4.2
24,1446183,1.6
24,1435275,2.0
24,1241982,4.3
24,1440144,3.5
24,1013850,2.0
24,1184918,2.7
24,1368096,3.9
25,1433838,3.3
25,1442689,4.6
25,1432795,2.3
25,933260,4.9
25,1442538,2.9
25,1269298,4.0
25,1392821,3.6
25,822119,2.5
25,1431328,3.3
25,1203524,1.9
25,1424217,4.6
25,1312157,5.0
25,1415669,2.5
25,1441567,4.5
25,1306284,3.1
25,438631,2.4
25,1404172,4.8
25,1424897,4.4
25,661539,3.9
25,1013601,1.9
26,1443487,4.6
26,1425296,1.6
26,549509,4.4
26,1442141,3.4
26,1439526,2.2
26,872585,1.2
26,1421053,1.4
26,1275248,2.3
26,1432534,4.4
26,1433900,4.9
26,1434414,3.6
26,1047884,4.7
26,680,2.8
26,1386047,4.5
26,1445302,1.4
26,438631,4.2
26,926670,2.1
26,1446066,2.0
26,227159,2.1
26,1384565,1.8
27,1433906,3.6
27,1330596,4.2
27,1425892,3.8
27,1436703,4.3
27,1315476,4.6
27,1127674,2.1
27,1440811,3.3
27,822119,3.6
27,1445168,3.4
27,1444253,4.8
27,1420899,3.7
27,1426343,1.9
27,1446219,4.9
27,227159,2.8
27,1368096,4.4
27,550,2.9
27,1013850,1.0
27,1312157,2.3
27,1443907,1.5
27,939243,3.3
28,1412392,4.5
28,1436683,2.4
28,1424103,2.7
28,515001,2.9
28,1442141,4.3
28,603,2.5
28,227159,4.9
28,1130863,2.9
28,1353002,1.5
28,1294376,3.5
28,1438696,4.4
28,1444686,4.1
28,262543,4.5
28,1438208,2.4
28,1202479,3.4
28,1444425,1.0
28,1429460,4.5
28,1440639,1.5
28,1435766,1.7
28,1437485,2.7
29,156022,1.3
29,1437979,1.4
29,1442915,4.3
29,1392821,1.2
29,1266809,1.5
29,120,2.5
29,1339790,1.7
29,1271724,4.9
29,1425892,3.2
29,1445179,1.8
29,1443907,4.5
29,1127674,4.9
29,1436621,1.0
29,1444744,2.7
29,1443993,4.4
29,1184918,4.2
29,515001,4.2
29,103,4.7
29,98566,1.9
29,1235619,3.5
30,1442141,4.7
30,1357797,4.0
30,1294376,1.1
30,1417677,1.5
30,1144417,4.0
30,1431328,1.2
30,1439526,4.4
30,1274751,2.9
30,1438069,1.5
30,1422072,3.5
30,1443993,1.8
30,1442316,4.5
30,1399893,4.9
30,1434672,1.3
30,1435057,3.4
30,68718,2.6
30,1445168,2.5
30,157336,4.2
30,1255192,1.2
30,1442417,1.3
31,1429788,3.4
31,1444331,2.8
31,1426337,4.7
31,1442915,3.2
31,1435053,2.1
31,1301346,2.7
31,898271,3.1
31,98,2.8
31,1317096,1.7
31,1286773,4.6
31,1434414,3.0
31,426063,2.1
31,1411411,2.6
31,1419826,3.7
31,1361451,2.2
31,1422166,1.2
31,1426343,2.4
31,1427653,1.8
31,1438267,4.4
31,1436450,2.6
32,1353002,2.7
32,1437446,4.1
32,696506,1.6
32,950396,1.3
32,1003504,4.1
32,1119820,2.6
32,1439509,4.7
32,1198288,2.7
32,122917,2.6
32,1433900,4.0
32,189,3.3
32,1275248,2.9
32,1433838,3.5
32,426063,4.7
32,1140535,1.5
32,1127674,2.3
32,1432101,1.0
32,1375762,3.2
32,1443907,4.0
32,1127648,3.0
33,1425296,1.5
33,1433813,1.5
33,1436458,1.9
33,1445783,3.8
33,1437979,4.3
33,1442689,1.6
33,1446066,5.0
33,1445179,1.8
33,120,2.2
33,1437485,3.2
33,1434812,2.0
33,1424352,4.5
33,1425829,2.6
33,1220028,4.2
33,1432098,4.8
33,254904,3.3
33,1427653,4.1
33,898271,2.6
33,1140535,2.6
33,1063873,2.2
34,155,2.4
34,1393191,2.6
34,1404172,3.2
34,1013850,1.0
34,1322218,2.1
34,87101,1.3
34,1107215,4.8
34,1418350,1.1
34,131631,4.7
34,1435269,2.8
34,1425366,2.5
34,1149463,3.4
34,1077281,3.8
34,1445783,2.9
34,214756,3.7
34,1443663,2.5
34,1013850,2.6
34,1425370,2.4
34,103,2.5
34,1356039,5.0
35,1214894,2.8
35,1315476,2.8
35,1399686,2.6
35,1428507,4.0
35,1384565,1.6
35,1047884,4.7
35,1446308,2.0
35,1442689,2.4
35,1418780,1.7
35,1437701,2.9
35,1127648,2.4
35,1210938,3.7
35,1436269,1.8
35,550,2.4
35,1433872,4.6
35,675776,2.2
35,1107215,4.9
35,1446183,3.2
35,1433813,2.9
35,1432368,2.9
36,1426337,2.0
36,1437603,1.7
36,1439514,3.1
36,1214894,1.6
36,1443238,3.8
36,227159,4.5
36,1429784,3.9
36,1435766,3.6
36,1000881,2.1
36,181533,2.2
36,98566,4.8
36,1439004,1.9
36,1426343,2.4
36,238,4.4
36,1404172,1.2
36,227159,2.2
36,87101,4.5
36,1423093,2.4
36,1443470,1.6
36,228967,4.4
37,1425296,3.1
37,1425366,1.1
37,1435269,1.5
37,1077281,3.7
37,1422081,1.6
37,1339790,1.7
37,1391463,2.9
37,1371370,2.7
37,1433862,1.9
37,262500,1.8
37,1442764,2.8
37,307081,4.0
37,1434009,3.9
37,1442299,1.8
37,603,1.8
37,1443470,3.2
37,1359744,4.2
37,1433860,1.4
37,822119,4.0
37,1435275,5.0
38,1440404,4.4
38,1107215,2.7
38,1203524,4.4
38,1418780,1.7
38,1420899,2.8
38,1440828,4.9
38,799766,1.4
38,1165393,1.7
38,227159,2.7
38,927342,4.0
38,1439804,4.0
38,1106560,3.5
38,1422166,3.1
38,1386047,3.2
38,1138194,2.2
38,278,2.8
38,1438069,3.1
38,1294376,2.0
38,1286663,3.3
38,1444686,1.2
39,1426343,2.7
39,1436703,2.1
39,1441746,3.4
39,1423093,4.4
39,1438069,3.5
39,278,4.2
39,1433838,4.0
39,1439614,4.8
39,1440087,1.0
39,447273,4.4
39,1084199,2.9
39,1441567,3.6
39,1418287,2.8
39,1438217,3.4
39,1013850,3.3
39,1013482,2.7
39,1433574,2.2
39,1130863,4.2
39,1064213,2.2
39,1430968,3.1
40,1275245,4.1
40,1438267,4.8
40,1440776,1.1
40,1361451,4.3
40,1428541,2.1
40,1202479,3.5
40,1425370,3.8
40,1359744,4.4
40,1291321,2.1
40,1013482,3.7
40,447273,1.8
40,777443,3.9
40,1435275,2.8
40,1436704,4.9
40,1294174,1.5
40,1368096,2.4
40,1440404,4.2
40,1425829,3.7
40,1438502,2.4
40,1432534,1.1
41,1241982,4.7
41,262500,4.8
41,122917,3.5
41,1437515,2.3
41,1443470,3.6
41,1322218,2.9
41,1216571,2.9
41,24428,1.8
41,1292367,4.8
41,1439004,2.1
41,1424103,2.9
41,1386047,4.0
41,1171153,2.9
41,227159,3.1
41,1433813,2.6
41,1436704,3.2
41,1418287,2.5
41,475557,1.2
41,1444332,4.2
41,1433831,1.4
42,260346,1.5
42,1444332,2.8
42,1418287,2.1
42,244786,1.5
42,1063873,1.2
42,1431744,2.9
42,1446317,4.5
42,1429788,2.9
42,1433862,2.0
42,122,4.8
42,1437237,3.2
42,1106739,3.0
42,1416501,3.8
42,1432098,1.3
42,1442915,1.1
42,87101,3.3
42,287424,3.8
42,1204967,2.6
42,974576,2.7
42,1443247,3.9
43,1216571,4.5
43,872585,3.7
43,1434291,4.8
43,1233575,1.6
43,1443551,1.1
43,1435057,4.1
43,38,3.7
43,278,2.3
43,1441746,3.6
43,1440776,1.9
43,1437485,1.9
43,1184918,2.6
43,270303,3.7
43,1424352,2.9
43,1444253,3.9
43,1003504,4.7
43,1107215,3.2
43,1441966,4.3
43,1047884,3.1
43,1442417,4.3
44,1359893,3.6
44,1442431,3.3
44,1439033,2.4
44,1421781,4.3
44,1322218,4.1
44,1415669,4.8
44,1214130,2.1
44,1436456,4.4
44,270303,3.6
44,254904,2.6
44,1417677,1.3
44,549509,4.6
44,1013482,2.5
44,241554,5.0
44,1433872,2.6
44,1436269,4.1
44,603,3.9
44,210577,2.7
44,1438217,3.0
44,1443247,2.6
45,1423093,2.5
45,1423295,3.5
45,1439514,2.9
45,1429788,1.7
45,1084199,1.1
45,1325495,1.2
45,1119820,2.4
45,1064213,1.2
45,515001,4.5
45,1442417,3.2
45,1432098,2.3
45,1442764,1.1
45,169917,4.9
45,1315476,3.4
45,799766,3.6
45,1434672,3.9
45,1384565,4.4
45,1444253,3.0
45,1210938,2.9
45,1443238,4.8
46,1438203,1.8
46,475557,4.3
46,265208,3.2
46,1440811,1.2
46,103,4.1
46,1359744,2.9
46,1444253,1.4
46,426063,2.7
46,1441840,3.6
46,1214894,4.6
46,1339790,2.1
46,1378734,2.3
46,171274,1.8
46,1292367,3.2
46,1436269,2.2
46,1446219,1.9
46,1399686,3.8
46,1438502,4.6
46,68718,4.6
46,696506,2.0
47,299537,4.0
47,214756,4.5
47,1438696,3.2
47,1442299,3.8
47,974576,3.4
47,1378734,1.0
47,1427653,4.7
47,1182088,2.0
47,1214130,3.9
47,1443663,4.6
47,1439514,4.9
47,1442278,1.6
47,1439804,1.0
47,1291321,1.6
47,1399893,4.4
47,1445179,3.7
47,169917,4.0
47,1438267,4.7
47,1255192,2.3
47,1428262,4.4
48,1437701,3.9
48,558449,1.1
48,1444744,4.7
48,1438696,2.8
48,800367,1.5
48,950396,1.9
48,1421781,2.5
48,1301346,2.0
48,1443480,1.6
48,1442322,3.8
48,1439033,1.0
48,1446183,4.9
48,414906,2.6
48,1262495,1.7
48,1417181,3.7
48,1437920,1.8
48,1442200,3.2
48,1324389,3.5
48,1214130,1.0
48,1043808,2.0
49,1433900,1.2
49,1255192,2.7
49,1171153,4.3
49,1400110,1.6
49,1353117,1.5
49,1425296,3.8
49,1439890,2.5
49,1306707,2.4
49,1444686,3.0
49,1417677,3.2
49,1422471,3.4
49,1428507,3.8
49,1439254,4.0
49,1443378,1.2
49,603,3.0
49,1439033,4.0
49,872585,4.9
49,1440828,1.5
49,1432480,2.0
49,1436703,4.0
50,1107215,1.9
50,1075456,4.6
50,1084199,4.5
50,1013601,4.6
50,1417677,3.1
50,1442431,4.3
50,1429788,4.9
50,970947,2.9
50,1429788,3.2
50,1269298,3.1
50,1356039,1.2
50,1384565,3.9
50,799766,4.4
50,98,4.3
50,1445179,2.3
50,1434812,2.1
50,1375762,1.4
50,1444686,2.2
50,1444332,4.9
50,1438546,4.9
51,850920,2.7
51,1433862,1.8
51,254904,4.9
51,1446183,1.4
51,1428780,3.6
51,122917,1.4
51,214756,3.5
51,1430968,2.6
51,1391463,3.4
51,1428507,4.5
51,156022,2.4
51,38,3.7
51,1444425,2.6
51,1446317,2.7
51,1420899,2.0
51,1178556,2.6
51,950396,4.2
51,1446308,2.6
51,1130863,2.3
51,1271724,1.4
52,1419826,3.3
52,926670,2.4
52,1216662,1.1
52,1375762,4.9
52,1412392,2.9
52,1441966,1.1
52,1322218,3.2
52,154400,1.3
52,1444332,4.5
52,1423299,4.3
52,550,4.0
52,1437515,4.1
52,1286773,4.6
52,933260,4.7
52,1443695,1.1
52,1432480,2.5
52,103,3.2
52,1084199,1.9
52,799766,4.4
52,1119820,3.2
53,1433719,3.7
53,1434414,3.5
53,1440828,2.8
53,98,3.0
53,1433908,1.3
53,927342,4.2
53,1043808,3.7
53,181533,1.2
53,1361451,4.3
53,1433872,1.2
53,1439890,4.1
53,1427653,2.6
53,171274,4.9
53,287424,1.3
53,68718,3.5
53,1423093,4.6
53,87101,2.4
53,98566,4.9
53,1445302,2.7
53,1216571,2.7
54,1340727,3.1
54,262543,3.4
54,1297763,4.5
54,1445721,3.4
54,1443470,3.4
54,1399896,4.1
54,1442417,3.8
54,1445505,3.0
54,1204967,1.4
54,1107215,1.3
54,1439459,2.5
54,1437237,3.8
54,287424,3.6
54,1417677,3.5
54,1378051,4.8
54,1389293,2.8
54,68718,4.5
54,1437485,4.9
54,438631,3.5
54,1428262,4.0
55,1446308,1.5
55,155,4.8
55,1429788,2.1
55,1436684,3.6
55,1418350,1.8
55,1439804,4.8
55,1297763,1.3
55,278,4.6
55,1424217,1.7
55,1400110,1.8
55,205587,2.6
55,1437603,3.6
55,1220028,2.2
55,1149463,3.7
55,299536,3.8
55,1436704,4.4
55,1425829,2.5
55,1446317,4.7
55,214756,1.7
55,1312157,3.0
56,1433719,2.3
56,558449,2.9
56,950396,4.8
56,1442431,1.1
56,1419826,2.7
56,1340727,3.2
56,1442299,3.6
56,1443907,3.9
56,1445721,2.3
56,194662,3.8
56,189,2.1
56,1286663,3.2
56,68718,1.0
56,1437446,1.5
56,1433836,3.5
56,103,4.2
56,777443,4.4
56,1353002,2.2
56,1441966,1.4
56,1440083,4.2
57,1440404,3.1
57,1443695,4.9
57,1442316,3.8
57,1444253,4.5
57,1435766,1.4
57,1441746,3.1
57,1430968,3.2
57,1411411,1.2
57,1425366,4.3
57,707911,3.8
57,970947,2.2
57,177572,2.1
57,1077281,3.5
57,1198288,2.1
57,155,4.5
57,1441840,4.1
57,823219,4.6
57,1291321,2.1
57,823219,4.9
57,1047884,4.3
58,1328767,1.4
58,227159,4.5
58,1425296,2.7
58,1286663,2.8
58,1312157,2.0
58,1441840,1.9
58,1214894,2.7
58,87101,2.5
58,1442386,3.9
58,27205,4.1
58,1442316,4.8
58,1420234,4.3
58,1340727,3.7
58,1416501,2.8
58,1440083,3.1
58,1440404,4.8
58,1412392,1.1
58,1429784,4.0
58,1440087,1.7
58,1433906,3.5
59,1443387,4.3
59,1424352,1.1
59,299536,3.3
59,87101,5.0
59,1294376,3.4
59,227159,3.7
59,1119820,3.7
59,1422166,3.3
59,1198288,2.2
59,1422471,4.0
59,1444686,3.0
59,1442689,1.2
59,87101,1.3
59,1127648,3.7
59,1442295,3.5
59,1149463,3.7
59,1427653,1.4
59,1428262,1.5
59,872585,2.9
59,898271,2.2
60,898271,2.3
60,1378734,2.4
60,228150,2.3
60,1422166,1.2
60,1399896,3.2
60,933260,1.5
60,1315476,3.0
60,299537,2.2
60,1442689,2.9
60,1436684,2.1
60,1442200,2.2
60,171274,3.3
60,707911,2.7
60,1435766,3.7
60,1444331,4.9
60,1204967,1.7
60,1437603,1.3
60,974576,2.7
60,1445721,2.0
60,1442538,4.7
61,1257409,2.2
61,1399896,2.4
61,1361451,3.0
61,1106560,2.4
61,227159,2.8
61,1013601,1.3
61,1241982,2.6
61,1435053,1.5
61,1442200,2.0
61,1433838,4.9
61,1434672,3.0
61,1439526,3.8
61,254904,4.8
61,1440811,3.3
61,1275245,1.1
61,1437979,3.4
61,1428507,3.1
61,1424217,3.0
61,1047884,4.3
61,1423295,4.1
62,1421781,2.8
62,550,3.6
62,1167416,4.9
62,1420234,4.1
62,1399896,2.6
62,1440828,1.1
62,1438267,1.6
62,1433836,1.8
62,1443470,1.4
62,1443002,4.6
62,1339790,2.8
62,1444686,4.6
62,1441712,5.0
62,1140535,4.7
62,1442438,1.4
62,287424,2.2
62,1422235,1.0
62,1437979,4.3
62,1446254,2.0
62,1435057,1.4
63,1420492,4.3
63,1418780,3.4
63,1353002,2.3
63,1214130,2.1
63,1433881,4.0
63,1178556,2.5
63,1428507,1.5
63,607141,4.6
63,177572,4.9
63,1149463,2.1
63,1214069,2.6
63,1432795,1.3
63,1330596,2.2
63,98,1.7
63,1312157,2.7
63,1430968,3.7
63,1216571,1.9
63,1436684,2.2
63,1437515,3.4
63,1445168,2.0
64,1428262,3.7
64,1442278,3.9
64,1437979,1.2
64,1425366,2.7
64,1441966,1.8
64,1326693,3.8
64,550,4.3
64,475557,4.6
64,1220028,4.6
64,1422166,2.3
64,1325495,1.7
64,823219,2.7
64,1317096,2.6
64,1421001,3.3
64,1260485,2.8
64,1441840,2.5
64,1443551,2.3
64,872585,3.0
64,1324389,3.2
64,1202479,3.3
65,1432534,4.1
65,1440087,2.5
65,1436269,4.1
65,1317096,2.9
65,550,3.3
65,1425296,3.1
65,1431328,1.0
65,823219,4.3
65,822119,4.5
65,1404722,5.0
65,1426337,4.5
65,1433838,1.5
65,1149167,3.2
65,1426343,4.1
65,1442278,1.6
65,1443695,4.9
65,227159,3.7
65,270303,1.8
65,157336,4.1
65,1392821,4.2
66,1202479,4.8
66,823219,4.0
66,1235619,3.4
66,1428262,1.6
66,1106560,5.0
66,1214894,1.2
66,1340727,4.6
66,1231695,4.0
66,1442386,2.0
66,1445179,1.7
66,1428541,4.2
66,1434812,4.5
66,516729,3.9
66,299537,2.3
66,603,4.1
66,1203524,4.2
66,1144417,1.4
66,1442141,4.9
66,1427653,4.4
66,426063,3.1
67,898271,4.5
67,1107215,1.1
67,1442308,3.9
67,475557,1.7
67,1442918,2.1
67,1424897,3.5
67,1425360,3.0
67,1441966,2.5
67,1204967,2.9
67,1432101,2.5
67,1436684,4.3
67,1389293,2.6
67,1425366,1.4
67,227159,3.7
67,1442417,3.3
67,1144417,3.4
67,1442764,3.4
67,1444331,1.3
67,1297763,1.4
67,1422235,1.1
68,1442431,4.8
68,1442308,1.2
68,1412392,4.2
68,1328767,4.4
68,800367,3.4
68,1376834,3.6
68,1106739,2.8
68,1353002,4.9
68,1433719,3.1
68,1432480,2.7
68,68718,2.0
68,1430968,2.7
68,1216662,3.0
68,1420234,1.8
68,1013482,1.9
68,1435275,2.9
68,1424565,4.7
68,1422072,2.1
68,1436458,4.1
68,98566,2.8
69,1392821,4.9
69,227159,1.1
69,1422072,1.9
69,1443551,4.7
69,1420492,2.1
69,1443238,2.2
69,1064213,2.7
69,1214069,3.3
69,1439004,4.9
69,1425360,4.3
69,1357797,3.1
69,1400932,4.8
69,1328767,1.4
69,1380415,4.1
69,823219,3.3
69,241554,4.2
69,1428507,2.8
69,898271,3.1
69,898271,1.9
69,1442388,4.8
70,1231695,3.6
70,1422235,4.1
70,1432480,4.8
70,1262495,3.3
70,120,3.3
70,762509,3.9
70,1429788,1.5
70,1353002,3.7
70,1216662,2.6
70,1392821,3.9
70,1442417,3.3
70,1421781,4.6
70,1357797,2.5
70,299536,2.0
70,265208,3.3
70,169917,2.3
70,1442295,1.2
70,1425296,4.1
70,1294174,2.3
70,1436458,3.3
71,1306284,3.9
71,1198288,4.2
71,1432098,1.8
71,1435053,3.1
71,1440087,2.8
71,98566,3.7
71,1255192,4.3
71,1439890,3.8
71,1420492,5.0
71,974576,1.6
71,131631,3.8
71,1297763,4.2
71,1425370,1.7
71,122,2.6
71,1444744,2.5
71,1202479,4.6
71,1432101,3.4
71,661539,2.9
71,1047884,3.0
71,1433811,4.0
72,1353002,1.5
72,933260,2.9
72,1225572,2.3
72,1326693,2.7
72,661539,1.7
72,1442918,1.3
72,1433813,4.7
72,1384565,2.1
72,1317920,4.5
72,205596,3.7
72,1294174,4.5
72,1418287,3.5
72,1322218,2.2
72,1412392,2.8
72,1271724,3.3
72,1433838,4.1
72,680,1.5
72,1127674,3.4
72,823219,1.3
72,156022,1.6
73,1291321,1.2
73,1441567,1.6
73,1165393,4.0
73,1434812,2.2
73,1439614,2.3
73,1439514,4.3
73,1422072,1.4
73,299537,4.7
73,177572,2.5
73,1444253,2.7
73,1433872,1.4
73,1435275,1.8
73,1433908,4.7
73,1422166,4.6
73,214756,1.8
73,1378051,4.7
73,1126166,3.5
73,1386047,1.7
73,1220028,4.1
73,1436703,3.0
74,1434009,1.5
74,1442689,5.0
74,1416501,2.7
74,1412392,3.8
74,1442438,1.3
74,1425373,4.3
74,1421053,3.6
74,1442141,1.9
74,898271,3.0
74,87101,1.6
74,516729,1.3
74,1353117,3.6
74,1317920,1.1
74,1428780,1.5
74,1203524,3.7
74,1149167,4.9
74,1433860,2.0
74,939243,2.1
74,1445179,1.2
74,1429788,1.8
75,1446254,4.0
75,1446183,1.7
75,188222,3.3
75,1443387,3.5
75,438631,3.7
75,1436704,3.5
75,1357797,4.7
75,1434812,1.8
75,1433908,2.1
75,950396,4.5
75,1361451,1.1
75,27205,2.1
75,122,4.3
75,1083968,1.5
75,680,4.9
75,169917,4.1
75,1326693,4.4
75,1429788,1.7
75,98566,1.1
75,1443238,3.4
76,1077281,3.1
76,1294174,4.2
76,1445832,4.8
76,1438480,3.1
76,1424217,3.9
76,1393191,2.8
76,131631,1.9
76,675776,1.9
76,1013850,1.9
76,262543,4.1
76,154400,1.7
76,800367,3.3
76,244786,1.6
76,1433860,2.3
76,607141,3.3
76,1126166,4.4
76,447273,1.9
76,1440639,3.3
76,1255192,1.5
76,1378734,3.3
77,1444744,3.9
77,1443551,3.3
77,777443,1.5
77,1429784,3.3
77,1433719,2.1
77,661539,4.6
77,1442417,3.2
77,1437979,1.4
77,1399893,1.9
77,1411411,3.3
77,1412392,2.5
77,1241982,2.0
77,1292367,3.2
77,1294174,3.9
77,1442388,4.2
77,1399686,3.5
77,1425892,3.4
77,1266809,4.7
77,1437485,4.5
77,1375762,4.9
78,1138194,2.2
78,1411411,3.7
78,607141,2.8
78,1440087,2.2
78,1446219,3.1
78,1432534,3.4
78,1204967,3.6
78,1418350,2.8
78,24428,1.9
78,1274751,5.0
78,1269298,4.9
78,1182088,1.4
78,1418780,2.7
78,1257409,2.1
78,307081,3.2
78,1438267,2.8
78,27205,1.3
78,1437701,3.7
78,169917,2.2
78,1405338,2.2
79,1430968,4.0
79,1439614,4.9
79,1446317,4.7
79,1446254,1.0
79,1375762,4.9
79,1404172,1.5
79,447273,2.0
79,24428,4.3
79,1003504,3.1
79,1440144,1.7
79,1444744,3.3
79,1405338,2.0
79,1437979,4.5
79,1439459,1.8
79,1426337,2.0
79,1241982,3.4
79,1446174,2.3
79,1442322,5.0
79,265208,1.2
79,1434672,1.0
80,1441567,2.3
80,1446219,1.4
80,1435057,2.9
80,1405338,1.0
80,87101,4.5
80,1353002,1.4
80,87101,3.0
80,1400110,3.2
80,1433881,3.4
80,1433831,3.4
80,1436704,3.0
80,1353117,4.8
80,1359744,2.8
80,1439459,1.4
80,227159,2.7
80,1446254,3.4
80,278,4.9
80,1127648,1.2
80,1418780,2.5
80,1438208,3.3
81,188222,3.3
81,1432101,2.5
81,177572,1.5
81,1269298,1.2
81,1063873,2.3
81,1440906,4.2
81,438631,1.6
81,1127648,4.8
81,1439459,2.6
81,205596,1.5
81,1440776,2.2
81,933260,3.7
81,1440811,2.8
81,1435053,2.2
81,1436815,4.5
81,1445168,2.4
81,1271724,4.8
81,155,4.4
81,1412392,1.6
81,1445713,4.1
82,1439837,2.6
82,696506,4.9
82,87101,2.7
82,1433813,2.1
82,1013601,1.2
82,278,1.8
82,799766,3.3
82,1047884,3.4
82,1435057,2.6
82,1325495,3.8
82,1432795,2.7
82,1438502,5.0
82,1438203,2.0
82,122917,4.1
82,1439254,4.7
82,549509,2.2
82,950396,3.9
82,1422081,1.9
82,1107215,3.7
82,1202479,4.0
83,1371370,4.6
83,38,4.8
83,438631,2.8
83,1442689,3.9
83,1439254,2.8
83,1423299,4.4
83,1424897,4.8
83,898271,2.4
83,1043808,2.7
83,1428507,1.7
83,1446308,3.5
83,1444686,4.3
83,1442417,3.2
83,1420492,2.4
83,1436458,2.2
83,156022,1.3
83,131631,2.1
83,927342,3.0
83,1437485,4.4
83,1127674,3.6
84,438631,4.6
84,1214894,3.0
84,1415669,2.2
84,1106560,4.2
84,1445505,4.6
84,1138194,2.9
84,265208,3.9
84,1326693,2.1
84,87101,5.0
84,1436684,3.7
84,1444686,1.0
84,549509,1.8
84,1130863,4.5
84,1435766,4.4
84,1291321,3.4
84,260346,2.2
84,1260485,2.2
84,1422072,1.4
84,1018964,2.8
84,1384565,3.1
85,680,4.2
85,1445721,2.5
85,1202479,4.8
85,1445179,3.8
85,1428780,4.8
85,1445302,2.5
85,1442915,3.1
85,1204967,4.1
85,1436703,3.7
85,157336,1.4
85,1340727,3.3
85,1425366,2.3
85,1157270,3.2
85,1428262,4.0
85,603,1.2
85,1437701,1.1
85,1269298,2.7
85,210577,2.1
85,1443378,1.0
85,1214069,2.5
86,426063,1.8
86,707911,2.4
86,1442141,1.1
86,87101,3.5
86,1442915,2.0
86,675776,2.1
86,970947,4.1
86,1429460,3.5
86,1294174,2.9
86,1422166,1.3
86,1444686,4.6
86,1428262,1.2
86,1443247,2.8
86,927342,3.3
86,1202479,1.3
86,1445505,2.7
86,1425366,4.1
86,122,1.3
86,1248276,4.1
86,1438267,2.3
87,1424103,4.2
87,1434812,3.0
87,1312157,3.3
87,189,2.5
87,1167416,1.9
87,1443247,2.2
87,933260,3.3
87,38,4.6
87,1440639,3.6
87,1434291,4.6
87,1440811,3.8
87,1380415,3.1
87,1248276,3.8
87,1440087,3.1
87,1126166,2.6
87,1399686,1.5
87,1405338,1.7
87,1443480,2.2
87,214756,4.3
87,241554,3.9
88,98,4.7
88,254904,3.1
88,1106739,2.9
88,1231695,2.7
88,1422166,3.3
88,1433900,1.2
88,1439459,3.4
88,87101,4.4
88,210577,1.6
88,1431744,3.9
88,1437515,2.6
88,1301346,1.1
88,1437485,3.4
88,24428,2.6
88,1434812,4.6
88,1446308,4.6
88,1433906,4.3
88,1418780,2.0
88,1442299,2.2
88,1424352,3.8
89,603,3.2
89,156022,2.0
89,1404172,4.5
89,1406240,3.3
89,1255192,2.4
89,361743,3.5
89,227159,4.0
89,1443551,1.6
89,1436366,1.8
89,1106739,4.8
89,1431328,2.2
89,299537,1.4
89,1214069,2.3
89,1425829,3.0
89,1149167,2.7
89,1432534,1.2
89,823219,1.9
89,1433906,1.4
89,1445783,2.1
89,1184918,2.1
90,1446183,2.9
90,1297763,1.8
90,800367,4.5
90,207933,4.5
90,1018964,3.5
90,1442316,4.4
90,1438208,5.0
90,1047884,1.3
90,1445713,2.4
90,1405338,2.4
90,100042,3.2
90,1445179,4.3
90,1446219,3.8
90,1275248,4.5
90,1198288,1.2
90,1210938,4.6
90,1434672,4.2
90,1075456,1.4
90,926670,4.4
90,1353002,4.5
91,1127674,4.1
91,98566,2.3
91,169917,2.3
91,1433872,2.2
91,98,1.5
91,1431744,4.6
91,950396,2.2
91,1434812,4.3
91,1411411,3.3
91,1077281,2.6
91,550,1.8
91,1013601,2.1
91,1428262,3.3
91,1433908,1.7
91,1210938,1.5
91,1442764,4.4
91,1436621,4.5
91,1432368,2.4
91,1353002,2.7
91,1324389,1.1
92,103,1.4
92,1418350,3.4
92,799766,3.3
92,1286663,2.3
92,227159,3.9
92,1433836,1.7
92,1446219,1.9
92,1375762,3.7
92,1106739,1.5
92,872585,1.9
92,1438069,3.0
92,1378051,3.2
92,1443387,4.9
92,1399896,2.2
92,1043808,3.4
92,1167416,2.8
92,1443002,4.7
92,1439890,3.1
92,1384565,2.4
92,1438546,1.5
93,1404172,2.3
93,1418780,1.3
93,1437920,4.4
93,1443907,1.9
93,1386047,3.1
93,1446183,1.4
93,227159,1.1
93,1204967,4.1
93,1436366,1.7
93,1294376,2.9
93,1418350,3.4
93,156022,4.9
93,1235619,2.9
93,27205,3.8
93,1425829,4.0
93,1424217,3.6
93,1144417,3.1
93,1439004,1.7
93,1356039,1.5
93,1442764,2.9
94,1436703,2.3
94,1319629,3.7
94,1013850,2.2
94,1446066,4.0
94,1443378,1.2
94,1126166,4.1
94,1424897,4.3
94,777443,2.3
94,1439837,2.6
94,1203524,4.4
94,1378051,4.6
94,1432534,4.3
94,1419826,5.0
94,1428780,1.6
94,1434672,3.7
94,1442918,2.2
94,1255192,1.8
94,1260485,4.8
94,1442417,2.8
94,1275248,4.3
95,1339790,2.3
95,228150,2.7
95,1446254,1.8
95,1378051,4.7
95,1063873,4.6
95,1399896,1.5
95,1443002,2.2
95,194662,2.8
95,1422166,3.5
95,1442141,4.4
95,1443907,3.1
95,1425296,2.1
95,1440404,2.7
95,1436621,2.4
95,1433719,3.2
95,122,1.0
95,1441567,2.3
95,1286773,4.8
95,1436683,4.2
95,214756,3.1
96,1399893,2.8
96,1202479,2.5
96,1203524,1.7
96,1421781,2.4
96,1371370,3.5
96,262543,1.6
96,1214894,2.2
96,1432101,2.9
96,1417677,3.1
96,1443993,4.9
96,1436683,2.0
96,1436703,1.9
96,1435766,3.8
96,1443470,4.8
96,1444686,2.0
96,1138194,4.4
96,1439033,4.7
96,1433719,3.0
96,1393191,4.2
96,974576,4.2
97,1439614,2.9
97,1106560,2.1
97,1443480,2.7
97,1274751,4.1
97,205587,4.5
97,1439837,4.6
97,823219,1.7
97,1326693,2.0
97,1439509,2.5
97,1220028,3.1
97,1393191,2.3
97,1432534,4.0
97,100042,4.5
97,1437979,2.9
97,1423295,4.0
97,1416501,3.5
97,1421001,4.7
97,1400932,1.9
97,262500,1.2
97,1000881,4.7
98,1415669,5.0
98,68718,1.2
98,1442299,3.1
98,1444686,2.3
98,1138194,5.0
98,1433719,1.3
98,1443480,2.1
98,1233575,3.4
98,1106739,5.0
98,100042,3.9
98,1210938,4.0
98,1220028,1.8
98,1013482,4.4
98,1356039,3.1
98,1018964,3.7
98,515001,2.0
98,1423295,1.8
98,1429784,1.2
98,927342,4.1
98,1422166,3.3
99,1425370,1.4
99,1433574,4.0
99,1393191,1.9
99,1064213,3.7
99,1443907,1.4
99,823219,4.5
99,1075456,2.5
99,1436704,4.0
99,1442689,4.3
99,1444332,4.4
99,1416501,1.3
99,1436815,2.1
99,122917,2.6
99,278,3.3
99,822119,4.9
99,1356039,1.7
99,1421001,4.6
99,1418350,1.9
99,1443695,1.6
99,1437446,4.8
100,1431744,3.0
100,1443378,1.5
100,260346,2.9
100,1439004,3.9
100,1262495,4.0
100,1415669,3.0
100,1294376,3.8
100,1426337,3.0
100,1441712,1.6
100,1286663,4.2
100,1444331,3.6
100,1436366,3.3
100,1442417,1.9
100,1216662,2.4
100,1292367,2.4
100,1445179,4.8
100,189,4.4
100,1442538,3.0
100,1325495,1.1
100,1255192,4.1
101,1436458,3.5
101,1418112,1.6
101,1361451,4.9
101,1429788,2.5
101,1119820,1.3
101,1422235,5.0
101,1428507,3.7
101,927342,2.9
101,1400110,3.1
101,1391463,3.6
101,1444425,1.1
101,1436621,2.8
101,1127648,2.0
101,1368096,2.2
101,1378051,1.4
101,1445302,5.0
101,1404172,4.8
101,1353117,4.6
101,205587,2.8
101,260346,4.0
102,1361451,2.4
102,550,3.3
102,823219,4.3
102,822119,4.5
102,1286663,1.1
102,1436366,1.1
102,254904,1.2
102,1165393,2.8
102,1421781,4.6
102,265208,4.4
102,1433813,4.8
102,1425373,4.1
102,1444332,2.2
102,1292367,1.7
102,68718,3.1
102,1443487,4.0
102,1399893,1.3
102,1404172,2.2
102,1241982,4.9
102,169917,1.1
103,1216662,2.1
103,1220028,2.4
103,1119820,4.5
103,1404172,3.8
103,1432098,3.7
103,1423299,4.4
103,131631,4.7
103,1063873,2.7
103,87101,2.2
103,603,4.2
103,1436815,1.9
103,1418287,4.8
103,1439033,1.0
103,1443480,3.4
103,1384565,1.5
103,1328767,2.9
103,675776,5.0
103,1440144,4.8
103,823219,4.6
103,154400,3.3
104,447273,2.8
104,1437515,4.0
104,156022,2.4
104,1442308,4.5
104,1438267,3.7
104,1437438,2.7
104,799766,4.6
104,1083968,1.4
104,1446219,4.3
104,1445713,3.9
104,1435275,2.4
104,1119820,1.0
104,87101,4.2
104,227159,1.3
104,1442538,1.6
104,1437920,3.8
104,1013850,3.4
104,1415669,3.6
104,1443907,2.2
104,1437979,3.6
105,1443002,2.7
105,1214130,3.8
105,1442295,2.6
105,1422471,2.8
105,1436269,1.8
105,1446219,1.4
105,1433574,4.4
105,1415669,1.7
105,1167416,3.1
105,1418350,4.4
105,1231695,2.3
105,1435275,3.3
105,1439254,1.2
105,1424897,3.1
105,1405338,1.7
105,850920,2.2
105,1432534,2.9
105,1269298,2.5
105,98,4.1
105,1423295,4.6
106,1444425,1.0
106,1433900,4.9
106,1423295,1.9
106,1399686,4.2
106,1312157,2.6
106,707911,2.2
106,1446317,4.0
106,171274,1.7
106,1442308,3.3
106,1064213,1.7
106,227159,4.5
106,210577,1.7
106,1429460,1.8
106,1439837,3.1
106,1195506,2.4
106,926670,2.4
106,156022,2.8
106,1440776,3.4
106,1436269,3.4
106,1443238,3.5
107,1274751,1.2
107,1443480,1.9
107,1431328,4.6
107,1442141,3.0
107,1421053,2.0
107,1171153,2.9
107,254904,3.1
107,1441966,1.7
107,1432534,2.2
107,1433908,4.6
107,1077281,5.0
107,1432534,4.2
107,1418287,4.9
107,98,4.5
107,1421001,2.4
107,1418780,1.1
107,1442417,4.7
107,1437701,4.1
107,1440776,2.7
107,1422081,3.5
108,822119,1.3
108,1325495,4.0
108,157336,4.7
108,1420234,2.4
108,1446066,4.8
108,1445783,1.5
108,438631,4.8
108,1210938,4.7
108,1433881,4.2
108,1441966,3.5
108,299536,2.5
108,1220028,3.9
108,1446183,2.8
108,1437920,4.0
108,1330596,4.3
108,1294376,3.1
108,1428541,1.9
108,1418287,4.4
108,549509,2.8
108,1442918,2.3
109,1435053,1.2
109,1442322,2.3
109,307081,2.7
109,696506,4.1
109,970947,3.8
109,1312157,4.9
109,1441746,3.2
109,1424897,3.6
109,1359893,3.1
109,1437603,4.1
109,762509,3.6
109,1428541,3.7
109,680,3.8
109,1425366,1.3
109,1435766,3.5
109,1436366,5.0
109,1436456,1.3
109,1399896,1.9
109,1204967,4.5
109,1445179,2.4
110,1204967,4.5
110,1445505,2.1
110,177572,1.7
110,1386047,2.3
110,1415669,4.4
110,1127648,3.3
110,1426337,2.3
110,154400,3.2
110,1436458,1.0
110,974576,4.6
110,1130863,1.5
110,603,2.6
110,1443387,4.5
110,278,4.6
110,241554,2.8
110,1444744,1.6
110,24428,4.0
110,1294174,2.9
110,1424217,1.9
110,696506,4.5
111,1000881,2.7
111,361743,2.4
111,1442918,2.0
111,898271,2.5
111,516729,4.1
111,157336,3.2
111,1433906,3.1
111,1402698,4.5
111,1435766,1.5
111,1437603,4.8
111,1359893,3.9
111,1202479,1.5
111,1418112,3.7
111,1433813,1.8
111,1260485,4.9
111,1437485,4.8
111,1319629,1.9
111,1442308,1.9
111,1271724,1.5
111,1178556,2.0
112,1436456,2.6
112,98,1.3
112,1127674,4.2
112,1442386,2.7
112,120,4.1
112,1425370,2.3
112,238,3.8
112,1412392,2.5
112,1149167,2.6
112,661539,2.7
112,1178556,4.2
112,1269298,5.0
112,1428262,4.8
112,1384565,2.0
112,1400932,1.0
112,1426337,3.1
112,1435057,2.2
112,1306707,4.4
112,680,4.3
112,1439514,3.7
113,1445505,3.5
113,1422235,3.9
113,1064213,3.3
113,661539,3.2
113,1437485,3.7
113,1404722,2.0
113,189,2.4
113,194662,1.9
113,1442538,1.7
113,169917,3.8
113,1442388,3.8
113,1426343,1.5
113,214756,2.6
113,1443238,3.2
113,1441967,2.2
113,1436684,4.0
113,1107215,2.4
113,1442308,4.6
113,1106560,3.1
113,1446254,1.9
114,1376834,2.6
114,1444744,3.8
114,260346,4.4
114,1315476,1.0
114,1380415,4.1
114,1443487,3.0
114,1432795,4.7
114,278,2.2
114,1434009,3.3
114,189,3.1
114,516729,4.8
114,103,2.7
114,1433906,4.8
114,1432534,4.9
114,1000881,1.6
114,169917,4.7
114,1443002,1.1
114,1433836,4.8
114,1043808,2.4
114,1442141,3.6
115,238,1.1
115,1425296,4.0
115,361743,4.6
115,1214130,4.6
115,147441,4.7
115,696506,3.7
115,1356039,2.8
115,1425366,4.4
115,1013482,1.5
115,680,1.3
115,438631,2.3
115,1427653,4.9
115,1428262,2.7
115,1435766,2.8
115,1423299,2.9
115,1184918,4.5
115,299537,2.9
115,1182088,3.6
115,1422072,1.4
115,1426343,3.7
116,1216662,1.3
116,1359893,2.2
116,1047884,4.7
116,550,4.2
116,850920,3.2
116,1241982,4.7
116,1084199,4.3
116,777443,4.2
116,260346,4.5
116,1339790,4.7
116,1442431,1.2
116,205596,1.6
116,1356039,1.7
116,131631,3.2
116,1446174,1.5
116,1442915,4.3
116,98,1.6
116,1436703,1.1
116,1106739,4.9
116,898271,5.0
117,1178556,1.3
117,1384565,1.6
117,1433872,2.7
117,1291321,1.7
117,1437979,4.0
117,1438480,4.4
117,1317920,2.6
117,147441,4.8
117,1445302,2.1
117,1380415,3.2
117,1437515,2.9
117,1165393,3.4
117,1442388,4.8
117,1422166,1.9
117,1440828,2.3
117,205587,3.1
117,1439804,1.3
117,1438217,3.2
117,1435275,1.8
117,1368096,1.1
118,1325495,2.0
118,1424352,4.6
118,98,2.1
118,1436456,2.1
118,549509,1.9
118,1429788,2.3
118,1063873,3.2
118,1235619,4.8
118,169917,2.2
118,1306707,1.5
118,1361451,4.2
118,1075456,4.8
118,155,2.5
118,1266809,2.9
118,933260,2.9
118,1429784,3.7
118,1440906,3.5
118,1418112,1.5
118,800367,2.5
118,181533,1.9
119,1075456,2.2
119,1386047,2.8
119,1421053,1.7
119,1436703,2.0
119,1312157,3.0
119,1443480,2.1
119,171274,1.9
119,1443695,4.5
119,1440811,2.3
119,181533,4.7
119,1165393,3.3
119,1106560,3.0
119,1435057,2.2
119,299537,3.2
119,1149167,4.2
119,1440083,4.4
119,98,2.5
119,1442299,3.0
119,799766,3.5
119,707911,2.1
120,1013850,3.1
120,1425829,5.0
120,1420492,2.6
120,1439033,4.7
120,1436815,3.2
120,1208803,1.7
120,1269298,2.6
120,1437237,3.3
120,270303,2.1
120,1433574,4.5
120,68718,3.3
120,426063,1.6
120,1437603,4.3
120,1438546,1.5
120,1438502,4.7
120,1077281,4.1
120,1443238,2.7
120,1432368,3.3
120,1439526,1.7
120,1434291,4.9
121,155,4.6
121,1317920,4.0
121,1424352,2.8
121,1411411,4.4
121,1442200,4.7
121,1442316,3.9
121,1127674,2.2
121,1144417,4.9
121,1434291,1.3
121,1435053,1.9
121,287424,3.3
121,1357797,3.7
121,1389293,3.9
121,1167416,2.7
121,1390154,4.0
121,1444331,2.1
121,1368096,4.7
121,1291321,3.7
121,1378051,1.5
121,1422072,4.7
122,1445832,1.4
122,950396,1.8
122,1442438,2.4
122,1210938,3.6
122,1399896,3.4
122,1393191,2.0
122,205587,3.4
122,299537,2.4
122,1439804,2.3
122,278,3.8
122,1433881,4.3
122,1440144,1.4
122,1324389,2.3
122,1255192,4.6
122,1404722,4.2
122,156022,3.7
122,1405338,1.9
122,1443480,3.0
122,1157270,1.7
122,1418112,2.1
123,147441,4.2
123,155,1.3
123,1013850,1.5
123,1443470,3.5
123,1432368,4.4
123,1426343,4.8
123,1444331,1.1
123,1325495,2.4
123,1138194,3.2
123,1438546,3.6
123,1442689,4.0
123,1440811,1.4
123,1446066,4.7
123,1439526,2.8
123,1357797,1.4
123,262500,2.1
123,171274,2.9
123,1324389,3.2
123,1262495,1.8
123,1439514,3.5
124,194662,2.1
124,1428262,3.0
124,1433802,2.8
124,299536,1.7
124,1443663,4.0
124,1000881,1.6
124,939243,2.6
124,823219,3.2
124,262500,1.6
124,1425829,2.6
124,1432534,1.7
124,1391463,3.0
124,98,3.6
124,1440083,2.1
124,1433908,3.8
124,1204967,2.0
124,1429460,2.2
124,1440828,3.7
124,270303,4.7
124,950396,2.4
125,1437979,1.6
125,1442417,2.2
125,210577,2.2
125,1127674,2.3
125,1437920,1.8
125,254904,3.6
125,1106739,3.3
125,361743,5.0
125,1216571,1.5
125,171274,2.1
125,1445302,2.5
125,1418780,4.8
125,100042,4.3
125,241554,2.9
125,1084199,2.2
125,1325495,4.7
125,1432795,2.4
125,1312157,1.7
125,1442689,1.5
125,1443663,1.8
126,1418112,3.4
126,1208803,3.7
126,1420492,1.4
126,1018964,2.0
126,1315476,1.4
126,1198288,4.5
126,1000881,5.0
126,1437979,3.4
126,1443387,1.2
126,1301346,2.9
126,1438696,3.6
126,147441,4.9
126,1428262,2.4
126,1436684,4.7
126,1195506,4.5
126,1433906,4.7
126,1357797,3.4
126,1437515,1.0
126,361743,4.6
126,1130863,2.8
127,1432101,4.2
127,1433811,3.3
127,1184918,1.6
127,1286773,3.4
127,1294174,4.1
127,1149167,4.3
127,1171153,2.1
127,1182088,3.1
127,1443695,4.5
127,1425829,4.0
127,1436703,2.0
127,68718,3.2
127,1233575,2.4
127,1442200,4.7
127,1439614,4.7
127,1157270,4.0
127,1443378,2.1
127,98,3.0
127,1421781,4.6
127,1441840,2.2
128,189,3.2
128,1425370,2.0
128,265208,4.4
128,1322218,3.3
128,154400,4.6
128,262500,1.7
128,1446066,1.8
128,438631,3.2
128,188222,1.4
128,1393191,4.8
128,38,3.5
128,1404722,4.4
128,1436703,2.9
128,1013850,1.5
128,1400110,4.3
128,1441746,2.7
128,1356039,2.6
128,1359744,2.9
128,1171153,1.3
128,1424217,3.9
129,1428780,3.6
129,1391463,4.7
129,1438696,3.3
129,1291321,3.0
129,933260,3.4
129,1443551,4.2
129,1418287,1.3
129,1425360,3.9
129,1445713,4.4
129,1432534,4.8
129,823219,2.1
129,696506,1.7
129,1306284,4.5
129,1317920,3.8
129,1271724,3.9
129,260346,1.8
129,1427653,3.7
129,1399893,1.2
129,1441567,3.9
129,1444425,3.5
130,1325495,1.9
130,228150,1.4
130,1424897,2.3
130,661539,1.9
130,1445721,4.3
130,1443387,1.8
130,1216571,1.4
130,1439459,3.5
130,1203524,3.8
130,1357797,2.7
130,1435275,4.0
130,1326693,3.3
130,1195506,2.5
130,1439837,4.4
130,1353002,2.1
130,1384565,2.1
130,1438546,2.3
130,1443907,1.4
130,926670,2.9
130,1216662,4.5
131,1418780,1.6
131,1225572,2.0
131,1437920,4.0
131,1380415,4.0
131,1437438,1.9
131,205587,1.7
131,1433906,2.4
131,1435766,3.4
131,1262495,2.0
131,1445783,2.4
131,1433719,3.8
131,147441,4.2
131,1235619,4.1
131,1445179,3.3
131,1203524,4.5
131,278,1.6
131,970947,3.4
131,607141,1.5
131,1422166,3.4
131,1442918,1.5
132,1368096,1.7
132,1442278,4.6
132,1198288,1.9
132,1198288,1.3
132,262543,1.9
132,762509,4.2
132,157336,3.1
132,1271724,2.4
132,1437701,4.1
132,1442386,2.5
132,87101,2.0
132,171274,1.8
132,1423299,4.6
132,1444331,3.1
132,1405338,4.7
132,120,4.4
132,1018964,2.3
132,1425370,1.8
132,1107215,4.7
132,361743,2.2
133,1257409,1.3
133,1443551,4.3
133,1399893,2.0
133,1423299,3.1
133,1425360,4.9
133,1000085,4.7
133,1442689,2.5
133,823219,2.6
133,1442386,4.9
133,1441712,1.4
133,1444744,1.4
133,228967,4.3
133,1274751,3.6
133,1294174,2.5
133,1424352,2.9
133,1440144,2.1
133,1432368,3.1
133,1445721,3.0
133,1437920,1.9
133,1428780,1.5
134,1442764,1.2
134,475557,2.6
134,823219,2.1
134,287424,4.8
134,1437701,2.9
134,122917,3.1
134,177572,4.3
134,1436621,2.1
134,1434414,1.3
134,24428,4.4
134,603,1.7
134,1390154,1.3
134,1013482,2.9
134,241554,2.4
134,1427653,4.0
134,1424897,4.6
134,1178556,4.9
134,1418350,3.2
134,1439526,1.9
134,1324389,1.5
135,1437446,2.2
135,1428507,3.2
135,1353002,3.7
135,970947,3.1
135,1423295,1.9
135,169917,1.1
135,1440639,3.5
135,1119820,2.6
135,1445783,3.3
135,850920,4.6
135,1149463,4.2
135,1440083,1.1
135,1443247,2.6
135,1018964,4.3
135,1393191,2.3
135,1436621,2.9
135,1421781,3.8
135,1404172,3.4
135,1013850,4.0
135,1427653,1.2
136,103,1.8
136,155,4.2
136,87101,2.0
136,438631,3.3
136,1428507,4.2
136,762509,1.2
136,1000085,2.3
136,1325495,3.3
136,1438208,4.9
136,1441567,4.9
136,1075456,3.2
136,1439526,1.1
136,1301346,2.9
136,1440811,1.4
136,1445832,1.0
136,1433836,2.7
136,1433811,4.2
136,1384565,2.3
136,1443387,3.1
136,1443238,3.2
137,1423093,2.2
137,1357797,4.7
137,1443551,1.6
137,1439509,2.0
137,1424352,1.6
137,100042,1.4
137,603,1.5
137,1275245,1.6
137,1438217,4.1
137,103,1.9
137,27205,2.4
137,205596,2.9
137,1432534,2.5
137,1434009,3.5
137,1198288,2.6
137,1443695,4.5
137,1322218,3.6
137,361743,3.4
137,1443238,3.1
137,1443993,3.9
138,1426343,3.0
138,1443695,4.6
138,1433831,1.1
138,1339790,3.0
138,87101,3.9
138,1266809,4.8
138,1420492,1.9
138,1144417,4.6
138,1084199,1.6
138,1214894,2.7
138,1431328,2.2
138,1208803,1.9
138,1361451,4.3
138,1442438,3.9
138,696506,2.3
138,307081,3.8
138,1433862,1.5
138,1195506,1.2
138,872585,1.1
138,1202479,3.6
139,696506,3.0
139,1434414,3.0
139,1443247,4.8
139,1418350,2.2
139,1231695,4.1
139,927342,1.8
139,1441967,3.2
139,1433811,4.9
139,1443993,2.9
139,98,2.6
139,1013482,2.0
139,926670,2.8
139,1083968,2.0
139,1438208,3.6
139,98,1.8
139,1203524,2.3
139,550,2.3
139,1446183,1.1
139,1444425,4.1
139,1435766,5.0
140,1126166,4.8
140,1436366,2.0
140,27205,1.7
140,1437920,3.7
140,1419826,3.7
140,1421001,4.8
140,1271724,1.9
140,1442417,2.3
140,1443695,5.0
140,1233575,3.6
140,1399686,4.5
140,1286663,3.2
140,1216571,2.2
140,1000881,4.3
140,1436703,3.5
140,1425373,1.1
140,1356039,1.2
140,1429460,1.4
140,227159,1.7
140,1421781,3.1
141,1292367,3.4
141,1269298,4.4
141,154400,1.3
141,1437701,4.7
141,1149463,1.2
141,1399896,3.0
141,1435269,2.5
141,1140535,2.6
141,1432795,3.1
141,1433908,2.3
141,1437446,1.8
141,156022,1.1
141,823219,4.0
141,1443487,4.5
141,210577,2.2
141,1389293,3.0
141,1165393,3.6
141,1063873,4.0
141,1378734,2.4
141,1418350,3.4
142,1255192,4.7
142,1444332,3.2
142,1445713,4.2
142,1418112,4.3
142,131631,3.1
142,1233575,3.7
142,1167416,1.7
142,122917,1.8
142,260346,2.9
142,1013482,3.1
142,1225572,2.8
142,262543,1.2
142,1214130,1.6
142,1421781,2.3
142,1442200,4.9
142,188222,2.4
142,1442689,1.7
142,1149167,1.2
142,675776,3.6
142,1439459,4.0
143,1431328,3.1
143,1441746,3.3
143,1433900,4.2
143,1442538,2.0
143,1445783,1.4
143,1441567,3.3
143,228150,4.7
143,1415669,2.1
143,122,1.1
143,1434414,4.5
143,1433811,2.0
143,1441712,3.1
143,1386047,3.1
143,1127648,2.0
143,603,1.8
143,1353002,1.5
143,1416501,2.0
143,680,2.5
143,1444744,3.1
143,1297763,3.3
144,1294174,2.2
144,1425370,2.0
144,1317920,3.7
144,1003504,3.0
144,1225572,4.6
144,1294376,2.8
144,1429460,2.2
144,1445721,3.3
144,898271,1.3
144,1255192,2.1
144,1432098,2.9
144,1445168,1.0
144,1436450,1.4
144,189,2.9
144,1435275,4.8
144,1444686,3.4
144,1315476,3.1
144,1106739,4.0
144,254904,2.1
144,707911,4.4
145,1353117,1.1
145,361743,3.0
145,1442386,1.1
145,1440083,4.7
145,1433860,1.7
145,1445179,2.0
145,1214130,4.2
145,1444253,1.0
145,1420492,4.7
145,1439254,3.3
145,1440404,4.2
145,1411411,2.8
145,1275248,4.5
145,1425892,1.9
145,1286663,1.3
145,1439514,1.2
145,1433906,3.9
145,238,4.7
145,1140535,4.0
145,1433872,4.7
146,1198288,3.0
146,1257409,4.9
146,1204967,1.6
146,1441567,1.8
146,1384565,4.8
146,1438480,3.9
146,1436621,4.1
146,516729,1.2
146,1438203,2.2
146,1437920,3.0
146,1433838,4.7
146,1445179,4.4
146,307081,3.1
146,1445505,4.4
146,1420234,4.1
146,1437237,3.5
146,1138194,2.7
146,1440811,4.9
146,1434672,3.0
146,1445832,2.0
147,1433838,1.5
147,1441567,1.1
147,1400932,2.6
147,98,4.7
147,1130863,3.9
147,1425370,1.5
147,1440087,3.5
147,1424897,4.5
147,1442431,1.8
147,1399686,4.7
147,1315476,4.7
147,1433811,2.8
147,1319629,2.1
147,1440906,1.5
147,1043808,1.4
147,1417181,1.2
147,1353002,2.9
147,1357797,2.4
147,1328767,2.9
147,1182088,3.0
148,1419826,1.1
148,228967,2.3
148,1013850,3.0
148,1432795,3.8
148,1400932,4.3
148,1444331,1.9
148,1063873,2.9
148,1418780,2.5
148,1435275,4.3
148,1326693,4.8
148,1436684,4.8
148,558449,2.9
148,1432480,5.0
148,1445179,4.6
148,1434672,1.4
148,872585,3.2
148,1439254,2.1
148,1442278,4.9
148,1438696,4.3
148,1144417,1.0
149,970947,3.1
149,1446219,2.7
149,1424217,3.9
149,426063,1.7
149,154400,1.3
149,1438208,3.1
149,926670,4.3
149,1437438,3.0
149,270303,4.1
149,1306284,2.1
149,1424352,4.5
149,1231695,2.7
149,241554,4.8
149,1248276,3.6
149,1368096,2.6
149,1439804,3.1
149,1214130,4.6
149,1202479,4.8
149,872585,1.2
149,1013482,3.4
150,1442278,2.1
150,1438696,3.8
150,1431744,2.0
150,154400,2.6
150,1442417,1.7
150,1322218,2.3
150,1439514,4.5
150,426063,2.8
150,1425829,3.4
150,1275248,4.3
150,227159,2.5
150,1378734,4.2
150,1437446,1.9
150,1312157,2.2
150,1441712,1.8
150,1438267,4.4
150,1438502,2.3
150,1443487,1.9
150,1439509,1.8
150,607141,1.9
151,1353117,2.0
151,1435057,1.8
151,438631,2.1
151,1415669,2.9
151,898271,2.1
151,872585,4.4
151,1435275,1.8
151,98566,4.7
151,228967,4.8
151,1446066,2.8
151,1400110,3.1
151,1422072,2.6
151,1425373,4.8
151,1444332,1.3
151,1425366,4.4
151,1432480,3.7
151,155,1.8
151,1436683,1.5
151,1269298,1.5
151,1441966,2.5
152,1439254,2.9
152,1301346,4.2
152,1443387,3.6
152,1063873,2.5
152,1434414,1.4
152,1442308,1.2
152,1425360,4.3
152,1436456,4.3
152,1084199,2.9
152,414906,3.0
152,131631,3.0
152,1438267,4.9
152,1422471,1.1
152,1417181,1.6
152,1330596,1.5
152,1043808,4.9
152,1436704,4.4
152,169917,3.6
152,98,2.8
152,1202479,4.3
153,227159,2.8
153,1167416,2.0
153,1275245,1.6
153,1426337,2.9
153,1420234,4.8
153,661539,3.0
153,1422166,2.8
153,926670,1.1
153,1443247,2.1
153,38,4.6
153,122,3.8
153,1437485,2.1
153,447273,4.9
153,1202479,1.6
153,1047884,4.1
153,1444332,2.7
153,1235619,1.8
153,1417677,3.9
153,1442538,3.8
153,299536,2.3
154,1208803,4.2
154,1425366,2.3
154,1140535,4.1
154,1441746,1.5
154,1442388,2.3
154,680,3.9
154,1445713,2.4
154,1429460,3.9
154,1149463,1.6
154,1047884,4.5
154,1442438,4.0
154,1315476,3.1
154,1437920,1.6
154,1436684,3.9
154,1417181,1.9
154,1432098,4.9
154,1292367,3.6
154,1425296,2.6
154,38,1.0
154,823219,1.8
155,1392821,1.4
155,414906,4.5
155,1440144,1.2
155,1422166,2.4
155,1437237,4.3
155,1433813,4.7
155,1127648,4.2
155,1434009,1.7
155,1359893,2.4
155,1390154,2.7
155,103,1.3
155,1442316,1.3
155,1445832,3.5
155,1428262,2.9
155,1418287,1.5
155,1406240,4.3
155,1422166,1.6
155,1439004,4.2
155,1442278,1.4
155,98,3.9
156,1438217,3.8
156,1231695,3.4
156,299536,2.3
156,228150,3.9
156,1436683,1.5
156,1292367,3.2
156,1000085,3.7
156,872585,2.5
156,1438208,4.9
156,244786,3.0
156,1435269,4.1
156,1433813,2.6
156,1446183,2.3
156,1436621,2.2
156,270303,5.0
156,1390154,1.5
156,1013601,1.5
156,287424,2.5
156,1157270,4.4
156,27205,2.9
157,1436366,2.6
157,1359744,4.4
157,1442308,1.5
157,1436703,4.6
157,1422166,3.7
157,1216571,4.5
157,696506,4.4
157,1438696,4.5
157,1423299,4.8
157,1432534,3.7
157,1325495,3.2
157,1428262,1.7
157,1428541,2.0
157,1075456,1.1
157,1013850,4.9
157,1047884,1.7
157,1220028,3.9
157,1375762,4.7
157,1412392,4.9
157,1416501,3.1
158,1436621,2.1
158,169917,4.2
158,475557,2.3
158,1214069,2.9
158,1445713,2.2
158,1423093,2.2
158,262543,2.8
158,1404722,4.9
158,1427653,1.8
158,1271724,1.4
158,1442538,1.9
158,1319629,3.5
158,603,3.5
158,1429784,2.5
158,1231695,4.5
158,414906,1.1
158,1422081,3.0
158,1436269,2.6
158,1421781,3.7
158,1433719,2.2
159,194662,2.9
159,1208803,1.5
159,1391463,1.9
159,1432795,2.3
159,1427653,4.7
159,549509,3.7
159,1441712,2.8
159,1434414,1.7
159,156022,3.3
159,1438203,1.6
159,1429784,1.7
159,1440404,2.0
159,799766,4.9
159,1324389,3.6
159,1063873,3.7
159,607141,3.9
159,1445505,2.2
159,1127674,1.8
159,1013482,1.7
159,1443695,2.6
160,1437920,4.5
160,1439254,4.2
160,1440087,4.4
160,1441746,3.0
160,27205,1.5
160,1440639,4.1
160,189,1.1
160,1420899,1.5
160,1000881,3.6
160,1167416,2.8
160,1440811,3.2
160,1433872,2.1
160,1442295,1.2
160,1444686,2.1
160,244786,3.5
160,1435766,4.6
160,1433719,2.4
160,1429460,1.9
160,898271,4.9
160,1043808,2.7
161,1439804,4.9
161,1433811,1.5
161,1231695,2.2
161,122,1.8
161,1442538,1.9
161,1445179,2.2
161,800367,3.6
161,549509,3.1
161,120,3.2
161,1446317,2.9
161,1422072,4.6
161,1437446,3.4
161,950396,3.2
161,1442764,1.7
161,1436621,1.9
161,1412392,5.0
161,1432368,3.0
161,1443480,1.6
161,361743,3.9
161,1441567,4.7
162,607141,1.1
162,227159,1.8
162,1446183,3.0
162,1418780,3.5
162,1437515,3.0
162,1412392,1.5
162,516729,2.7
162,1380415,2.8
162,1437603,4.5
162,1149463,2.3
162,926670,3.7
162,1432098,3.9
162,278,5.0
162,1436704,3.6
162,1315476,3.0
162,1438217,4.7
162,1433802,1.9
162,1445505,2.9
162,147441,2.8
162,1167416,2.2
163,1437237,2.2
163,1306284,1.0
163,970947,1.8
163,1425829,2.2
163,1443480,4.0
163,1433860,4.5
163,1439804,2.6
163,974576,1.0
163,777443,2.5
163,1437701,3.4
163,1437485,1.3
163,1421781,1.0
163,1434291,2.5
163,1286773,4.3
163,1198288,2.4
163,1442386,4.9
163,1317920,4.7
163,1442295,4.3
163,1432795,1.2
163,1241982,2.1
164,970947,1.2
164,1241982,3.6
164,1441840,2.9
164,1444331,2.3
164,1106560,3.0
164,1418287,3.4
164,1433836,1.6
164,1440639,1.1
164,1429788,2.8
164,1439033,1.1
164,1424103,2.4
164,1437920,3.5
164,1412392,1.4
164,1368096,3.3
164,1446254,1.0
164,1436684,3.2
164,1443487,3.7
164,1214069,1.4
164,1432534,2.7
164,1432101,1.9
165,1432101,2.4
165,1445783,4.2
165,241554,3.4
165,1438546,1.6
165,1119820,2.9
165,1075456,3.2
165,823219,2.6
165,1402698,1.2
165,707911,4.5
165,558449,1.4
165,1294174,4.2
165,1392821,4.3
165,1418287,2.5
165,1013850,3.7
165,1429460,1.3
165,1149463,2.0
165,1420899,2.8
165,1371370,4.0
165,1306284,1.4
165,1445179,4.4
166,850920,3.1
166,1378734,3.2
166,1231695,2.0
166,1440404,2.4
166,1425892,2.1
166,1301346,3.4
166,1422166,4.1
166,1384565,4.8
166,122917,3.1
166,194662,5.0
166,1389293,3.6
166,1439459,5.0
166,1442417,2.0
166,1340727,2.1
166,1437237,2.9
166,1442764,1.2
166,1119820,4.5
166,120,3.7
166,1422072,2.8
166,1275245,3.9
167,1126166,2.0
167,1424897,1.1
167,1441712,2.4
167,1437438,1.1
167,207933,1.3
167,822119,1.6
167,1306707,4.9
167,1000881,4.1
167,100042,3.8
167,607141,1.0
167,38,4.8
167,603,3.8
167,438631,3.8
167,1425373,3.5
167,515001,1.2
167,1064213,2.3
167,1439514,2.8
167,1443663,3.9
167,1446254,1.4
167,974576,3.2
168,27205,4.4
168,1417677,3.8
168,1225572,1.9
168,1429460,5.0
168,1443907,2.9
168,1444331,1.9
168,1064213,2.4
168,1235619,1.8
168,87101,1.9
168,1440087,3.1
168,1429788,3.1
168,1418287,4.8
168,1425366,3.5
168,1442431,4.1
168,1418780,3.0
168,661539,4.4
168,1430968,2.8
168,1442388,3.1
168,1294376,3.3
168,1443238,3.6
169,1440776,3.0
169,1421053,3.0
169,1422471,2.0
169,1417677,1.3
169,1436366,4.7
169,1443695,4.2
169,1433900,1.6
169,1317920,3.5
169,1291321,4.5
169,1439804,4.0
169,1437979,1.7
169,777443,1.1
169,1406240,1.9
169,822119,3.9
169,696506,3.9
169,1446308,1.1
169,1428262,1.7
169,68718,3.6
169,1436704,2.3
169,1400932,2.7
170,1399686,3.4
170,262543,1.7
170,1435053,1.3
170,1436458,4.5
170,1440776,3.0
170,1444744,2.6
170,1426337,2.9
170,1269298,3.9
170,1000085,2.2
170,1445168,2.2
170,1294376,4.9
170,1260485,3.9
170,1432534,2.3
170,1167416,3.3
170,1356039,3.6
170,1353117,2.2
170,1233575,4.9
170,1422471,3.3
170,1003504,3.3
170,1106739,4.7
171,1423299,3.5
171,1319629,3.8
171,1431744,1.3
171,1443993,3.1
171,1446308,2.0
171,1435057,1.4
171,1436450,2.2
171,156022,1.6
171,307081,4.4
171,1420234,2.2
171,1214894,4.5
171,1013601,1.7
171,1446254,3.6
171,1445168,2.9
171,1306284,4.4
171,1446219,1.4
171,603,4.6
171,1432534,3.3
171,241554,2.3
171,1440828,4.8
172,1433574,4.3
172,974576,2.7
172,1436684,1.2
172,1297763,3.9
172,1437438,3.1
172,1441967,3.5
172,1437237,2.3
172,1241982,3.7
172,1432098,1.3
172,1432534,3.3
172,1322218,2.4
172,777443,4.3
172,241554,3.7
172,265208,1.4
172,696506,2.3
172,1442764,4.1
172,1442141,1.9
172,1231695,3.0
172,1214130,1.9
172,1257409,4.3
173,1286773,2.3
173,1422166,3.5
173,1047884,4.1
173,1127648,4.9
173,1328767,2.0
173,1317096,3.5
173,1421001,1.9
173,1444331,4.1
173,1171153,3.0
173,799766,4.7
173,1435057,3.2
173,1441967,1.2
173,1433881,1.9
173,1437237,3.3
173,1439526,4.1
173,1425296,2.2
173,1437438,3.4
173,1357797,3.6
173,1441712,4.2
173,1439509,4.3
174,1435053,1.1
174,1437920,4.1
174,1433862,4.6
174,1445302,2.1
174,122917,2.1
174,1306707,4.6
174,1420492,1.2
174,1433860,1.5
174,1149167,2.8
174,1421001,3.0
174,1291321,3.0
174,87101,2.7
174,1446254,3.1
174,1418287,3.6
174,1000085,1.4
174,1438267,2.3
174,1371370,1.0
174,1432098,1.9
174,1437237,4.7
174,299537,4.1
175,1322218,3.5
175,188222,3.4
175,1442915,1.0
175,38,1.6
175,1438546,4.1
175,1435269,1.1
175,262500,1.4
175,1178556,4.3
175,1432534,3.5
175,1440776,3.3
175,1443470,2.3
175,1412392,3.5
175,1375762,3.9
175,1047884,4.9
175,1339790,3.1
175,1119820,3.9
175,1359893,1.3
175,438631,1.2
175,1301346,2.9
175,1443480,3.6
176,777443,4.2
176,1443247,1.7
176,1435766,3.7
176,1376834,2.2
176,1013482,3.4
176,1216571,3.1
176,1421001,4.4
176,188222,4.9
176,1235619,3.1
176,1440776,1.2
176,1231695,4.6
176,1208803,1.5
176,1429788,3.6
176,680,3.8
176,675776,3.5
176,1433908,3.4
176,1433811,4.4
176,1436683,3.0
176,1047884,3.7
176,1417677,4.4
177,926670,2.4
177,707911,1.7
177,1443993,3.1
177,558449,3.9
177,1439254,3.0
177,675776,2.7
177,1317920,3.2
177,1421781,1.1
177,1315476,4.3
177,1357797,3.8
177,1443470,4.8
177,1433900,3.2
177,98,1.2
177,1443002,4.7
177,1429788,2.9
177,227159,4.7
177,1433838,1.1
177,1422166,4.1
177,603,4.0
177,1442322,3.0
178,156022,3.0
178,1436621,4.5
178,1443695,3.4
178,1371370,4.5
178,1445168,2.2
178,1422166,4.1
178,1443993,3.2
178,1204967,2.5
178,1378734,1.8
178,1013850,3.5
178,210577,3.3
178,926670,5.0
178,1423295,2.1
178,675776,4.2
178,214756,1.6
178,1322218,3.3
178,1317920,3.7
178,1442200,1.2
178,1436450,4.5
178,1445302,4.3
179,1380415,3.9
179,87101,3.9
179,1441967,2.2
179,1440828,1.7
179,1286663,2.4
179,1216662,3.5
179,1437237,2.7
179,27205,3.2
179,1437446,3.7
179,1075456,1.9
179,1306284,3.6
179,1178556,2.4
179,1418350,2.0
179,872585,3.6
179,227159,3.9
179,1432368,1.7
179,254904,4.8
179,1378734,2.0
179,1445168,4.7
179,98566,4.3
180,1433719,2.4
180,1425892,3.6
180,1167416,1.7
180,1436683,4.7
180,1417181,2.4
180,898271,1.4
180,800367,3.3
180,1443470,3.0
180,762509,2.7
180,1444332,1.1
180,205596,1.3
180,131631,2.2
180,1445505,1.4
180,1262495,4.5
180,696506,4.1
180,1359893,3.0
180,254904,2.4
180,1429784,2.1
180,1423299,4.1
180,1297763,3.3
181,265208,3.9
181,1404722,1.8
181,1441567,2.5
181,1446308,3.2
181,1140535,2.8
181,1003504,1.3
181,1425829,4.5
181,1441840,1.8
181,1210938,4.1
181,1412392,4.0
181,287424,3.6
181,1198288,3.3
181,1434009,2.2
181,1443663,3.9
181,1443480,3.1
181,1013850,1.9
181,1443238,1.2
181,1438217,3.4
181,1286663,4.7
181,1423093,4.3
182,1443002,4.5
182,1434672,1.6
182,1444332,3.1
182,1438203,1.7
182,1422471,2.5
182,970947,1.2
182,1446066,2.8
182,1437485,3.7
182,262543,4.6
182,1445783,3.8
182,1421001,4.9
182,1428262,1.4
182,1433811,2.9
182,1445783,2.4
182,1312157,2.6
182,1043808,3.7
182,850920,2.9
182,1437920,2.8
182,1442308,1.2
182,1435053,1.5
183,1418287,4.5
183,1208803,2.3
183,1294376,3.6
183,1442388,3.5
183,1442322,2.8
183,1356039,3.8
183,707911,3.0
183,516729,2.9
183,241554,3.8
183,1432795,2.6
183,1353002,1.1
183,98,2.0
183,1428780,1.9
183,1442278,3.8
183,1402698,3.5
183,1439837,4.3
183,1106739,3.7
183,950396,1.5
183,1445832,2.7
183,1435269,4.6
184,122917,2.0
184,1126166,4.8
184,177572,2.6
184,1317920,2.3
184,1297763,1.2
184,1203524,4.7
184,1440776,4.8
184,1013482,4.0
184,1274751,1.6
184,98,3.7
184,1446174,3.2
184,1432101,4.1
184,244786,3.0
184,1429788,3.7
184,777443,4.1
184,1433906,1.6
184,850920,4.9
184,1322218,3.6
184,278,1.0
184,228967,1.1
185,1130863,2.6
185,227159,3.0
185,1317920,4.2
185,1432795,1.9
185,1429784,1.7
185,1436704,2.7
185,1442764,1.5
185,974576,2.5
185,287424,4.9
185,1018964,2.6
185,1440083,4.9
185,1432534,1.5
185,87101,2.9
185,1324389,3.9
185,898271,1.9
185,707911,4.7
185,1106560,3.0
185,1384565,1.3
185,1339790,1.6
185,1442278,3.4
186,1442538,5.0
186,1317096,2.9
186,1203524,3.9
186,1433836,5.0
186,1432480,2.7
186,1434291,3.9
186,1425366,4.3
186,1233575,1.4
186,1130863,2.2
186,1441567,4.9
186,1424565,3.1
186,1436456,1.1
186,1399893,3.6
186,1419826,2.7
186,177572,2.9
186,1444253,3.9
186,1399896,1.8
186,1439614,1.8
186,1357797,1.0
186,1412392,1.0
187,1319629,1.5
187,1442308,2.9
187,933260,3.4
187,1443238,3.3
187,1402698,1.6
187,1292367,1.2
187,1424217,4.5
187,1434672,2.4
187,515001,1.1
187,188222,2.6
187,1434009,1.5
187,1275245,4.7
187,1420234,4.1
187,1422166,1.3
187,1275248,2.3
187,1000881,4.6
187,1439514,4.4
187,1424565,2.2
187,103,2.4
187,122,4.5
188,970947,3.3
188,515001,4.6
188,1442322,3.8
188,1440083,1.8
188,1437701,2.8
188,1404722,3.1
188,1198288,3.3
188,414906,1.7
188,1317096,3.6
188,1432534,3.7
188,205587,3.9
188,1144417,2.1
188,1312157,1.0
188,707911,4.4
188,1182088,1.1
188,799766,2.8
188,1301346,1.1
188,1165393,2.4
188,154400,3.3
188,1440811,3.2
189,1441840,3.0
189,1433872,4.9
189,1077281,4.4
189,1220028,1.1
189,1435053,2.0
189,414906,5.0
189,1443247,4.8
189,1266809,2.0
189,1443378,4.2
189,1184918,3.6
189,1214894,3.0
189,1425892,1.4
189,100042,1.4
189,154400,1.5
189,1319629,3.4
189,1000085,1.7
189,1435275,2.5
189,1399893,3.6
189,1437485,1.1
189,262543,4.8
190,823219,2.7
190,1435057,1.4
190,1432368,2.3
190,1424352,2.3
190,1434672,4.1
190,1442278,1.5
190,1445505,2.6
190,1203524,2.0
190,131631,2.1
190,1444253,2.4
190,1442141,2.6
190,1437485,4.0
190,1420234,1.3
190,675776,4.0
190,177572,3.5
190,147441,1.6
190,1018964,4.5
190,1422166,3.1
190,799766,3.1
190,1077281,1.1
191,1417677,2.1
191,1425296,2.7
191,1386047,2.0
191,1198288,3.0
191,254904,3.1
191,1274751,4.2
191,177572,3.5
191,1426343,3.8
191,1375762,5.0
191,1434291,3.7
191,1402698,4.5
191,189,2.8
191,800367,3.2
191,1422166,1.9
191,1436815,3.9
191,1294174,2.2
191,1432480,2.6
191,1446174,3.0
191,1438217,4.2
191,1439033,4.5
192,1421053,2.2
192,262543,1.6
192,1434672,3.5
192,1440828,2.4
192,1437438,2.1
192,1368096,2.0
192,1405338,1.8
192,1418112,3.7
192,1353002,1.2
192,1317096,1.4
192,1415669,4.9
192,1275245,2.5
192,1286773,4.9
192,950396,3.6
192,181533,4.2
192,1203524,4.4
192,1130863,3.0
192,1438546,2.4
192,1442689,4.3
192,1422081,1.7
193,188222,3.2
193,1324389,1.7
193,1262495,2.7
193,1442316,2.6
193,1392821,2.3
193,1248276,4.2
193,1297763,2.8
193,1445721,3.8
193,1426337,1.2
193,1423299,4.8
193,1436456,4.6
193,1423295,3.6
193,1433906,3.6
193,1444425,3.9
193,1438696,5.0
193,1446254,1.1
193,1432795,4.2
193,1424897,4.3
193,762509,1.0
193,1390154,3.7
194,447273,4.9
194,1433860,2.0
194,38,3.5
194,939243,2.5
194,823219,4.8
194,227159,2.1
194,1400110,4.8
194,1326693,2.9
194,1182088,1.2
194,1412392,3.2
194,1157270,2.3
194,1424565,3.4
194,1435766,3.3
194,1438480,3.9
194,262500,2.0
194,1075456,3.5
194,1380415,4.5
194,1421053,2.4
194,1255192,4.7
194,254904,1.6
195,1144417,3.6
195,1428262,1.1
195,1441966,2.9
195,1075456,2.9
195,1202479,4.9
195,1214130,2.7
195,1286773,1.8
195,1445302,2.7
195,515001,3.4
195,1439509,4.8
195,1328767,2.4
195,68718,4.7
195,1444686,1.0
195,244786,1.1
195,98,1.4
195,1433881,4.6
195,1339790,2.7
195,1432101,3.5
195,188222,4.2
195,1325495,4.0
196,1436269,2.7
196,447273,2.1
196,307081,1.8
196,1257409,3.7
196,800367,4.0
196,1442295,2.1
196,1406240,1.5
196,1106739,1.2
196,1437701,2.4
196,1437438,4.5
196,1432534,2.1
196,154400,2.3
196,1432101,2.9
196,1325495,2.6
196,1301346,3.7
196,799766,1.5
196,1445721,4.8
196,1443247,2.4
196,1438208,1.2
196,1167416,4.7
197,1356039,2.9
197,1431744,3.4
197,1442141,1.6
197,169917,4.8
197,1340727,2.7
197,1214894,1.6
197,1325495,3.6
197,98566,3.0
197,1077281,3.2
197,1446174,1.4
197,307081,3.3
197,1130863,4.5
197,1443663,3.3
197,1421001,3.9
197,1361451,4.2
197,1440144,2.5
197,1442438,2.6
197,1445179,2.7
197,181533,2.6
197,1184918,4.0
198,1435766,3.9
198,1434812,1.2
198,1440828,3.5
198,238,2.5
198,1356039,4.5
198,1291321,2.4
198,1167416,3.5
198,1317096,3.2
198,1436621,4.4
198,414906,4.7
198,1440811,2.2
198,1214130,2.9
198,1433862,3.2
198,1445783,3.8
198,1443387,2.4
198,1013850,3.5
198,1412392,4.8
198,1431328,3.1
198,1106560,3.4
198,1013850,3.1
199,1434672,2.7
199,1424103,4.3
199,1198288,4.8
199,1443002,3.5
199,1417181,3.9
199,1399896,1.1
199,1182088,4.4
199,1442278,1.1
199,800367,5.0
199,1429788,2.9
199,822119,2.3
199,1106560,2.7
199,549509,4.7
199,210577,3.3
199,1442295,4.3
199,1275248,3.8
199,1442388,2.6
199,1198288,2.4
199,1324389,4.2
199,205596,2.0
200,426063,2.8
200,558449,3.6
200,1434812,4.2
200,1442308,1.7
200,1442299,1.7
200,1417677,3.9
200,1157270,3.4
200,1018964,3.2
200,1235619,3.0
200,1077281,2.9
200,1436269,3.8
200,1446174,1.3
200,68718,3.2
200,1220028,3.9
200,1433811,1.0
200,1208803,1.3
200,1432534,1.5
200,1138194,4.5
200,1216662,4.2
200,270303,4.4
201,1317096,4.9
201,1368096,4.7
201,1271724,2.8
201,1433813,1.3
201,1420899,4.6
201,361743,4.4
201,1437446,3.0
201,1436456,4.7
201,1438696,2.2
201,1436621,1.5
201,1421781,3.3
201,1075456,4.3
201,1412392,2.1
201,1442316,2.0
201,1325495,2.4
201,1420492,3.8
201,238,4.8
201,154400,1.1
201,1429784,1.8
201,1214130,1.8
202,1434414,3.1
202,1384565,1.3
202,1294174,3.3
202,1446308,3.3
202,1425373,1.1
202,1436683,1.6
202,1184918,1.7
202,122917,3.7
202,103,2.6
202,307081,2.0
202,1429788,1.6
202,1442295,3.7
202,1399893,3.4
202,1445179,1.7
202,1419826,4.2
202,1198288,2.1
202,1220028,1.7
202,1439509,2.4
202,1127648,1.3
202,1376834,1.5
203,1443002,4.7
203,1214894,4.0
203,177572,1.8
203,1417181,4.2
203,1436450,4.2
203,214756,4.7
203,707911,2.3
203,205587,4.6
203,438631,4.8
203,1257409,4.0
203,1266809,1.2
203,1437485,2.5
203,131631,4.7
203,194662,2.1
203,1444331,3.9
203,1356039,2.9
203,1435275,2.2
203,1440906,5.0
203,1439514,3.7
203,155,4.4
204,1443551,3.1
204,1378051,4.5
204,939243,1.4
204,1000085,2.1
204,1361451,4.3
204,549509,4.2
204,1317920,4.7
204,1440639,2.9
204,87101,1.3
204,122917,2.8
204,1442438,3.4
204,1127674,3.3
204,1442431,1.8
204,1406240,1.5
204,1438696,4.1
204,1140535,2.3
204,1420234,1.8
204,1328767,1.2
204,1386047,2.8
204,1444686,1.0
205,205587,1.3
205,157336,4.5
205,1438217,1.8
205,1442141,3.5
205,1445179,2.4
205,1317920,1.3
205,1439526,1.7
205,1442438,2.0
205,1399893,4.6
205,361743,1.5
205,1424352,4.3
205,1440906,1.2
205,1271724,2.5
205,558449,3.4
205,1216571,3.3
205,1423299,2.1
205,1445783,2.2
205,1428262,3.1
205,438631,1.2
205,262500,4.1
206,1119820,2.2
206,1437603,4.2
206,1433802,4.9
206,1184918,3.0
206,1402698,2.5
206,262500,3.7
206,1241982,1.9
206,1438069,3.3
206,1421781,1.2
206,1442295,2.6
206,287424,2.7
206,227159,4.8
206,1210938,4.8
206,1433838,4.1
206,438631,1.5
206,1446219,4.2
206,1439514,3.8
206,1425892,1.2
206,1443993,4.6
206,1435269,3.2
207,1422166,4.3
207,1376834,2.1
207,100042,2.5
207,1425366,4.1
207,1198288,2.0
207,205587,1.4
207,1000881,2.1
207,1235619,4.5
207,1444331,1.4
207,1286773,4.8
207,1375762,3.0
207,1269298,3.9
207,1167416,2.5
207,1429788,1.5
207,1445721,3.8
207,188222,2.3
207,205596,2.2
207,1286663,1.0
207,1438217,1.0
207,1421053,2.8
208,1442141,1.7
208,1214894,3.8
208,1445179,3.4
208,1144417,1.4
208,122,2.7
208,447273,3.4
208,1435057,2.6
208,1443247,1.7
208,1149167,1.8
208,414906,2.0
208,1433802,1.1
208,1420899,4.3
208,1433719,3.8
208,1428507,4.8
208,1418350,3.9
208,1443487,2.4
208,1437603,4.4
208,1438480,3.0
208,1445783,3.6
208,1328767,3.1
209,210577,2.7
209,205596,2.5
209,1426343,3.4
209,189,1.0
209,603,3.2
209,1013850,3.2
209,1433836,1.4
209,823219,4.1
209,122917,3.2
209,1425360,1.3
209,1443695,4.6
209,1144417,4.6
209,1430968,3.6
209,1418112,2.3
209,1438217,3.1
209,1434812,3.2
209,1418780,2.2
209,1436366,4.0
209,1157270,4.1
209,1083968,3.2
210,933260,3.2
210,939243,1.8
210,1319629,1.7
210,1445783,4.7
210,1412392,1.1
210,299537,1.7
210,1440639,4.4
210,1306707,4.3
210,1404722,1.7
210,1442141,2.6
210,1275248,1.0
210,24428,3.4
210,157336,4.5
210,558449,3.9
210,800367,3.7
210,1384565,2.0
210,1077281,3.1
210,1434672,4.9
210,1274751,3.6
210,1434291,4.1
211,1404722,4.7
211,1433802,2.8
211,1380415,4.7
211,1432480,3.5
211,1420234,3.9
211,1442431,4.3
211,1445721,3.2
211,1214894,2.3
211,1439033,2.8
211,1198288,2.4
211,1444744,2.0
211,1043808,4.1
211,1157270,4.0
211,1438480,3.5
211,1423299,1.3
211,1436815,3.6
211,1317920,1.4
211,933260,4.5
211,1393191,3.9
211,1437979,2.9
212,1433719,4.0
212,1442431,1.7
212,1315476,1.3
212,1013482,3.3
212,1433831,2.6
212,87101,4.6
212,1359893,2.0
212,1294174,5.0
212,1433802,1.3
212,603,2.9
212,1436450,4.6
212,1442295,4.7
212,1425892,4.3
212,1442141,1.7
212,1225572,3.5
212,898271,3.2
212,800367,1.5
212,1441840,4.2
212,1140535,3.7
212,1425373,3.9
213,1439890,3.9
213,1444253,3.3
213,122917,1.5
213,1269298,2.2
213,1439514,1.2
213,1429788,3.1
213,1433860,4.4
213,1421781,3.6
213,1443695,3.2
213,1438696,4.1
213,1446308,3.0
213,1260485,2.1
213,1420492,4.3
213,1426337,1.2
213,1440087,3.5
213,1442278,1.6
213,1198288,4.0
213,262500,2.2
213,228967,3.5
213,1443238,4.9
214,933260,3.3
214,1421781,4.4
214,1439614,1.9
214,1425366,3.8
214,1325495,3.0
214,1225572,1.4
214,1442915,3.1
214,1424897,4.6
214,1433872,2.7
214,1433831,1.3
214,189,3.7
214,1428541,4.6
214,1443238,3.6
214,1433906,3.2
214,1420899,3.9
214,1442316,3.4
214,1204967,1.4
214,1210938,1.1
214,120,2.3
214,1319629,1.2
215,254904,3.1
215,38,2.3
215,1415669,1.1
215,1434009,2.3
215,1084199,2.6
215,1077281,4.0
215,1425829,4.6
215,1291321,4.7
215,1421053,2.8
215,1184918,3.8
215,228150,1.1
215,169917,4.9
215,1442918,1.9
215,1442308,4.3
215,1438208,2.1
215,1322218,3.2
215,1130863,4.3
215,426063,1.2
215,898271,1.0
215,1442200,1.8
216,1437237,2.4
216,1446317,1.2
216,1375762,4.8
216,1426337,4.9
216,1425296,4.6
216,1324389,2.8
216,1415669,2.1
216,38,3.8
216,680,3.3
216,1440144,1.5
216,241554,1.3
216,278,4.6
216,823219,4.6
216,1442322,1.1
216,1325495,2.9
216,1322218,3.0
216,1445783,3.1
216,1433836,2.0
216,1013850,1.1
216,155,4.9
217,1439526,4.8
217,1384565,1.4
217,1415669,2.4
217,100042,2.4
217,1442918,1.5
217,1417181,1.3
217,1399686,4.0
217,103,1.9
217,1433860,3.8
217,1431328,1.2
217,1425370,3.6
217,1437979,4.1
217,1216662,2.1
217,1220028,2.5
217,1438203,2.8
217,244786,1.6
217,155,4.6
217,1419826,3.0
217,1275245,4.9
217,1442141,1.7
218,1424352,4.2
218,228150,4.6
218,1435057,4.6
218,661539,1.2
218,933260,1.2
218,550,2.0
218,1421053,2.6
218,1428780,3.3
218,1439459,2.0
218,270303,4.6
218,262500,2.9
218,1433838,4.1
218,926670,1.3
218,1438546,2.1
218,1423295,3.7
218,1433900,2.6
218,1319629,3.0
218,1411411,4.3
218,1260485,4.7
218,1437446,1.6
219,1432534,4.7
219,1442322,4.7
219,1431744,3.5
219,1443993,3.8
219,1106739,1.7
219,1444332,1.3
219,1210938,2.2
219,1378734,1.0
219,1435275,3.7
219,1421001,4.5
219,1220028,3.1
219,1427653,2.7
219,1428262,1.4
219,1119820,4.7
219,1434672,1.3
219,1442278,1.9
219,1442915,1.6
219,1424565,3.2
219,24428,2.4
219,1418350,1.8
220,1425373,3.6
220,1432795,1.3
220,1013482,2.0
220,1214069,1.6
220,361743,2.0
220,1359893,3.6
220,1339790,2.9
220,1438069,3.5
220,1422072,1.4
220,950396,3.9
220,549509,1.2
220,1400110,4.1
220,1440828,3.2
220,194662,4.8
220,98,2.6
220,1433831,4.3
220,1445179,4.1
220,1425370,2.8
220,1231695,3.2
220,1361451,2.9
221,1317920,4.7
221,1442764,1.6
221,1446219,3.8
221,100042,1.5
221,777443,3.2
221,205587,3.7
221,1400932,4.6
221,1436815,3.8
221,1356039,4.8
221,1434672,1.6
221,1405338,3.3
221,1182088,1.1
221,1274751,4.2
221,1443993,2.2
221,1440087,4.1
221,1441967,4.8
221,299537,1.9
221,1436458,1.2
221,1429788,4.6
221,1157270,1.9
222,1184918,4.5
222,1420492,1.3
222,1013850,2.5
222,1416501,3.7
222,1157270,3.4
222,189,3.7
222,898271,1.4
222,1214069,3.7
222,1440906,3.8
222,1225572,2.3
222,515001,2.9
222,1440828,2.1
222,1443487,2.9
222,1433574,4.1
222,850920,4.7
222,1422166,3.5
222,299536,4.1
222,1375762,4.0
222,1442918,1.1
222,414906,4.7
223,1442764,4.5
223,1432368,1.6
223,1442417,3.7
223,227159,1.2
223,1317096,1.3
223,414906,3.6
223,244786,2.3
223,98566,2.8
223,1417181,3.0
223,169917,3.6
223,1439004,1.5
223,1389293,3.6
223,1446066,1.2
223,228150,1.8
223,1422166,3.6
223,1420234,3.4
223,1423295,3.4
223,1271724,2.0
223,1399896,2.0
223,872585,1.3
224,1319629,4.5
224,1241982,2.0
224,1436450,3.7
224,1292367,1.5
224,1443993,1.3
224,1443470,3.1
224,1424565,2.1
224,147441,4.3
224,1149167,3.4
224,1119820,2.3
224,1441712,3.3
224,558449,3.6
224,1384565,3.0
224,898271,1.8
224,1390154,1.5
224,1322218,4.5
224,1438203,3.1
224,1418780,3.2
224,1440404,2.8
224,438631,1.0
225,898271,1.2
225,1438480,4.4
225,1421001,4.5
225,1439890,4.5
225,1210938,2.4
225,1412392,2.4
225,823219,3.6
225,1119820,1.7
225,1315476,2.3
225,1423295,2.5
225,1442431,2.4
225,1443238,1.5
225,1443907,3.0
225,1442322,2.6
225,550,1.0
225,1440087,3.7
225,1442308,4.3
225,1392821,4.1
225,1444253,5.0
225,1433802,4.8
226,1433811,1.9
226,1429784,3.4
226,1422166,3.4
226,1424352,3.7
226,1431744,3.0
226,1434414,1.4
226,1315476,1.1
226,1220028,4.6
226,1437603,1.7
226,1386047,4.9
226,823219,2.1
226,1210938,3.8
226,1433802,1.2
226,1438267,3.4
226,1420492,3.1
226,1432534,1.7
226,1384565,3.2
226,1432098,4.9
226,1443002,3.7
226,1418287,2.1
227,262543,2.7
227,1440811,1.4
227,1438217,3.5
227,1446219,4.5
227,1083968,3.5
227,1439459,4.2
227,762509,2.5
227,1322218,3.4
227,1241982,3.7
227,24428,3.6
227,1423299,1.0
227,1415669,3.6
227,1428262,2.4
227,1328767,1.9
227,1434672,1.7
227,438631,2.4
227,122,1.7
227,1446183,4.4
227,1424103,1.3
227,1434812,3.2
228,777443,1.6
228,1443993,3.6
228,1418287,1.4
228,262543,2.8
228,1442431,4.8
228,1443387,2.6
228,1439033,3.7
228,228150,1.5
228,823219,4.3
228,155,2.3
228,1440144,2.6
228,1257409,2.2
228,1424103,2.9
228,414906,4.4
228,1418780,1.4
228,607141,3.5
228,1432368,3.7
228,1361451,2.0
228,1433831,4.5
228,1418112,3.9
229,1440144,1.8
229,1144417,2.1
229,1149167,2.0
229,850920,2.6
229,1439033,2.4
229,1202479,3.5
229,307081,1.2
229,1445713,2.5
229,1424565,1.1
229,1442764,1.0
229,1422471,1.5
229,1437603,1.9
229,1433872,4.7
229,1271724,3.3
229,103,2.7
229,1418350,1.0
229,1422072,1.1
229,1439509,2.2
229,1266809,4.0
229,1000085,1.4
230,1301346,4.7
230,1446066,1.1
230,1322218,3.2
230,38,2.1
230,762509,2.2
230,438631,2.7
230,1204967,3.5
230,1233575,2.6
230,1216662,1.9
230,1436366,1.7
230,181533,4.8
230,1437603,1.4
230,1442299,4.5
230,1425370,3.0
230,1214894,2.8
230,68718,3.4
230,680,2.5
230,1441567,1.5
230,1248276,2.0
230,1149463,3.4
231,1443378,1.4
231,228967,4.1
231,1441746,4.7
231,675776,2.4
231,156022,1.8
231,1425366,2.6
231,228150,3.0
231,1003504,1.4
231,680,1.1
231,1443551,1.2
231,1330596,1.3
231,1433862,4.1
231,1422235,3.5
231,1149463,2.9
231,155,2.3
231,147441,4.6
231,1171153,2.6
231,1442200,4.6
231,438631,1.4
231,1380415,2.6
232,1399896,3.1
232,1446174,4.6
232,1018964,2.3
232,1443002,2.0
232,1157270,3.1
232,1443480,3.3
232,1433811,3.4
232,1434414,2.8
232,1443993,4.2
232,1330596,2.4
232,1380415,4.8
232,120,1.7
232,214756,1.7
232,1445505,4.1
232,1444331,4.9
232,1435275,4.2
232,1361451,1.7
232,1422235,2.4
232,1378734,3.8
232,1435053,3.1
233,205587,3.6
233,1444744,3.2
233,970947,2.3
233,1426337,3.4
233,898271,4.1
233,1013850,4.9
233,550,4.4
233,1424897,3.4
233,1421001,2.1
233,1433831,3.4
233,1306707,2.1
233,1442689,3.4
233,1426343,4.5
233,227159,1.2
233,214756,2.9
233,1433862,1.5
233,1202479,4.4
233,1422072,2.0
233,1322218,2.5
233,1013482,3.0
234,1361451,2.2
234,1399686,4.1
234,188222,1.5
234,1433836,3.2
234,1432368,2.1
234,1444331,3.6
234,1269298,4.5
234,299536,1.9
234,426063,4.8
234,1439254,3.8
234,1433906,4.2
234,1432480,1.1
234,1107215,1.1
234,1442278,2.0
234,1306707,4.2
234,1440828,3.0
234,1423295,4.4
234,155,4.4
234,1418112,3.5
234,970947,4.5
235,939243,2.2
235,1432534,1.5
235,1202479,3.1
235,1077281,2.8
235,414906,2.3
235,210577,1.7
235,1000085,4.5
235,1444425,4.7
235,1425373,3.5
235,1442200,3.7
235,1138194,2.7
235,1149167,4.5
235,1411411,3.5
235,777443,4.1
235,265208,4.9
235,1392821,1.5
235,1424565,1.4
235,1195506,3.7
235,1442538,3.3
235,1204967,4.5
236,1424565,3.9
236,1198288,4.8
236,1423295,3.4
236,661539,4.4
236,1436704,2.6
236,262500,1.6
236,933260,1.3
236,1235619,3.1
236,1390154,1.5
236,1204967,2.4
236,1013850,3.6
236,1434009,4.9
236,1425366,1.3
236,850920,4.6
236,122917,4.9
236,98,3.9
236,155,4.6
236,1440083,4.6
236,1353117,3.7
236,438631,2.9
237,1442918,4.2
237,98566,4.5
237,1446317,1.8
237,661539,1.1
237,207933,2.2
237,1445505,1.7
237,1436815,3.4
237,1077281,3.6
237,210577,4.0
237,1428507,3.3
237,1178556,3.6
237,516729,2.5
237,1260485,4.2
237,1440144,1.3
237,1446174,3.9
237,287424,2.1
237,1434414,2.2
237,1106739,2.9
237,1434009,4.3
237,1436456,1.0
238,1440087,1.8
238,1428507,2.7
238,1400110,2.2
238,1444253,3.3
238,1204967,3.8
238,1421781,4.1
238,939243,2.2
238,1442299,3.2
238,1203524,3.7
238,171274,1.7
238,898271,3.2
238,1442386,2.7
238,1306284,1.8
238,1436456,3.8
238,1443663,4.6
238,1077281,1.3
238,1442438,3.1
238,1442316,4.6
238,1433872,2.8
238,1043808,1.7
239,926670,4.9
239,122,2.4
239,1440083,4.6
239,1417181,3.0
239,950396,3.6
239,1315476,1.9
239,1434414,4.3
239,1106739,3.1
239,1436704,1.1
239,1233575,1.2
239,1353117,3.7
239,1043808,3.9
239,1438217,2.7
239,1431328,1.2
239,1260485,2.5
239,1442764,3.7
239,1084199,1.4
239,1286773,3.8
239,1443487,1.1
239,1361451,4.0
240,1433860,3.3
240,1443907,3.8
240,278,3.0
240,1424217,3.7
240,299536,3.9
240,1411411,3.0
240,1415669,4.0
240,38,2.0
240,1391463,1.4
240,1171153,3.7
240,927342,5.0
240,1445713,3.5
240,1319629,1.6
240,1107215,4.6
240,1445168,1.3
240,1064213,4.0
240,850920,3.9
240,1326693,3.2
240,1446308,5.0
240,1378734,1.8
241,1442386,2.2
241,1357797,3.0
241,1429460,1.7
241,823219,3.2
241,1444253,2.3
241,1444425,2.2
241,265208,2.4
241,1439890,2.2
241,238,4.7
241,1435053,3.8
241,1384565,4.1
241,1443238,1.5
241,1438546,2.5
241,1018964,2.4
241,1291321,3.7
241,188222,1.6
241,1439033,3.5
241,1446174,4.2
241,1214069,4.8
241,1433881,3.8
242,1436815,1.0
242,1018964,3.4
242,1317920,2.0
242,1415669,1.8
242,1426337,4.2
242,1442438,3.2
242,1423299,1.5
242,1436703,1.4
242,1441567,2.0
242,1437701,4.2
242,1438203,2.3
242,1439459,2.6
242,1013482,3.2
242,189,3.5
242,1231695,4.4
242,1429460,1.5
242,823219,4.4
242,1427653,3.5
242,1425360,3.9
242,1437237,4.7
243,898271,3.7
243,707911,2.0
243,1433719,1.1
243,1436684,3.1
243,1438217,2.2
243,1214894,1.4
243,1444331,3.8
243,1433881,4.8
243,1317920,1.9
243,1399893,3.8
243,1266809,2.0
243,1438480,1.8
243,1444253,2.4
243,1380415,3.6
243,1440083,3.4
243,1434291,3.4
243,1400110,1.5
243,1437446,3.8
243,1427653,1.8
243,1404172,4.7
244,516729,2.7
244,1439004,1.5
244,1443907,1.8
244,1443487,3.6
244,1431328,2.4
244,177572,1.8
244,1433838,2.4
244,1442918,3.4
244,1439837,3.7
244,898271,3.5
244,1425370,4.6
244,1106560,1.3
244,1446254,4.9
244,898271,4.4
244,1444744,1.4
244,299536,1.4
244,1420234,2.0
244,1294174,1.6
244,1149167,4.3
244,1441966,2.4
245,1269298,4.1
245,1424352,3.5
245,1376834,4.9
245,1433574,4.1
245,1433862,4.1
245,181533,3.4
245,1437920,1.4
245,1214069,4.1
245,1428541,4.8
245,254904,2.4
245,1275245,4.6
245,1353117,3.1
245,1440404,3.8
245,238,2.8
245,1275248,4.8
245,1216662,3.3
245,1440083,1.5
245,171274,4.1
245,1437485,3.2
245,103,1.3
246,1435269,1.2
246,1442295,3.7
246,1184918,2.5
246,1400110,3.5
246,1439459,1.8
246,927342,2.2
246,1428780,4.9
246,1165393,4.3
246,1445302,2.6
246,1126166,2.4
246,1433906,3.1
246,1198288,2.0
246,1107215,1.9
246,1442200,4.2
246,1275248,1.5
246,1233575,2.3
246,227159,5.0
246,1106560,4.4
246,1437515,1.1
246,898271,2.8
247,1433838,3.2
247,1043808,3.7
247,414906,2.9
247,1391463,2.6
247,1424897,2.9
247,1425370,2.5
247,1064213,1.8
247,1216571,1.7
247,1368096,4.3
247,1204967,3.2
247,1422166,2.1
247,177572,2.3
247,100042,1.1
247,1171153,1.8
247,189,3.8
247,1433881,1.1
247,1432098,4.6
247,1439514,2.7
247,1063873,4.2
247,1167416,1.4
248,1432098,1.8
248,87101,1.1
248,1446254,3.5
248,822119,4.4
248,1436456,2.1
248,1393191,4.4
248,1422166,3.5
248,1271724,4.3
248,157336,4.1
248,1380415,4.8
248,1312157,2.5
248,260346,1.1
248,1138194,4.0
248,898271,4.3
248,1225572,4.2
248,1438267,3.8
248,1443238,4.0
248,1434414,1.5
248,1171153,4.2
248,1442316,1.8
249,1441746,3.0
249,1214130,4.9
249,1443002,2.7
249,872585,3.3
249,1202479,3.0
249,661539,2.7
249,1431328,4.4
249,970947,4.8
249,1434812,4.5
249,1126166,1.0
249,1439004,3.4
249,214756,1.6
249,1428541,1.2
249,1435057,4.9
249,1315476,3.6
249,265208,2.0
249,1436704,3.8
249,1427653,3.3
249,1434414,2.1
249,1446317,2.0
250,1043808,4.7
250,1437979,2.9
250,1198288,3.0
250,1235619,2.1
250,1438069,1.6
250,1437485,1.4
250,1437446,4.6
250,1368096,4.0
250,1274751,2.1
250,1446308,2.9
250,1437603,4.8
250,1359744,2.6
250,169917,3.0
250,1271724,2.9
250,227159,4.4
250,1440776,2.4
250,1438217,4.8
250,1446254,2.4
250,1167416,1.3
250,1443480,2.3
251,1442538,1.3
251,1436458,2.4
251,1325495,3.4
251,270303,2.6
251,1165393,2.4
251,1420234,3.9
251,1432101,2.4
251,414906,1.6
251,120,1.6
251,1421001,4.9
251,1216571,1.2
251,850920,4.3
251,1214130,3.4
251,1286773,3.1
251,1436366,1.4
251,1424217,3.2
251,1269298,3.6
251,1149167,3.8
251,1297763,3.8
251,1130863,3.8
252,1325495,3.3
252,1436366,1.4
252,68718,3.7
252,1433881,3.6
252,1000881,1.7
252,549509,1.2
252,1424217,4.1
252,1437515,3.3
252,939243,2.2
252,100042,2.8
252,1195506,1.2
252,1286663,4.2
252,1144417,1.2
252,254904,3.9
252,1214130,5.0
252,1440087,2.6
252,1428541,4.8
252,970947,3.7
252,1436684,4.5
252,1178556,3.3
253,98,1.1
253,1437701,3.3
253,1210938,1.6
253,1433838,1.6
253,1436450,3.3
253,1317920,3.0
253,1435053,5.0
253,98,1.7
253,872585,4.9
253,262500,3.9
253,270303,4.5
253,1301346,4.1
253,1047884,4.5
253,1356039,4.0
253,1434414,2.8
253,1119820,2.1
253,1195506,4.3
253,1359744,3.0
253,1435275,2.2
253,1433574,2.3
254,1411411,1.9
254,1443387,4.1
254,228967,2.3
254,1429788,1.7
254,1431328,2.7
254,447273,4.2
254,1436684,3.6
254,1294376,3.8
254,307081,1.1
254,1445783,4.1
254,1225572,4.4
254,1441966,3.4
254,1443247,1.6
254,675776,3.8
254,1325495,4.1
254,1432480,3.9
254,1440828,4.7
254,1266809,2.0
254,898271,3.0
254,1047884,4.5
255,1171153,2.7
255,1248276,4.3
255,1438502,2.8
255,1436684,4.9
255,1433802,2.8
255,1359893,1.6
255,1328767,1.9
255,1286663,4.4
255,1416501,3.6
255,1003504,2.7
255,1425829,3.7
255,1438267,4.0
255,1436269,1.1
255,1438217,3.0
255,1178556,3.9
255,1436703,4.8
255,1149167,1.6
255,1425296,3.1
255,1202479,1.4
255,1000085,2.0
256,1171153,3.8
256,228967,4.3
256,1393191,4.1
256,603,2.0
256,1083968,4.2
256,1389293,2.1
256,1441967,1.1
256,1444686,3.9
256,1106739,3.5
256,1353117,3.6
256,939243,1.7
256,1438546,4.6
256,98566,1.2
256,238,3.6
256,1432101,2.8
256,1445168,3.9
256,1167416,3.1
256,1442438,3.6
256,1446317,4.1
256,1442538,1.4
257,1442431,4.6
257,1443480,3.0
257,603,2.3
257,100042,3.4
257,1432480,2.0
257,122,4.0
257,227159,1.5
257,438631,4.4
257,1204967,2.4
257,1330596,1.8
257,1339790,3.0
257,1400110,2.6
257,1077281,4.4
257,777443,1.2
257,1437446,3.8
257,1438267,4.1
257,1436269,1.5
257,1443387,1.3
257,822119,2.1
257,1140535,4.2
258,1013850,3.9
258,675776,4.9
258,131631,1.7
258,1399893,2.2
258,1204967,4.2
258,1436703,2.5
258,1424103,1.8
258,1424352,1.8
258,1433831,1.2
258,1433860,4.2
258,1437485,1.9
258,1442278,4.3
258,254904,1.2
258,1262495,2.1
258,1418287,2.8
258,1421001,1.3
258,1426343,4.0
258,1400110,3.4
258,1411411,2.6
258,1000085,1.9
259,1445721,4.4
259,1157270,2.1
259,1418112,2.7
259,1439033,3.4
259,550,4.5
259,1433719,1.7
259,1376834,4.3
259,1439514,3.2
259,822119,2.3
259,98,3.5
259,1443695,3.5
259,1437701,2.4
259,157336,2.5
259,1436450,1.7
259,872585,3.3
259,680,2.0
259,1424897,4.8
259,1428507,1.4
259,1433860,2.0
259,1438208,2.9
260,1328767,4.1
260,1357797,2.9
260,1149463,4.0
260,1260485,3.5
260,1438267,2.4
260,1235619,4.3
260,265208,3.4
260,1306707,4.3
260,1003504,4.9
260,1439509,3.6
260,1433906,4.1
260,1442295,3.4
260,238,2.9
260,1203524,1.3
260,1442141,1.3
260,1424103,1.6
260,1440144,2.8
260,1271724,4.7
260,933260,3.3
260,1443993,4.0
261,181533,1.0
261,1445302,4.9
261,1400932,1.3
261,1436684,4.9
261,1420899,2.7
261,1312157,4.7
261,1216571,4.8
261,1390154,4.8
261,1446219,4.0
261,1424352,4.5
261,1445168,4.7
261,426063,4.6
261,1446174,3.1
261,1436269,3.2
261,1274751,2.8
261,1417677,3.3
261,1003504,3.8
261,103,1.3
261,1432368,2.0
261,1423295,3.7
262,1330596,1.6
262,1443238,2.9
262,1202479,1.9
262,1446308,4.5
262,169917,3.6
262,1378734,1.5
262,1424217,1.1
262,1426343,3.0
262,1384565,4.1
262,516729,4.9
262,1306284,2.3
262,661539,1.7
262,228967,2.7
262,1436621,1.8
262,1400932,3.8
262,1400110,1.9
262,1171153,1.7
262,1013850,4.4
262,1446254,4.6
262,850920,1.6
263,1126166,2.1
263,244786,2.3
263,1378734,4.9
263,1399896,1.2
263,1424217,3.6
263,1418350,1.5
263,181533,4.9
263,155,3.3
263,1301346,3.1
263,1399686,4.6
263,120,1.6
263,189,2.9
263,1225572,4.1
263,1315476,3.3
263,872585,1.8
263,1198288,2.8
263,1210938,4.1
263,1075456,3.9
263,98,3.4
263,1306707,3.7
264,1432534,4.6
264,1441966,1.5
264,120,1.6
264,1443470,3.7
264,1433906,2.9
264,1353002,3.8
264,181533,2.4
264,1437237,1.2
264,515001,2.1
264,103,4.8
264,1440639,4.7
264,1130863,1.5
264,1445179,2.4
264,1330596,4.5
264,927342,2.2
264,98,1.1
264,933260,2.4
264,1436458,1.1
264,1438069,4.9
264,898271,3.5
265,1443387,2.0
265,1353002,3.2
265,1312157,2.5
265,87101,2.2
265,1399686,4.7
265,1433831,3.8
265,1225572,1.6
265,1214069,2.5
265,1432534,1.4
265,1047884,1.5
265,68718,1.6
265,1297763,3.6
265,1445505,4.9
265,970947,3.3
265,1433719,4.0
265,1442322,2.1
265,1294174,3.0
265,414906,2.5
265,1130863,2.4
265,238,3.1
266,475557,3.2
266,98566,2.4
266,1436621,2.9
266,1378051,4.0
266,1214069,2.6
266,1442316,4.1
266,1441567,3.9
266,1214894,1.1
266,1324389,4.6
266,926670,4.3
266,1429460,4.7
266,1389293,3.9
266,1425373,3.8
266,1433836,4.0
266,1220028,2.3
266,1353117,3.1
266,550,1.7
266,1418112,2.2
266,1257409,2.3
266,227159,3.5
267,1442141,1.8
267,1423093,4.7
267,68718,3.0
267,1424897,3.7
267,762509,2.3
267,1165393,4.8
267,1204967,1.6
267,1443663,1.0
267,1424565,1.9
267,1443238,1.3
267,1425373,4.5
267,1437446,2.3
267,1438208,4.4
267,188222,3.5
267,1436703,2.3
267,1210938,2.5
267,1441712,2.1
267,1075456,2.2
267,1013850,1.0
267,1433574,3.9
268,1445832,2.8
268,361743,4.9
268,1301346,4.8
268,1339790,2.4
268,1434812,4.2
268,1317920,2.8
268,1444253,2.9
268,1216571,1.7
268,1442417,3.6
268,1442438,3.4
268,1375762,2.0
268,1077281,2.5
268,1439804,1.2
268,1399896,3.3
268,278,2.3
268,1425296,1.1
268,1248276,2.0
268,1443993,1.3
268,1422166,2.7
268,1432101,3.4
269,1432480,2.6
269,1047884,2.9
269,1438502,4.7
269,1013601,3.5
269,1422081,1.8
269,1182088,2.3
269,707911,3.1
269,1167416,3.4
269,1425373,3.7
269,1418112,2.3
269,1013850,4.3
269,1003504,1.8
269,822119,3.5
269,974576,3.2
269,1144417,3.6
269,950396,4.5
269,1353002,1.1
269,898271,4.4
269,1435053,1.8
269,154400,4.5
270,1127674,2.2
270,1266809,1.6
270,1275245,4.3
270,1255192,2.3
270,1149167,3.5
270,1433813,4.4
270,156022,3.1
270,1356039,1.9
270,661539,3.4
270,1436684,2.0
270,762509,4.7
270,1442322,2.3
270,1400932,3.8
270,1422166,2.1
270,1208803,4.6
270,696506,3.1
270,1442431,2.4
270,1271724,1.8
270,1442417,2.5
270,1437485,1.2
271,933260,1.5
271,1432795,4.5
271,1442417,2.2
271,1359893,3.3
271,1425829,2.1
271,1432101,4.2
271,1437485,5.0
271,1442689,3.0
271,1440087,2.7
271,254904,4.9
271,1437979,2.0
271,1427653,4.4
271,1322218,2.4
271,1422081,3.6
271,1430968,2.5
271,1436683,2.9
271,1317920,2.6
271,131631,1.6
271,1443480,3.1
271,1438502,2.2
272,1294174,3.6
272,1445505,1.2
272,1442431,2.6
272,1144417,4.5
272,1444331,1.2
272,1432795,2.4
272,227159,3.4
272,1140535,4.2
272,1306284,3.4
272,1149463,4.7
272,1292367,4.7
272,1436269,2.6
272,205596,1.0
272,120,3.6
272,1418350,3.1
272,38,4.2
272,1442316,3.3
272,1442915,3.9
272,1436704,4.2
272,1443993,2.1
273,1003504,3.6
273,1433906,4.3
273,1203524,3.6
273,1399896,2.0
273,1437701,2.3
273,1412392,4.8
273,87101,2.5
273,1432098,3.5
273,1391463,1.8
273,1433811,2.4
273,210577,3.9
273,1442438,1.4
273,558449,2.6
273,98,4.7
273,1157270,4.0
273,1291321,5.0
273,1440083,1.7
273,1013601,2.3
273,1404722,4.3
273,1442386,4.5
274,1306707,4.9
274,227159,4.5
274,1442295,2.8
274,1442316,4.9
274,1324389,4.4
274,1436703,2.0
274,1443387,4.6
274,1438208,3.9
274,1438267,3.4
274,1353002,2.6
274,1422166,3.9
274,1271724,3.0
274,228150,1.2
274,1357797,3.5
274,1426337,1.5
274,1434672,2.8
274,1418350,1.6
274,939243,4.9
274,1235619,1.5
274,1439614,3.5
275,1432368,4.4
275,1422471,4.3
275,1386047,4.1
275,1390154,1.7
275,157336,1.8
275,1439526,2.8
275,214756,5.0
275,1440828,2.1
275,1422072,4.4
275,1442764,2.1
275,1312157,4.2
275,1328767,1.3
275,278,2.1
275,1393191,3.4
275,1442386,2.1
275,1434672,3.0
275,100042,3.7
275,1421001,4.5
275,1443378,1.6
275,1275245,4.2
276,438631,4.5
276,1436683,3.2
276,1356039,2.6
276,1428507,2.6
276,1436458,2.9
276,1432098,3.1
276,155,3.7
276,1439526,2.1
276,1084199,4.9
276,1306284,4.7
276,1043808,3.6
276,603,4.5
276,1433831,4.3
276,1442386,1.4
276,1419826,5.0
276,1442431,1.2
276,933260,2.3
276,1434812,3.7
276,1325495,2.3
276,361743,3.5
277,1446183,1.6
277,1391463,3.1
277,1107215,3.8
277,515001,2.4
277,1429460,1.5
277,1443002,1.3
277,1330596,1.4
277,1442918,2.5
277,1184918,2.6
277,307081,3.2
277,1433900,3.0
277,1433719,4.6
277,850920,5.0
277,1271724,4.8
277,1434291,2.3
277,1416501,3.1
277,241554,2.8
277,1195506,4.0
277,1235619,4.9
277,87101,3.2
278,1433836,4.1
278,1432480,2.4
278,1446183,1.1
278,1361451,2.5
278,1257409,2.3
278,1371370,1.8
278,1445179,2.6
278,1378051,3.3
278,1376834,3.5
278,1306284,2.7
278,177572,3.4
278,270303,1.3
278,1357797,1.0
278,1127674,1.7
278,1441712,1.3
278,549509,2.1
278,1106560,4.8
278,1000881,2.4
278,1013850,2.5
278,1437701,2.1
279,1294174,3.3
279,1149463,2.6
279,1440828,4.2
279,1420234,1.0
279,265208,2.1
279,1400110,4.3
279,1437515,3.2
279,1294376,3.0
279,24428,3.7
279,27205,3.9
279,1446183,3.8
279,1443551,1.8
279,1214894,4.5
279,1440144,1.1
279,823219,2.7
279,194662,4.2
279,1260485,3.1
279,1442299,2.1
279,1439526,4.1
279,1439804,3.5
280,1446308,1.0
280,1442141,2.0
280,1013601,2.8
280,1439509,2.5
280,1441967,2.7
280,1429788,2.8
280,1422072,3.9
280,926670,3.0
280,1083968,1.6
280,1437979,3.9
280,1422471,1.3
280,1435275,2.0
280,1418287,2.8
280,1324389,2.0
280,1262495,4.4
280,1443387,3.0
280,1063873,1.5
280,898271,4.4
280,933260,2.6
280,1216662,1.7
281,675776,4.0
281,1433836,2.3
281,1378051,2.7
281,24428,3.3
281,1445783,2.2
281,1433908,3.3
281,680,1.1
281,1429460,2.4
281,1436458,3.9
281,1393191,4.4
281,1427653,3.4
281,100042,2.2
281,1404722,3.9
281,1340727,4.8
281,1439890,4.7
281,898271,1.1
281,1371370,2.2
281,1441746,3.8
281,1077281,3.5
281,1328767,1.4
282,1437603,4.9
282,1376834,2.8
282,1292367,4.1
282,1434812,3.4
282,1422471,2.4
282,1440083,3.6
282,933260,3.4
282,154400,3.3
282,1214894,2.1
282,1241982,3.7
282,1446066,4.2
282,1445179,3.9
282,1000881,4.1
282,1210938,3.9
282,661539,3.6
282,1378734,3.6
282,1371370,2.5
282,1424103,2.1
282,1443247,2.0
282,103,4.7
283,1402698,4.0
283,607141,1.1
283,1428507,4.2
283,927342,4.0
283,1432480,3.5
283,1436366,1.9
283,1445302,4.8
283,1439004,3.6
283,1306707,4.0
283,1438267,4.2
283,244786,3.8
283,1433802,3.2
283,1418287,2.5
283,1269298,4.5
283,1442438,3.5
283,1106560,3.9
283,1445783,1.2
283,1443663,2.6
283,147441,3.5
283,1428541,4.7
284,1402698,2.4
284,1432098,4.5
284,1442538,3.1
284,1326693,3.9
284,1202479,2.2
284,1442316,2.7
284,189,2.8
284,1433719,2.7
284,1203524,1.8
284,1275245,3.4
284,98566,2.9
284,1437701,4.8
284,707911,3.0
284,1444425,4.4
284,1429784,3.9
284,1386047,2.4
284,1439804,1.1
284,1443238,3.2
284,1438267,4.1
284,1426343,2.9
285,1433838,3.1
285,1357797,3.8
285,1297763,3.1
285,1389293,2.6
285,1422166,3.0
285,1422166,1.9
285,1399893,4.4
285,68718,4.3
285,1275248,4.9
285,1434414,1.1
285,1420899,1.6
285,1445168,4.6
285,1157270,3.2
285,1425829,3.0
285,1434009,4.2
285,1434812,3.4
285,1436684,4.0
285,1439459,4.6
285,1106739,2.7
285,1436704,2.9
286,1442316,1.7
286,1198288,1.2
286,1440639,3.7
286,1432534,3.7
286,1435275,2.3
286,1439514,4.4
286,98,4.3
286,262543,2.9
286,1339790,3.4
286,823219,4.9
286,1423299,2.3
286,1425360,4.7
286,1291321,1.7
286,1312157,4.6
286,1440828,1.6
286,1422081,2.9
286,1235619,2.0
286,1202479,2.1
286,680,1.2
286,1384565,4.7
287,1418350,2.3
287,1422471,3.9
287,1417181,2.9
287,898271,1.2
287,1441966,2.4
287,1439004,3.0
287,1420899,2.4
287,1419826,3.4
287,1241982,2.2
287,1445302,4.1
287,1426337,3.7
287,1444332,1.6
287,823219,4.6
287,228967,4.3
287,278,3.0
287,974576,3.8
287,1421053,3.8
287,98,4.4
287,1440776,3.6
287,1445713,4.4
288,1359744,1.8
288,1182088,1.7
288,1390154,1.5
288,516729,3.7
288,1204967,1.8
288,1322218,1.8
288,872585,2.3
288,241554,1.5
288,1043808,2.1
288,680,4.2
288,228150,3.9
288,1406240,4.7
288,1419826,2.3
288,1442915,3.4
288,1444331,2.9
288,1439526,4.8
288,1440087,4.3
288,1439004,1.4
288,1415669,3.1
288,549509,3.1
289,1406240,2.3
289,1064213,1.6
289,1203524,4.1
289,1424897,3.6
289,1255192,3.6
289,1063873,3.4
289,1149167,3.6
289,1431328,4.1
289,1437515,4.3
289,1432101,3.2
289,1438203,2.3
289,1420899,4.2
289,475557,1.5
289,950396,3.5
289,1127648,3.9
289,1000085,3.4
289,1439890,1.2
289,1422081,5.0
289,1442417,3.6
289,1149463,1.6
290,1436684,4.9
290,1430968,3.0
290,1420234,1.7
290,1438546,3.4
290,1274751,3.8
290,238,1.1
290,707911,2.2
290,1184918,4.1
290,1399686,4.8
290,1442538,3.4
290,1435057,2.7
290,1436703,3.3
290,1440087,3.3
290,181533,1.5
290,1439614,1.9
290,1433881,1.9
290,1422072,5.0
290,1440776,1.7
290,1119820,1.4
290,1428541,2.8
291,1434812,1.3
291,1421781,3.0
291,1420234,4.3
291,1420492,3.9
291,1436683,1.7
291,1127674,2.0
291,1433811,4.5
291,147441,4.0
291,1322218,3.5
291,1404722,1.7
291,1399893,1.9
291,1400932,4.0
291,898271,3.0
291,1424103,5.0
291,1275245,4.4
291,1286663,1.2
291,1443378,2.2
291,1442388,3.7
291,1442278,1.3
291,1437438,1.6
292,950396,4.8
292,98566,2.2
292,1178556,4.1
292,98,2.8
292,1399896,4.4
292,1436269,1.3
292,1432534,1.8
292,1013850,3.4
292,1294376,1.9
292,1400110,3.5
292,1325495,1.3
292,1422081,3.2
292,1439526,2.2
292,1442689,1.8
292,1442200,1.1
292,1425373,4.5
292,122,2.9
292,1422072,4.0
292,24428,3.9
292,1376834,4.7
293,1440776,3.7
293,169917,1.6
293,607141,2.4
293,1043808,1.4
293,1326693,3.3
293,122,3.9
293,1442200,1.2
293,1427653,2.2
293,1286663,2.2
293,1400932,2.1
293,1434672,4.9
293,207933,1.1
293,1439033,3.2
293,1353002,2.6
293,1422166,2.3
293,1443695,1.3
293,1432534,1.2
293,1106560,4.8
293,1445302,1.2
293,1433574,1.7
294,1443378,1.4
294,974576,1.1
294,1437603,1.4
294,1439459,3.9
294,1165393,1.0
294,1423093,4.9
294,1384565,4.2
294,1440144,4.4
294,241554,3.6
294,157336,1.3
294,1271724,3.2
294,238,4.2
294,1126166,1.9
294,1442308,3.5
294,1446308,2.0
294,1417677,1.8
294,1433836,2.9
294,1130863,2.4
294,1292367,3.8
294,188222,4.3
295,1442538,2.3
295,927342,3.2
295,38,2.9
295,1361451,5.0
295,1446308,1.1
295,1317920,2.7
295,1404172,4.8
295,707911,2.7
295,1233575,3.2
295,1433574,1.6
295,1216571,4.5
295,1446219,4.9
295,1378734,4.0
295,103,4.5
295,1138194,4.8
295,1013601,4.0
295,447273,1.2
295,1359744,2.6
295,1445721,3.3
295,1255192,1.3
296,950396,4.6
296,1423299,4.0
296,1441966,1.6
296,1138194,2.9
296,1439526,1.3
296,1437920,1.8
296,1294174,3.8
296,926670,1.3
296,1406240,2.7
296,1439509,4.9
296,1422081,4.0
296,1434812,4.1
296,1443487,1.5
296,1165393,3.8
296,1445302,1.1
296,299536,3.7
296,1423093,4.5
296,1438502,4.8
296,1442322,1.6
296,1445832,4.2
297,762509,4.0
297,1436621,1.6
297,1426337,2.6
297,181533,2.9
297,1437701,4.3
297,1432795,3.7
297,227159,2.4
297,1184918,2.2
297,1077281,2.1
297,1442308,3.0
297,177572,2.5
297,1439514,2.4
297,933260,2.3
297,1425829,3.8
297,1429788,2.5
297,1438208,4.2
297,558449,4.9
297,1378734,4.9
297,1424897,2.0
297,262500,2.5
298,157336,4.0
298,1266809,1.9
298,1445179,2.1
298,939243,3.5
298,1326693,1.7
298,1432101,1.2
298,1425829,4.2
298,1442322,4.1
298,1356039,3.8
298,1438203,4.1
298,1425370,1.1
298,181533,4.5
298,1000085,3.9
298,1438696,3.8
298,254904,3.0
298,926670,1.1
298,1428780,4.1
298,1418287,3.6
298,1361451,4.4
298,1437701,4.4
299,1446183,4.6
299,1003504,1.9
299,228967,4.6
299,1438502,5.0
299,1445783,3.4
299,1330596,4.3
299,1423299,3.7
299,1432101,2.0
299,1418780,4.1
299,1442538,3.2
299,1241982,4.5
299,1443993,2.9
299,1378734,1.4
299,1421001,1.2
299,1422166,3.2
299,1437920,4.9
299,1412392,4.6
299,244786,2.3
299,1130863,4.8
299,926670,4.3
300,1426343,2.4
300,1425296,3.6
300,1438696,2.8
300,926670,3.3
300,1439804,1.7
300,1433574,4.0
300,1437485,4.2
300,181533,3.6
300,98,2.8
300,1440639,4.0
300,1430968,3.6
300,1167416,2.0
300,1433860,4.5
300,1203524,2.0
300,1418287,1.2
300,1359893,1.8
300,241554,1.3
300,1444332,2.0
300,696506,3.4
300,1119820,4.8
301,1444744,2.9
301,1443907,3.5
301,1126166,3.2
301,98,1.2
301,1440639,3.1
301,1445713,1.3
301,1432534,4.9
301,1418350,4.4
301,1000085,3.9
301,1445168,2.4
301,1210938,4.4
301,1064213,2.8
301,1291321,4.7
301,1339790,3.5
301,1436458,3.2
301,1442417,2.9
301,1425829,2.1
301,1127674,3.2
301,799766,4.7
301,1165393,4.7
302,1195506,2.6
302,1235619,2.2
302,1144417,1.7
302,1446183,4.4
302,1411411,2.9
302,1442438,3.3
302,1428507,3.8
302,1442200,1.7
302,1446066,2.0
302,1380415,3.9
302,1420234,1.2
302,707911,1.8
302,1426337,4.1
302,926670,2.6
302,1422471,3.6
302,1445168,4.0
302,1435269,3.3
302,1357797,1.2
302,1204967,1.3
302,1433908,2.8
303,1429784,2.2
303,414906,1.3
303,1415669,1.2
303,970947,3.4
303,872585,4.8
303,1422166,3.8
303,1266809,3.6
303,1380415,2.7
303,1439509,1.4
303,1216662,3.1
303,1432534,2.0
303,1306284,3.9
303,1286663,1.0
303,1255192,2.2
303,1425892,4.2
303,1378051,2.7
303,98,2.0
303,1411411,4.3
303,1216571,4.9
303,1446317,4.0
304,1443247,4.4
304,1437603,2.0
304,38,2.4
304,122917,4.1
304,1119820,2.3
304,515001,4.8
304,181533,1.2
304,1438480,1.5
304,98,2.2
304,1301346,2.1
304,1359893,3.6
304,823219,4.9
304,1444253,1.7
304,1442299,2.1
304,1107215,3.1
304,1428262,3.9
304,1442388,1.4
304,1441567,2.1
304,1421781,4.4
304,1442386,2.0
305,1443907,2.9
305,1231695,2.8
305,515001,3.0
305,939243,2.6
305,1442438,4.4
305,438631,1.9
305,1418780,4.0
305,1216571,3.2
305,1433719,3.1
305,1248276,4.5
305,1306707,4.9
305,1437237,4.6
305,181533,4.7
305,1445783,1.1
305,103,1.5
305,1446183,1.9
305,27205,1.1
305,1165393,3.4
305,1440906,2.9
305,1444332,2.4
306,1107215,2.2
306,1445783,1.8
306,181533,2.1
306,1428262,2.4
306,1432098,4.4
306,1442386,2.3
306,1400110,3.1
306,1422471,2.1
306,939243,3.4
306,1436704,4.3
306,447273,1.0
306,1184918,4.7
306,1446254,3.2
306,1442417,3.0
306,1443993,3.9
306,1269298,1.7
306,1248276,4.8
306,1429784,1.1
306,1306284,4.1
306,1312157,2.1
307,1433811,4.2
307,1083968,2.5
307,1416501,4.0
307,1018964,2.8
307,1434291,1.8
307,228150,3.0
307,254904,3.8
307,1432534,2.2
307,1399686,4.4
307,1182088,3.4
307,1231695,3.3
307,1440144,1.6
307,194662,3.8
307,438631,2.2
307,1294376,2.7
307,1291321,2.5
307,1214130,5.0
307,1433802,4.4
307,1442386,1.5
307,1442431,1.4
308,1446308,2.9
308,1442417,2.8
308,1013850,1.9
308,1353002,3.6
308,205596,2.4
308,1198288,3.7
308,1317920,1.4
308,1324389,3.9
308,1424352,1.8
308,1446066,1.2
308,1443663,3.5
308,1389293,4.5
308,1439459,2.4
308,24428,4.0
308,1384565,2.4
308,1257409,4.7
308,227159,4.6
308,254904,3.6
308,1417677,3.7
308,1440776,4.7
309,1441567,3.5
309,1431744,3.9
309,1436684,2.8
309,1018964,1.0
309,1357797,2.6
309,1432368,3.6
309,1426337,4.1
309,939243,2.3
309,1149167,4.1
309,1418287,4.3
309,1435057,4.5
309,1119820,1.3
309,1443993,2.7
309,1445302,3.7
309,1442141,2.3
309,1400110,3.6
309,1441967,2.0
309,1423093,1.2
309,1433719,4.6
309,1443487,2.7
310,1291321,3.8
310,1216662,1.3
310,822119,3.5
310,1442538,4.0
310,38,4.9
310,1430968,4.2
310,122917,3.7
310,933260,3.7
310,147441,3.8
310,1444425,1.8
310,1433838,1.1
310,1433811,2.6
310,154400,3.8
310,447273,1.8
310,1433836,1.2
310,1184918,1.9
310,1400932,3.6
310,1220028,2.3
310,1425296,4.0
310,1442764,4.7
311,122,3.2
311,1424565,3.8
311,1442689,2.6
311,1422081,2.7
311,1442438,2.4
311,1438069,3.4
311,278,3.8
311,1439254,1.3
311,1000085,1.2
311,550,4.1
311,188222,4.4
311,1431744,4.6
311,1435275,2.8
311,87101,3.7
311,1436456,4.0
311,1443238,4.2
311,1225572,1.5
311,1445721,4.9
311,1231695,4.0
311,823219,4.6
312,205587,4.1
312,607141,4.5
312,38,3.8
312,299536,1.0
312,1422235,3.1
312,1013850,2.5
312,1255192,1.6
312,1440083,2.6
312,1375762,3.6
312,1442764,1.5
312,762509,1.9
312,974576,4.7
312,1275248,4.4
312,1435766,3.2
312,1442316,2.6
312,1442141,4.9
312,1437979,2.4
312,603,1.2
312,1444332,3.6
312,1294376,3.6
313,1271724,4.7
313,1443470,1.5
313,1438546,2.6
313,1430968,1.9
313,1424897,1.8
313,1357797,4.8
313,1399896,1.6
313,1106739,4.2
313,100042,3.9
313,1317096,1.4
313,558449,4.1
313,1406240,3.9
313,1443480,2.8
313,1436704,1.1
313,1422235,3.2
313,1432480,1.9
313,1426343,1.1
313,680,4.0
313,1443238,2.3
313,1446317,1.5
314,1442295,4.1
314,970947,4.5
314,1424897,1.5
314,1436621,3.3
314,1195506,4.7
314,1434672,1.8
314,1440639,4.8
314,1202479,2.1
314,1423295,2.4
314,1418350,3.2
314,1433881,1.7
314,1429788,1.2
314,1357797,2.2
314,1315476,3.8
314,98566,2.8
314,1418780,2.7
314,122,4.9
314,1443487,4.0
314,1425370,5.0
314,1441966,1.1
315,1429460,2.2
315,1435275,3.7
315,1443378,4.4
315,171274,2.8
315,1440776,2.8
315,1422081,4.3
315,1417677,2.0
315,1106739,2.8
315,1043808,4.5
315,1406240,1.2
315,1434672,3.3
315,1442141,1.6
315,414906,3.3
315,1425370,4.7
315,1437515,3.1
315,1130863,4.5
315,1378734,4.1
315,227159,3.2
315,1404722,3.8
315,1436456,1.6
316,1047884,2.4
316,1376834,3.1
316,1432368,3.6
316,1359744,4.1
316,777443,2.8
316,1436684,2.5
316,1434414,2.7
316,1442388,3.2
316,1003504,2.5
316,1433802,3.2
316,1440087,2.4
316,1275245,2.2
316,1326693,2.5
316,762509,3.4
316,1438203,3.0
316,287424,1.8
316,1440083,4.4
316,607141,2.4
316,1443551,1.4
316,262500,3.7
317,1167416,4.9
317,872585,2.2
317,1182088,3.6
317,1195506,2.3
317,1257409,3.7
317,1047884,3.8
317,1294376,2.4
317,1149463,1.2
317,1432101,4.0
317,1325495,4.7
317,1235619,3.0
317,1444686,3.6
317,1275248,1.4
317,426063,1.6
317,1443238,3.2
317,661539,4.2
317,1416501,2.4
317,98566,2.1
317,950396,2.2
317,1438069,3.9
318,1442915,3.8
318,1306284,3.9
318,98,2.0
318,24428,1.1
318,1442918,3.5
318,1286773,3.7
318,927342,4.3
318,1445783,3.4
318,1428541,5.0
318,1353117,2.8
318,1442431,3.4
318,214756,3.6
318,550,1.6
318,1438696,1.8
318,1439526,3.0
318,287424,3.2
318,1444744,2.3
318,1441967,3.5
318,1322218,5.0
318,1425370,1.1
319,1446254,3.2
319,1195506,1.6
319,1440639,3.0
319,515001,2.7
319,1418350,4.0
319,1225572,2.6
319,194662,4.4
319,1422166,1.2
319,1204967,2.9
319,1312157,2.3
319,227159,1.3
319,1437515,3.5
319,98,2.5
319,1306707,2.2
319,1442308,3.7
319,1442431,4.6
319,1406240,4.4
319,1424897,4.5
319,1202479,4.7
319,262543,4.4
320,1130863,3.8
320,1306707,4.5
320,262500,4.1
320,1184918,1.9
320,1433900,3.5
320,1077281,3.4
320,299536,3.1
320,1275248,3.1
320,1328767,3.7
320,1182088,4.6
320,1445721,3.3
320,1083968,1.6
320,1442764,2.0
320,1443993,1.0
320,1437515,1.3
320,1399893,3.0
320,103,3.6
320,1439890,3.1
320,278,2.0
320,1433574,3.8
321,244786,2.4
321,1315476,1.5
321,87101,2.0
321,1436703,3.8
321,1157270,1.6
321,1443002,2.6
321,1431328,1.0
321,265208,2.5
321,1107215,2.9
321,1439254,2.0
321,260346,2.3
321,1013482,2.5
321,426063,1.9
321,1429460,3.0
321,1440144,4.2
321,122917,2.7
321,1391463,1.2
321,1441746,4.3
321,1322218,2.0
321,1378734,4.7
322,1371370,2.8
322,1442278,2.8
322,1432795,4.6
322,1390154,3.6
322,1439614,3.8
322,762509,1.6
322,1429460,1.9
322,1442438,1.5
322,1434812,1.4
322,933260,4.7
322,1435766,1.5
322,181533,4.8
322,1257409,3.4
322,1210938,1.8
322,1437237,1.9
322,1417677,3.8
322,1083968,3.3
322,1441567,3.2
322,1432368,4.8
322,1013850,3.1
323,1443695,4.9
323,1438502,4.1
323,1430968,1.5
323,1440639,3.4
323,1274751,1.6
323,1432480,3.0
323,1286663,1.3
323,194662,5.0
323,278,4.5
323,1443247,2.9
323,1297763,1.4
323,1445713,1.9
323,426063,3.7
323,1446308,3.9
323,1428262,4.3
323,1424897,3.6
323,1404722,1.0
323,1446174,1.8
323,1438217,4.3
323,1442417,3.0
324,426063,4.4
324,1319629,4.6
324,933260,2.9
324,1324389,1.9
324,1106560,2.4
324,1359893,2.2
324,1437701,1.9
324,157336,1.8
324,177572,4.9
324,1435053,3.1
324,1127674,2.2
324,1444253,1.6
324,1440083,2.9
324,1171153,3.6
324,1043808,4.3
324,1149167,2.6
324,1425360,3.2
324,1140535,2.2
324,1371370,1.1
324,1437446,2.1
325,205596,2.3
325,100042,1.6
325,1436703,2.0
325,550,4.6
325,1216662,1.7
325,1404722,3.2
325,1392821,4.7
325,1439837,3.5
325,1443551,4.8
325,1391463,1.2
325,1444332,1.2
325,68718,1.6
325,1437485,2.1
325,1107215,1.1
325,120,3.3
325,262543,1.5
325,1439526,1.1
325,1405338,2.0
325,1433862,2.2
325,603,3.7
326,1432534,3.9
326,1149463,4.9
326,1424352,3.7
326,1140535,3.2
326,27205,2.5
326,1422235,4.9
326,1439254,4.1
326,1208803,4.6
326,1446174,2.3
326,1445783,4.5
326,1359893,1.6
326,1442388,2.7
326,1203524,4.9
326,1442764,3.1
326,154400,3.6
326,1324389,1.7
326,1429784,2.5
326,1368096,1.8
326,1439509,4.8
326,1248276,4.0
327,1075456,3.4
327,1127648,4.2
327,1435275,4.3
327,1361451,4.1
327,265208,2.3
327,1442918,3.3
327,1431744,3.3
327,1138194,1.3
327,1378051,1.1
327,1386047,3.1
327,1165393,4.1
327,1439459,4.6
327,1439509,1.9
327,1421053,1.5
327,1233575,3.6
327,1426337,1.5
327,426063,4.3
327,1437485,3.4
327,241554,2.9
327,1424897,1.4
328,1442295,3.2
328,1149167,1.4
328,1433906,3.4
328,1421001,1.5
328,516729,1.5
328,1384565,2.1
328,307081,4.0
328,1075456,3.4
328,1119820,2.0
328,1106739,2.1
328,1380415,3.7
328,1443470,2.8
328,1418780,2.4
328,194662,4.9
328,1417181,3.3
328,1319629,3.4
328,661539,3.5
328,1428541,2.4
328,1144417,3.8
328,1442918,1.5
329,1445832,4.1
329,1438480,2.9
329,260346,2.0
329,1441967,3.2
329,68718,4.8
329,1220028,2.5
329,1422166,1.8
329,970947,3.6
329,1436704,2.6
329,1432368,2.9
329,1297763,3.9
329,262543,1.9
329,1446254,1.0
329,1216571,2.9
329,1433838,3.1
329,120,2.4
329,680,2.5
329,1064213,1.7
329,933260,4.7
329,1437446,3.6
330,1442438,3.5
330,1438208,4.5
330,1165393,3.8
330,1400110,3.5
330,1434812,3.6
330,1013601,4.2
330,1433860,2.6
330,1422081,4.3
330,1439254,3.8
330,707911,4.6
330,1359893,1.8
330,1442918,4.7
330,155,3.7
330,1433836,1.9
330,1439514,4.3
330,1255192,4.0
330,1440811,1.0
330,210577,2.9
330,1182088,2.5
330,1127674,2.0
331,1434414,1.8
331,1432534,3.8
331,207933,1.2
331,1445505,3.4
331,1271724,2.3
331,1430968,1.4
331,1399896,1.2
331,1400932,4.2
331,1435275,2.2
331,1438217,4.0
331,241554,1.3
331,1319629,1.5
331,1301346,3.9
331,1446183,2.9
331,1437237,3.7
331,1204967,3.8
331,1324389,4.1
331,1235619,3.2
331,1198288,4.5
331,1446174,2.0
332,1440404,3.3
332,970947,1.1
332,1353002,2.6
332,1436450,1.7
332,244786,3.6
332,823219,2.1
332,1442689,3.7
332,1428262,2.0
332,1384565,3.8
332,1434414,4.7
332,1106739,2.0
332,1424352,3.1
332,1077281,1.2
332,1432534,4.4
332,1255192,2.0
332,1402698,1.2
332,1292367,1.2
332,1445832,1.1
332,1000085,3.5
332,1446317,1.0
333,205596,2.6
333,1214069,3.0
333,1433838,4.6
333,1422072,4.2
333,1441567,1.2
333,1445783,1.1
333,1437446,4.7
333,1446066,4.5
333,1424897,4.7
333,147441,1.3
333,98,1.6
333,1438208,4.2
333,1443993,2.8
333,1047884,4.9
333,1433906,3.6
333,1432098,3.3
333,1149167,4.4
333,1225572,4.0
333,1393191,1.2
333,1368096,2.9
334,1443663,4.2
334,1376834,4.8
334,1419826,3.1
334,1203524,4.0
334,1437603,2.9
334,1433574,1.3
334,1437446,1.4
334,1157270,1.7
334,1433813,1.1
334,1330596,3.5
334,1149463,4.1
334,1248276,4.2
334,154400,2.4
334,1433908,4.5
334,1225572,3.2
334,1144417,4.2
334,177572,4.7
334,1444332,3.8
334,1442386,1.8
334,205587,1.3
335,1437446,1.0
335,1418112,2.2
335,515001,5.0
335,1216571,2.1
335,1442689,1.8
335,169917,2.4
335,447273,1.3
335,1294376,1.0
335,558449,4.0
335,1440906,4.6
335,1418287,3.5
335,1433881,2.8
335,1294174,3.3
335,1210938,1.4
335,1437438,3.8
335,1423093,4.1
335,1433900,1.1
335,1436683,5.0
335,1429788,1.9
335,872585,2.6
336,1434291,4.6
336,1428780,2.0
336,1444425,2.2
336,1391463,3.8
336,1119820,1.1
336,1435057,2.4
336,1429784,4.9
336,1446174,3.1
336,1425892,5.0
336,1149167,2.5
336,558449,2.4
336,1433862,1.6
336,1235619,5.0
336,1325495,1.8
336,1266809,1.2
336,1404722,1.6
336,287424,2.9
336,1216662,4.0
336,228967,4.6
336,1439254,4.7
337,1442417,1.7
337,1064213,4.5
337,1140535,1.5
337,1257409,4.4
337,227159,3.3
337,1436456,4.1
337,1013850,1.9
337,1266809,3.4
337,1433831,2.5
337,1262495,1.4
337,120,4.5
337,1315476,2.5
337,1429460,3.5
337,299536,2.8
337,1443238,3.1
337,1165393,5.0
337,1127674,4.7
337,1437920,1.5
337,38,3.5
337,1437237,4.4
338,1406240,4.2
338,1286773,3.4
338,1439004,1.3
338,1248276,2.1
338,1436450,5.0
338,1003504,4.4
338,1444744,1.4
338,1438217,3.9
338,1435057,3.1
338,1432480,4.2
338,1418350,2.9
338,1149167,5.0
338,850920,2.2
338,1441840,3.6
338,1443551,2.9
338,1202479,3.2
338,87101,3.2
338,1210938,2.0
338,1443378,3.1
338,549509,1.8
339,87101,1.1
339,205596,1.7
339,1433574,2.5
339,1149167,3.5
339,799766,1.9
339,1445302,3.7
339,1248276,1.1
339,1437515,3.9
339,1306707,4.0
339,1292367,3.6
339,1324389,3.9
339,1437438,2.1
339,1106739,1.1
339,438631,2.9
339,1301346,1.6
339,1294174,3.5
339,1432368,2.5
339,1432480,2.2
339,1439004,2.4
339,1436684,3.1
340,1291321,1.1
340,1432368,4.0
340,926670,4.8
340,1437485,2.6
340,1000085,4.9
340,1216571,2.7
340,262500,3.8
340,1390154,1.2
340,1400110,1.9
340,939243,1.1
340,147441,1.8
340,1322218,3.7
340,1075456,2.8
340,1423093,4.8
340,1126166,1.9
340,1423295,4.5
340,1446174,2.4
340,1262495,2.0
340,1442200,3.4
340,262543,4.4
341,68718,2.2
341,1400110,2.6
341,1378051,4.9
341,1317096,3.2
341,361743,2.0
341,1445302,2.6
341,1202479,2.4
341,1378734,3.4
341,1165393,4.0
341,171274,4.7
341,1083968,3.8
341,1445713,4.9
341,1368096,4.1
341,155,1.5
341,850920,1.6
341,120,1.3
341,1436684,4.2
341,1440404,3.8
341,1437979,1.6
341,1436703,1.3
342,1361451,2.4
342,1378734,4.0
342,1140535,3.0
342,1107215,3.7
342,1422235,2.1
342,850920,2.1
342,1432480,3.6
342,1013850,3.9
342,1399896,3.4
342,1063873,4.8
342,100042,3.8
342,1315476,3.5
342,1435269,2.5
342,1433881,1.2
342,87101,1.6
342,1255192,3.6
342,1127674,2.7
342,1424217,4.1
342,87101,3.4
342,1319629,3.7
343,205596,4.0
343,1443002,3.3
343,1182088,1.8
343,1438546,3.2
343,1443993,1.3
343,1440776,4.8
343,1442438,4.4
343,1315476,3.3
343,1445168,4.9
343,1204967,2.2
343,27205,4.5
343,1306707,1.1
343,1353117,1.8
343,1286663,1.8
343,1106739,4.5
343,1275245,2.1
343,1420234,3.8
343,1404172,1.3
343,1436366,1.5
343,850920,1.4
344,1438208,1.9
344,1214130,1.8
344,1444686,2.7
344,1437515,1.3
344,707911,2.0
344,1003504,4.5
344,1427653,4.7
344,1400110,4.3
344,1437603,4.7
344,974576,4.9
344,1437237,3.1
344,1435269,4.2
344,1439459,1.9
344,1433908,2.9
344,1391463,2.8
344,1436704,4.8
344,1438069,4.7
344,1439033,4.5
344,227159,3.4
344,1428541,1.2
345,1257409,4.5
345,1444332,1.0
345,24428,2.0
345,1441712,2.1
345,1444686,4.6
345,1428541,2.8
345,1438546,1.6
345,1446254,1.5
345,1430968,3.9
345,1203524,3.4
345,1424352,2.4
345,1433881,3.1
345,1422166,4.3
345,1371370,2.8
345,1445721,1.1
345,707911,2.8
345,1013850,2.6
345,1003504,1.6
345,1436684,2.5
345,1214894,3.2
346,1434414,3.0
346,1436366,3.8
346,1433838,4.0
346,1443480,2.3
346,1198288,3.3
346,680,1.3
346,1317920,1.1
346,1433908,2.1
346,1184918,2.2
346,1157270,5.0
346,1432368,3.8
346,244786,1.9
346,1440776,2.9
346,1433862,2.1
346,1306707,2.3
346,1438217,1.6
346,1434009,4.5
346,1446183,4.4
346,1428780,1.3
346,1204967,4.8
347,939243,2.2
347,1436450,1.7
347,927342,4.0
347,1144417,2.8
347,1437920,1.5
347,1433831,2.5
347,1418350,1.5
347,1433813,3.8
347,1445713,1.8
347,1368096,4.9
347,1184918,3.7
347,1429788,4.8
347,1210938,4.0
347,872585,2.9
347,1013601,4.1
347,1437603,4.4
347,414906,4.5
347,1402698,4.6
347,1426343,1.2
347,1425829,1.7
348,1445713,4.9
348,1083968,3.1
348,299537,2.1
348,1444253,1.4
348,1441966,3.4
348,1400932,2.8
348,1439614,4.0
348,1441712,3.1
348,1422471,2.7
348,1446317,3.6
348,1441967,4.6
348,1260485,3.8
348,1439254,2.1
348,1210938,1.4
348,1443480,2.6
348,1418780,3.9
348,1127674,4.1
348,603,4.9
348,1436621,3.0
348,1440087,2.9
349,1438546,1.9
349,1182088,1.4
349,1441966,1.0
349,1235619,3.8
349,1435275,4.6
349,299536,1.3
349,1437515,4.7
349,475557,3.7
349,1178556,3.1
349,1353117,1.7
349,850920,5.0
349,1167416,4.0
349,1428507,3.9
349,1446066,3.8
349,1446254,1.6
349,1257409,3.2
349,1436704,4.6
349,227159,1.8
349,1422166,4.5
349,1433881,2.8
350,1241982,1.2
350,1420492,3.0
350,1149463,4.1
350,1043808,4.7
350,1443002,4.0
350,1441712,2.5
350,103,3.5
350,1138194,2.0
350,1330596,2.3
350,1353002,3.8
350,1389293,3.1
350,1443993,2.4
350,1442538,2.2
350,1084199,4.2
350,1421781,4.6
350,1000881,2.8
350,1438546,3.1
350,1286663,1.2
350,361743,1.1
350,1184918,3.3
351,205596,1.5
351,1443551,1.5
351,970947,2.1
351,438631,1.6
351,823219,1.1
351,157336,2.6
351,1013850,2.5
351,1433862,2.1
351,1422471,2.8
351,1000085,3.1
351,1445168,4.6
351,1442764,1.7
351,1442200,5.0
351,122917,2.1
351,1361451,4.8
351,1436683,4.6
351,1439614,4.8
351,1416501,2.8
351,278,2.8
351,1445783,2.0
352,872585,1.4
352,1415669,3.3
352,550,1.5
352,1353117,3.4
352,1419826,3.8
352,1445783,1.3
352,1255192,1.7
352,1444686,4.1
352,1434672,4.6
352,1075456,3.2
352,87101,3.0
352,1441840,1.5
352,181533,4.3
352,1442438,4.0
352,1428541,1.1
352,1384565,4.0
352,1432795,4.3
352,1439459,4.5
352,1063873,4.0
352,100042,4.8
353,1438203,4.6
353,1428507,4.9
353,1402698,1.9
353,270303,4.4
353,1400110,4.3
353,1441966,4.0
353,1359893,2.3
353,1446174,1.1
353,154400,4.8
353,1353117,3.2
353,898271,2.7
353,1425892,1.8
353,254904,4.2
353,1433881,2.1
353,1426343,5.0
353,933260,1.3
353,205587,4.5
353,1433862,4.2
353,1437979,4.6
353,1406240,2.7
354,1418780,2.7
354,1013482,1.2
354,898271,1.3
354,1389293,4.1
354,154400,3.7
354,1444425,3.4
354,1425370,2.3
354,950396,1.8
354,1438267,2.6
354,1437485,4.4
354,1204967,3.9
354,1439514,1.5
354,850920,2.5
354,1429788,3.1
354,1428262,4.6
354,1433860,1.9
354,1064213,1.5
354,1431328,4.4
354,1432101,3.5
354,1425373,2.0
355,1013482,4.7
355,1433811,2.6
355,1436458,3.5
355,1435275,3.3
355,1434672,4.3
355,1422471,1.8
355,1286773,3.6
355,1130863,3.0
355,1356039,4.7
355,1446219,4.4
355,1418350,1.5
355,1326693,2.0
355,1378734,1.2
355,227159,3.2
355,438631,1.5
355,1437515,1.2
355,1437446,2.7
355,1203524,2.1
355,156022,1.3
355,1439033,1.5
356,680,4.5
356,1440083,1.5
356,1306284,4.4
356,1271724,3.9
356,1286773,2.8
356,1442431,2.0
356,154400,2.6
356,1440828,1.8
356,1442417,1.0
356,1443993,4.9
356,155,3.4
356,1434672,3.8
356,1441966,3.0
356,1198288,1.1
356,228967,4.8
356,1438480,2.4
356,1437485,3.9
356,1138194,3.4
356,278,3.4
356,1433802,2.8
357,299537,4.4
357,1444425,3.4
357,1424897,1.2
357,1294174,1.6
357,1439614,4.8
357,1435053,3.9
357,1106560,4.7
357,189,1.4
357,1233575,4.4
357,438631,3.1
357,1430968,4.6
357,1446066,1.9
357,1421001,2.0
357,147441,1.4
357,1437603,4.1
357,1444253,3.7
357,1429788,2.4
357,1433872,1.2
357,1433802,4.4
357,1435275,3.9
358,1418287,3.9
358,169917,4.3
358,27205,5.0
358,1446308,4.3
358,1127648,1.1
358,1317920,2.4
358,238,2.7
358,227159,2.7
358,1368096,3.2
358,1422166,4.7
358,777443,4.5
358,1255192,4.8
358,38,2.7
358,1442388,4.3
358,1275248,4.5
358,550,3.7
358,823219,3.5
358,122917,1.5
358,800367,3.3
358,270303,4.5
359,1368096,4.2
359,1433862,3.1
359,607141,2.0
359,1357797,3.1
359,1443387,2.4
359,1444425,3.1
359,1422166,2.7
359,169917,4.1
359,1442308,3.6
359,1436456,3.7
359,1013850,2.3
359,278,4.5
359,1445832,1.4
359,1434672,3.4
359,800367,3.2
359,1440776,2.4
359,1402698,3.4
359,1442689,4.4
359,1441712,4.4
359,799766,4.3
360,227159,3.3
360,68718,2.7
360,696506,4.0
360,228150,1.5
360,1435275,4.9
360,1430968,4.3
360,1429460,4.8
360,1422072,2.9
360,262543,3.8
360,1425370,3.3
360,98,1.6
360,1214069,2.0
360,260346,3.2
360,1443907,1.3
360,98566,2.4
360,1443247,3.9
360,1438203,2.2
360,1428541,3.9
360,1432534,1.0
360,1432098,3.5
361,265208,1.0
361,1443907,3.1
361,1433881,3.0
361,1241982,3.0
361,1405338,3.6
361,1210938,4.8
361,823219,2.5
361,1421781,2.6
361,103,3.5
361,1433574,3.0
361,1326693,2.2
361,1428780,1.7
361,24428,2.2
361,1233575,2.9
361,227159,1.8
361,1422166,1.3
361,1429788,3.8
361,1433860,2.9
361,1442417,1.9
361,1442278,2.8
362,1439509,5.0
362,1424352,3.3
362,1424103,4.8
362,1433906,1.6
362,1418287,4.6
362,1445783,1.9
362,558449,3.2
362,1443002,2.0
362,1439837,1.9
362,1138194,1.2
362,1437701,4.4
362,1286773,1.5
362,1443480,3.5
362,1064213,4.3
362,1140535,1.0
362,1430968,2.7
362,1214894,4.7
362,1434414,2.7
362,1119820,3.5
362,1442538,2.4
363,1412392,3.6
363,1328767,2.3
363,1440083,4.5
363,1380415,1.2
363,1425360,3.1
363,1433802,2.7
363,1446308,1.3
363,270303,3.9
363,1442299,3.3
363,800367,2.7
363,1214130,2.4
363,1437701,1.5
363,1422081,3.2
363,1325495,4.3
363,98566,4.8
363,1442141,4.2
363,1399686,4.8
363,1443663,3.1
363,68718,3.1
363,181533,3.0
364,1422166,4.9
364,1404722,1.0
364,1439004,2.9
364,228967,3.5
364,1435053,4.1
364,1417181,1.6
364,1043808,3.9
364,1216662,4.1
364,1446066,4.6
364,603,1.3
364,1437515,2.9
364,1442538,3.8
364,361743,3.0
364,939243,4.0
364,1432101,1.5
364,1439526,1.2
364,926670,2.7
364,707911,2.3
364,1434414,3.9
364,661539,1.8
365,1438480,1.4
365,147441,1.3
365,1433574,2.5
365,1434812,4.8
365,1437515,3.1
365,1402698,4.1
365,1064213,1.1
365,1437438,4.0
365,189,3.0
365,228150,1.2
365,238,3.0
365,194662,3.5
365,1399893,3.1
365,1390154,2.2
365,675776,1.6
365,1433836,2.8
365,1325495,1.3
365,1000085,4.1
365,1444744,4.6
365,1353002,4.6
366,154400,4.8
366,1442538,3.2
366,1440776,3.2
366,1064213,4.8
366,262543,2.5
366,1446066,4.4
366,1446254,4.5
366,1357797,1.5
366,1386047,3.2
366,1425892,3.7
366,1425373,2.0
366,1422235,1.2
366,1257409,1.6
366,1294174,3.9
366,1432368,4.8
366,1424103,4.2
366,1220028,2.9
366,1420492,1.3
366,1233575,2.3
366,1433862,4.3
367,1324389,2.0
367,1427653,3.3
367,1424217,1.7
367,1444744,2.1
367,1286663,3.1
367,1208803,3.1
367,1433574,2.6
367,1195506,1.8
367,926670,3.2
367,970947,1.1
367,228150,4.4
367,1356039,1.3
367,1442295,1.1
367,1353117,1.5
367,98566,1.1
367,1404722,1.5
367,1064213,2.0
367,189,4.0
367,1260485,1.4
367,1421001,2.8
368,154400,1.1
368,227159,3.6
368,1446254,4.3
368,1359893,1.0
368,1119820,4.5
368,1444425,1.7
368,1340727,3.3
368,1405338,1.3
368,1083968,4.5
368,1429788,4.3
368,426063,1.5
368,1126166,1.9
368,1438546,2.1
368,1417677,3.0
368,1440906,3.1
368,974576,4.0
368,98,4.9
368,675776,1.2
368,1442538,2.0
368,1075456,4.9
369,1417181,3.8
369,1444253,5.0
369,607141,3.2
369,1445168,1.1
369,1419826,3.0
369,1423299,1.4
369,898271,4.0
369,1433838,4.2
369,1411411,2.1
369,241554,1.3
369,1220028,2.1
369,1433860,4.9
369,1444686,4.2
369,1328767,4.7
369,194662,3.4
369,1438267,4.5
369,1433802,2.4
369,822119,4.0
369,1421781,1.7
369,1107215,3.9
370,1438267,2.5
370,1107215,1.6
370,1269298,2.4
370,1425360,3.3
370,1445713,2.7
370,1208803,3.6
370,122917,1.3
370,1043808,2.9
370,1420234,2.0
370,1437979,1.4
370,1013850,4.4
370,1047884,2.9
370,603,2.5
370,1328767,3.8
370,1216662,4.4
370,1443551,2.2
370,1439804,2.6
370,1437603,4.4
370,1429788,4.7
370,1437446,3.6
371,1324389,1.6
371,1424897,4.8
371,558449,4.5
371,1434812,1.3
371,1423295,2.8
371,1423093,3.0
371,1411411,1.1
371,1418112,4.2
371,1301346,2.3
371,1210938,1.8
371,1376834,4.4
371,1443378,5.0
371,1353002,1.2
371,1439526,4.2
371,214756,2.4
371,1339790,3.8
371,1436684,4.5
371,98,2.7
371,278,2.9
371,822119,1.0
372,299537,2.3
372,1422235,3.6
372,1433831,1.6
372,850920,3.8
372,131631,3.9
372,1378051,3.0
372,475557,1.9
372,1404722,3.6
372,1043808,3.0
372,1427653,3.9
372,1231695,2.2
372,361743,3.7
372,1445505,3.6
372,1438208,1.6
372,1439890,3.3
372,1431328,3.1
372,24428,4.5
372,154400,4.9
372,1140535,3.6
372,970947,1.1
373,1445713,4.1
373,254904,4.1
373,299536,3.9
373,1440083,2.9
373,1291321,4.5
373,1003504,1.8
373,1361451,1.0
373,1436450,3.2
373,1077281,1.4
373,1275248,1.9
373,1411411,3.6
373,1225572,4.6
373,1063873,1.1
373,1436456,2.0
373,1269298,4.9
373,1376834,2.3
373,1425360,3.1
373,1444686,4.6
373,1439004,2.0
373,1439514,3.3
374,1317920,2.2
374,1441967,2.7
374,1204967,4.6
374,1423093,1.6
374,1420492,4.0
374,1444332,3.3
374,1444253,3.4
374,1182088,4.9
374,98566,4.4
374,1328767,4.6
374,1437920,4.1
374,1165393,3.5
374,1433908,2.7
374,1420234,3.3
374,1424217,2.3
374,1392821,2.0
374,1425360,3.8
374,227159,2.8
374,238,4.0
374,1421781,3.1
375,1317096,4.6
375,675776,1.1
375,205587,4.8
375,1439614,4.8
375,1437603,1.4
375,1443247,1.9
375,550,1.9
375,1216571,1.5
375,1371370,3.4
375,1144417,5.0
375,1432480,1.3
375,1437920,4.3
375,1444425,2.9
375,1423295,4.1
375,244786,4.7
375,1231695,1.8
375,1437438,1.2
375,262543,4.3
375,27205,3.1
375,1106739,3.5
376,1399896,2.1
376,516729,4.8
376,238,3.3
376,1443387,1.9
376,1423299,4.5
376,1384565,4.1
376,1436621,4.0
376,1084199,2.6
376,1294376,2.7
376,1390154,4.2
376,1443907,1.1
376,549509,3.6
376,1441966,1.6
376,1440776,5.0
376,227159,1.0
376,898271,4.9
376,27205,1.1
376,1443695,1.9
376,98,4.0
376,799766,3.8
377,1445721,3.9
377,974576,2.0
377,1043808,2.3
377,1432795,2.7
377,1412392,2.5
377,24428,1.2
377,1438267,4.5
377,1437237,2.2
377,1444331,2.6
377,1420899,3.8
377,1434414,2.8
377,1378734,4.0
377,1429784,3.0
377,1440083,1.6
377,1439837,4.0
377,680,3.3
377,1432534,2.2
377,549509,2.7
377,1439804,1.1
377,1433872,1.0
378,1214894,3.3
378,169917,3.1
378,1257409,3.7
378,1216571,2.9
378,974576,3.2
378,777443,1.3
378,1443551,1.3
378,244786,3.4
378,1445783,1.6
378,1418287,4.0
378,262500,4.2
378,1426337,4.2
378,1432098,3.0
378,675776,3.0
378,1442431,1.7
378,1442295,4.4
378,1184918,1.3
378,1399896,4.7
378,287424,5.0
378,1422235,4.6
379,1433881,4.4
379,147441,2.7
379,1438203,3.3
379,1424217,3.5
379,1442388,2.6
379,189,4.0
379,1441567,1.3
379,1274751,4.6
379,1439033,4.3
379,1439526,3.9
379,227159,3.1
379,1446219,2.6
379,1431744,1.9
379,1292367,2.3
379,1440083,4.1
379,1368096,2.4
379,1328767,3.0
379,1443551,1.1
379,1165393,3.6
379,1428507,2.8
380,1425296,1.1
380,1084199,1.7
380,1426337,3.6
380,1356039,3.5
380,1425360,4.2
380,1208803,3.0
380,1436456,4.9
380,1442764,2.4
380,1431328,3.1
380,823219,1.7
380,1444331,4.8
380,1000881,1.7
380,1405338,1.0
380,38,2.8
380,974576,2.5
380,1422081,4.4
380,1428262,3.4
380,1440144,4.0
380,1399893,3.9
380,558449,3.3
381,1418780,4.7
381,1424352,1.6
381,1418287,3.6
381,156022,4.3
381,1436450,2.1
381,1225572,3.1
381,1439254,4.7
381,1084199,1.1
381,1424897,3.4
381,1443387,2.2
381,1013601,1.6
381,1436366,2.8
381,1390154,3.7
381,1119820,3.6
381,1248276,4.0
381,1443470,3.9
381,262500,5.0
381,950396,1.1
381,1380415,4.2
381,850920,3.1
382,823219,1.6
382,1440404,3.2
382,1157270,2.1
382,1184918,2.6
382,926670,4.4
382,210577,3.8
382,1126166,2.4
382,1438546,3.7
382,1013850,3.3
382,1214894,4.8
382,1445168,4.8
382,1424217,3.4
382,1167416,1.7
382,227159,3.4
382,1444332,4.9
382,1294174,2.8
382,1418112,1.7
382,1399893,3.7
382,1438208,4.5
382,1391463,2.0
383,926670,3.0
383,1442278,2.0
383,1416501,2.9
383,974576,3.0
383,1442322,4.9
383,1435275,4.1
383,1425296,4.6
383,675776,2.0
383,1214130,1.8
383,950396,4.9
383,1425370,4.8
383,299537,3.8
383,1434672,4.8
383,1432480,4.6
383,1421001,1.6
383,169917,4.3
383,1440776,3.3
383,1442431,2.4
383,1445832,3.2
383,1438480,4.7
384,1405338,3.1
384,1130863,2.7
384,1429788,4.5
384,1214894,2.3
384,1260485,3.0
384,1432534,2.6
384,1438546,2.9
384,1013482,1.8
384,1439033,1.6
384,361743,4.3
384,1425370,3.4
384,1063873,1.1
384,1422166,1.6
384,1437438,4.3
384,1442431,4.5
384,1257409,4.6
384,1178556,2.3
384,1440087,3.3
384,1430968,3.8
384,1376834,4.7
385,1440811,4.4
385,1420899,1.6
385,27205,2.7
385,1371370,1.4
385,1437485,3.7
385,1442915,4.5
385,1417181,1.4
385,131631,3.3
385,1075456,1.2
385,1441712,2.5
385,1437603,2.9
385,1106560,2.3
385,1266809,3.7
385,122,1.1
385,1013850,4.2
385,205596,2.1
385,1442386,2.7
385,1439526,4.7
385,1359744,1.7
385,1440776,1.3
386,1436621,3.4
386,1434672,4.1
386,1235619,2.7
386,1424897,2.8
386,1436366,2.0
386,1434009,1.9
386,38,3.8
386,1438208,2.5
386,898271,4.8
386,1437920,2.4
386,1368096,2.5
386,1433872,1.4
386,1418350,4.8
386,254904,1.3
386,1443695,2.3
386,1433908,4.1
386,1315476,1.8
386,238,4.8
386,1423295,4.8
386,1444253,2.9
387,1376834,1.2
387,1438208,2.1
387,1204967,2.6
387,24428,2.8
387,823219,4.9
387,447273,3.8
387,1433574,3.7
387,87101,4.8
387,1013601,4.3
387,1432534,4.5
387,1429788,4.6
387,262500,1.5
387,558449,2.4
387,1306284,2.2
387,1417677,2.8
387,98,2.9
387,241554,2.0
387,207933,3.9
387,1210938,2.1
387,1442295,1.8
388,1444425,4.7
388,1171153,4.8
388,1433900,1.3
388,1433838,3.9
388,1436815,1.6
388,361743,4.4
388,1443387,3.7
388,1393191,4.0
388,1418350,2.1
388,1432795,4.5
388,1399686,3.7
388,1441712,1.5
388,1425892,4.8
388,1399896,1.5
388,1077281,4.7
388,680,1.7
388,1353117,3.6
388,131631,2.0
388,799766,1.5
388,1429788,2.0
389,1353002,1.2
389,1439459,4.7
389,1405338,4.5
389,1425370,4.0
389,177572,4.2
389,98,2.3
389,1438208,2.9
389,1418780,2.1
389,1411411,1.4
389,822119,1.8
389,1297763,4.2
389,1275248,2.5
389,262543,3.7
389,1422166,4.3
389,1171153,1.6
389,1429788,1.0
389,516729,1.4
389,122917,3.7
389,1428780,1.1
389,558449,4.9
390,1432098,4.5
390,1436704,4.6
390,147441,3.7
390,262543,1.4
390,1418287,3.1
390,262500,4.4
390,1248276,1.1
390,1077281,2.4
390,1443663,4.6
390,1436684,1.2
390,1047884,4.9
390,1432534,2.8
390,1442308,3.4
390,1433831,2.8
390,1208803,1.0
390,1443247,2.9
390,287424,4.8
390,1425829,4.0
390,850920,4.8
390,1210938,3.4
391,254904,1.5
391,1436458,4.6
391,1440083,1.2
391,1429460,1.5
391,1443238,1.8
391,1378734,2.9
391,27205,2.3
391,550,4.1
391,1424103,4.6
391,1415669,4.0
391,1431328,2.1
391,1378051,4.4
391,1444332,3.2
391,823219,1.9
391,1444744,2.2
391,1442764,1.7
391,1426337,1.6
391,238,4.3
391,98,3.1
391,933260,2.0
392,1149463,2.4
392,1416501,2.1
392,265208,4.6
392,1368096,1.7
392,307081,2.7
392,1436684,2.7
392,1359893,1.8
392,1445721,4.2
392,228150,4.3
392,939243,2.2
392,1220028,3.7
392,147441,2.6
392,1126166,1.8
392,1441966,1.4
392,1445783,4.1
392,1419826,2.0
392,287424,3.5
392,1435269,1.3
392,1422166,4.3
392,1425366,1.8
393,1359744,2.3
393,157336,2.8
393,974576,3.1
393,1393191,1.8
393,1390154,4.3
393,1444253,1.1
393,1425373,4.9
393,680,4.0
393,1429784,2.7
393,1378734,3.5
393,1420234,2.8
393,799766,1.0
393,1182088,3.5
393,1255192,3.5
393,171274,2.4
393,800367,2.8
393,205587,3.6
393,1376834,4.0
393,1418287,1.0
393,1400932,1.5
394,299536,3.9
394,1425296,3.8
394,1436683,3.8
394,1214130,1.7
394,1439514,1.5
394,1424897,2.5
394,1297763,4.6
394,1438696,4.1
394,1433908,1.2
394,426063,1.3
394,1182088,1.4
394,1255192,3.3
394,1439837,2.1
394,516729,1.5
394,1443551,2.4
394,361743,3.6
394,98,2.1
394,1441967,1.3
394,100042,3.3
394,927342,1.3
395,1425296,3.5
395,189,3.5
395,1431328,4.0
395,287424,1.7
395,1434414,1.9
395,1319629,1.5
395,607141,3.6
395,1378051,2.3
395,1419826,4.4
395,1437485,3.6
395,1184918,1.3
395,1000881,2.3
395,1439514,3.0
395,1433908,3.6
395,1043808,3.0
395,1437515,4.8
395,1418287,1.8
395,1442316,2.3
395,1433872,1.9
395,1436621,3.1
396,1422072,4.1
396,1425360,3.8
396,188222,2.8
396,800367,4.9
396,1444331,4.3
396,777443,4.7
396,1440639,1.5
396,1149463,1.8
396,1442316,1.1
396,1436366,2.5
396,205587,4.7
396,1441746,4.3
396,661539,3.4
396,1140535,4.3
396,1275245,4.6
396,1126166,1.7
396,1433860,2.4
396,98,2.3
396,1441840,1.0
396,1406240,3.3
397,1441712,3.6
397,1084199,2.2
397,1443551,3.6
397,1416501,2.6
397,1386047,1.7
397,1441567,3.1
397,1297763,1.0
397,1330596,3.4
397,1119820,4.7
397,1440811,4.3
397,1439509,2.0
397,1421053,1.3
397,214756,1.4
397,1438217,2.4
397,1424565,3.5
397,205596,1.2
397,1423295,2.6
397,1425296,1.0
397,1445713,4.3
397,1428262,3.5
398,207933,1.6
398,1286773,4.6
398,1417677,2.8
398,800367,1.8
398,1301346,1.5
398,1404722,1.8
398,1216571,4.2
398,1294376,1.3
398,1411411,1.2
398,1384565,2.4
398,1359893,2.5
398,1433881,3.4
398,1356039,2.1
398,1376834,2.4
398,1157270,3.0
398,1439514,3.2
398,1434414,1.8
398,169917,1.9
398,1433838,2.6
398,680,3.6
399,1444331,3.3
399,1439514,3.4
399,1167416,5.0
399,1255192,1.0
399,438631,2.2
399,1248276,4.5
399,1443387,3.9
399,1301346,4.8
399,1275248,2.6
399,205587,2.8
399,1330596,4.2
399,1416501,3.4
399,1444253,1.1
399,299536,3.4
399,1353117,4.9
399,1446066,2.6
399,1368096,4.9
399,1411411,2.0
399,1439254,3.1
399,1165393,3.7
400,1433862,3.2
400,1149167,4.5
400,169917,2.0
400,1442918,2.0
400,1443470,4.6
400,1438546,4.2
400,1424103,4.3
400,147441,4.2
400,1353117,2.1
400,1417181,3.9
400,1445783,4.8
400,299536,4.5
400,1317096,2.4
400,1404722,3.5
400,98,2.9
400,194662,1.2
400,1292367,2.1
400,1400110,2.9
400,1198288,3.1
400,1424352,3.2
401,1018964,3.9
401,1442200,3.8
401,189,4.0
401,1312157,2.9
401,1441712,1.9
401,1418350,4.8
401,1013850,1.2
401,1442299,2.6
401,1439890,2.0
401,1425366,4.5
401,898271,2.3
401,1286773,4.3
401,262500,3.8
401,157336,1.7
401,188222,4.8
401,1442386,3.1
401,558449,3.9
401,1444425,1.0
401,1433802,5.0
401,696506,1.9
402,1442386,1.9
402,1421781,2.5
402,1003504,4.4
402,1389293,3.2
402,1440087,2.4
402,1422166,1.1
402,1271724,4.5
402,1432098,4.1
402,696506,3.9
402,1421053,2.9
402,1424352,3.7
402,1433838,2.1
402,1427653,2.0
402,1328767,3.8
402,1339790,4.3
402,1255192,4.0
402,1184918,3.7
402,1204967,4.5
402,1418350,1.8
402,1269298,4.5
403,822119,2.8
403,970947,1.0
403,155,3.3
403,244786,2.0
403,1424217,3.5
403,1271724,4.8
403,1443663,1.2
403,1107215,4.2
403,1443487,1.5
403,1301346,4.7
403,1353002,3.4
403,228150,4.0
403,1424897,3.7
403,1441567,4.8
403,1445302,1.8
403,1442386,2.1
403,1425892,3.4
403,1440144,2.5
403,516729,2.9
403,278,1.4
404,1368096,1.2
404,1442141,4.7
404,1412392,1.5
404,1443480,2.0
404,1047884,3.4
404,265208,3.3
404,1429460,4.5
404,1127674,3.3
404,1417677,2.6
404,1443907,1.6
404,1418350,4.0
404,898271,4.9
404,1262495,1.1
404,1436683,3.8
404,1255192,2.7
404,1440776,1.8
404,1203524,3.6
404,1405338,1.2
404,1425366,1.1
404,850920,4.5
405,156022,2.0
405,1440776,3.9
405,1433836,1.5
405,1271724,2.5
405,1330596,3.0
405,1393191,2.9
405,1434414,4.5
405,205596,2.3
405,1000085,1.9
405,1106739,3.8
405,27205,2.7
405,1422235,3.5
405,98566,4.2
405,1417677,2.6
405,1400110,4.9
405,38,3.6
405,850920,1.3
405,154400,4.6
405,1438546,2.3
405,1325495,3.6
406,205596,4.0
406,799766,3.2
406,1083968,2.7
406,1297763,3.9
406,1432534,4.7
406,1443480,1.5
406,1442141,1.4
406,1386047,3.8
406,1326693,4.4
406,1446308,2.5
406,262543,2.2
406,1442431,1.7
406,1047884,2.5
406,262500,2.2
406,1442278,3.8
406,1399893,4.4
406,1444332,4.8
406,1425370,4.1
406,1438217,4.4
406,1446183,4.8
407,1157270,4.7
407,1013482,3.4
407,1446308,3.1
407,1399893,1.3
407,1405338,4.3
407,238,2.9
407,1442299,1.1
407,1144417,4.8
407,1439509,2.2
407,1419826,2.0
407,1437438,3.2
407,1443551,2.1
407,1442538,4.5
407,447273,4.0
407,1422081,2.0
407,1208803,4.6
407,1202479,2.3
407,1204967,2.8
407,1433906,3.7
407,27205,3.3
408,194662,2.8
408,1440083,1.9
408,1440639,2.4
408,1127674,3.0
408,1248276,4.6
408,1319629,1.6
408,1443487,4.2
408,1422235,2.9
408,515001,4.1
408,1427653,1.3
408,1435766,3.2
408,1418350,1.9
408,1418287,3.4
408,1203524,1.0
408,169917,2.9
408,1389293,2.7
408,1390154,2.7
408,1202479,1.6
408,1433836,1.5
408,241554,3.9
409,1400932,4.6
409,1378734,1.8
409,1340727,2.6
409,1433900,2.6
409,800367,2.3
409,1440811,1.3
409,1422471,2.7
409,1077281,5.0
409,1255192,3.0
409,1214130,3.4
409,1399686,3.6
409,214756,1.4
409,603,4.2
409,1440776,3.4
409,1257409,3.4
409,1436684,1.9
409,1437603,5.0
409,155,4.0
409,1182088,1.3
409,1013482,1.5
410,1427653,4.2
410,1443907,1.2
410,1444253,2.1
410,155,3.2
410,1433838,3.2
410,675776,2.7
410,549509,2.6
410,1416501,2.6
410,1392821,3.8
410,1220028,3.0
410,1157270,2.0
410,1127674,3.0
410,1140535,4.3
410,1165393,1.1
410,414906,1.4
410,1436684,4.0
410,1446174,2.5
410,1013601,4.2
410,1198288,4.2
410,1433836,3.8
411,1301346,3.2
411,1315476,4.4
411,1427653,3.4
411,171274,2.6
411,1380415,4.6
411,898271,4.9
411,1214130,4.9
411,1378734,4.8
411,1442386,4.0
411,1434812,2.8
411,1439837,4.9
411,1442322,4.6
411,1389293,1.7
411,98566,2.4
411,1441967,4.1
411,1429788,1.3
411,1436450,4.5
411,1442438,3.5
411,1418112,1.5
411,1064213,2.7
412,1165393,4.0
412,850920,4.1
412,1442278,1.1
412,1386047,2.8
412,1138194,4.2
412,1428507,2.0
412,1301346,1.8
412,1417677,1.2
412,1426337,1.9
412,24428,4.6
412,1399686,3.6
412,1436621,2.2
412,1440404,2.6
412,1400110,1.7
412,1419826,4.0
412,177572,1.8
412,254904,3.9
412,1317920,3.4
412,169917,2.9
412,1178556,1.5
413,1434414,4.0
413,1262495,4.0
413,1445179,4.1
413,1214130,4.8
413,1428541,2.6
413,1216662,2.8
413,260346,4.2
413,1003504,3.6
413,1266809,2.5
413,1444686,2.9
413,933260,1.6
413,1380415,2.7
413,1439514,3.7
413,307081,1.8
413,87101,4.1
413,1442299,4.4
413,1399686,1.2
413,1075456,1.9
413,1432101,2.8
413,1422471,1.4
414,1275248,3.8
414,1260485,2.7
414,1442295,1.2
414,205596,2.7
414,1439890,1.8
414,1418287,3.6
414,1371370,3.3
414,1445179,4.4
414,1440906,4.6
414,1184918,4.6
414,1083968,4.9
414,426063,3.9
414,1203524,3.3
414,1436621,4.6
414,1436456,1.1
414,1446317,1.6
414,1424565,1.6
414,1198288,3.3
414,205587,1.4
414,177572,4.2
415,1432098,2.9
415,696506,1.9
415,307081,4.4
415,1405338,1.9
415,1426343,4.0
415,1429788,2.8
415,550,2.6
415,447273,1.3
415,1443663,2.0
415,1425360,3.4
415,1418780,4.2
415,800367,2.7
415,1106739,2.9
415,823219,2.6
415,1422081,2.7
415,558449,2.5
415,1441966,4.4
415,1433881,2.5
415,1446066,4.3
415,1433574,2.3
416,549509,1.4
416,1324389,1.0
416,68718,1.4
416,1443487,3.8
416,244786,3.6
416,1216571,2.0
416,1425892,2.4
416,1330596,1.8
416,1356039,1.7
416,361743,3.3
416,1420234,4.1
416,1389293,4.2
416,1442386,1.2
416,1235619,1.1
416,1000881,1.4
416,1417181,3.8
416,1446219,2.0
416,1214894,3.9
416,1442431,4.5
416,1326693,4.2
417,1445168,1.2
417,447273,4.5
417,194662,3.8
417,1422235,1.3
417,241554,2.3
417,1157270,1.8
417,1424103,3.5
417,1438696,2.6
417,1130863,3.0
417,1077281,1.5
417,1084199,2.9
417,1378051,2.1
417,1171153,1.5
417,1389293,1.5
417,188222,3.6
417,1195506,2.3
417,1319629,3.2
417,1428507,2.7
417,950396,1.1
417,1433862,3.8
418,696506,4.6
418,1432534,3.0
418,1013850,4.9
418,1439509,3.3
418,1425373,4.2
418,1294174,2.4
418,1431744,4.8
418,1255192,4.6
418,777443,4.2
418,661539,2.9
418,1433908,2.0
418,147441,1.1
418,1438069,3.7
418,1427653,3.8
418,1322218,1.6
418,1433860,4.9
418,800367,3.2
418,1328767,2.0
418,1013482,1.6
418,1436704,1.4
419,1439459,4.5
419,254904,3.3
419,1441840,4.4
419,1353002,1.9
419,1443695,3.6
419,1392821,3.8
419,1442322,1.9
419,823219,3.0
419,1184918,3.6
419,950396,4.9
419,822119,1.2
419,1306707,1.6
419,1390154,3.8
419,299536,4.2
419,214756,3.8
419,1107215,2.3
419,1405338,1.0
419,898271,2.6
419,1438546,3.8
419,1436684,3.9
420,361743,4.6
420,299536,1.6
420,1202479,2.6
420,1426343,1.8
420,1444425,3.4
420,762509,3.8
420,1368096,2.9
420,1422235,4.8
420,1127674,1.5
420,120,1.9
420,205596,2.5
420,800367,2.9
420,262500,1.4
420,1421053,3.9
420,777443,1.9
420,1378734,3.3
420,1233575,4.4
420,1286773,2.1
420,1433836,1.1
420,1077281,3.8
421,800367,4.4
421,1445168,4.7
421,1439254,3.7
421,1436703,1.6
421,157336,1.8
421,1425829,3.5
421,1359893,3.1
421,1441966,1.7
421,475557,3.4
421,1442388,2.5
421,169917,1.6
421,181533,2.4
421,1426337,4.5
421,1430968,1.1
421,1424103,2.9
421,1432098,1.4
421,1436450,5.0
421,1425373,1.4
421,1437920,4.2
421,1436456,2.3
422,707911,4.1
422,1443470,1.5
422,1432098,3.4
422,1376834,3.8
422,1404722,3.2
422,27205,3.4
422,1421781,3.4
422,1202479,2.2
422,1439509,1.1
422,1437979,1.5
422,241554,2.4
422,1436683,4.5
422,1425366,2.0
422,1165393,1.8
422,1324389,1.5
422,1441567,4.9
422,1434291,5.0
422,1443551,2.5
422,447273,3.1
422,558449,2.9
423,1301346,1.0
423,1442386,2.5
423,1340727,2.3
423,68718,4.5
423,1426337,1.6
423,1436815,2.0
423,1439004,1.3
423,1422166,1.2
423,1182088,2.4
423,1438696,3.7
423,1439514,1.8
423,38,2.8
423,1440776,3.6
423,1202479,3.4
423,447273,2.9
423,205596,1.6
423,1440087,2.8
423,87101,1.6
423,1422166,1.9
423,1208803,3.3
424,1425829,1.9
424,1214130,1.7
424,550,3.0
424,1431744,1.2
424,227159,2.0
424,1433836,1.5
424,207933,3.0
424,850920,4.0
424,1443387,4.8
424,1440811,1.3
424,1436703,2.8
424,1405338,3.8
424,1368096,3.0
424,1428507,1.0
424,1421053,4.2
424,1127674,2.5
424,1422166,4.8
424,177572,1.6
424,1438502,4.9
424,100042,2.5
425,1425360,3.9
425,278,1.4
425,241554,1.0
425,1375762,4.0
425,1440087,4.5
425,177572,1.0
425,1426337,3.9
425,1127648,3.5
425,1405338,1.7
425,1439837,2.0
425,1406240,4.4
425,1442431,2.9
425,1424565,3.4
425,414906,1.9
425,1368096,1.3
425,1220028,4.9
425,1425366,4.9
425,1419826,4.6
425,1043808,2.2
425,1440144,3.9
426,1266809,4.0
426,1275248,1.8
426,1339790,1.7
426,1255192,4.1
426,1439459,1.4
426,1434009,3.3
426,898271,4.7
426,475557,3.7
426,927342,4.5
426,1361451,3.9
426,1371370,3.9
426,1195506,2.4
426,1138194,2.1
426,1294174,2.0
426,1442141,4.9
426,1436684,1.7
426,1000881,1.2
426,1357797,4.1
426,1439514,1.9
426,1210938,1.4
427,1269298,2.2
427,1390154,1.8
427,287424,1.1
427,1440639,3.0
427,1433900,4.7
427,98566,3.6
427,1359744,1.6
427,1436269,4.3
427,1436366,4.8
427,169917,2.3
427,1260485,2.4
427,244786,3.2
427,1404172,1.5
427,1294174,2.5
427,1271724,4.1
427,1421781,3.7
427,1198288,3.8
427,1437603,2.9
427,1043808,2.9
427,1429788,4.9
428,800367,1.0
428,254904,1.4
428,1445832,3.8
428,1422235,1.0
428,1400932,4.9
428,1435766,3.3
428,227159,1.8
428,1446317,4.9
428,1436366,4.9
428,1442386,2.1
428,147441,4.2
428,1204967,4.0
428,1439526,3.5
428,1439004,3.9
428,1438480,4.9
428,898271,1.9
428,227159,1.2
428,1442915,1.2
428,1441966,4.5
428,1441567,3.5
429,1440144,4.5
429,1003504,2.5
429,696506,2.9
429,558449,4.6
429,205587,4.8
429,1330596,3.3
429,1440776,1.3
429,1433802,2.1
429,1442918,1.3
429,1439837,3.9
429,1399893,2.3
429,1312157,2.6
429,1442200,3.7
429,1063873,2.7
429,1428780,2.7
429,1325495,2.4
429,1167416,4.1
429,1400110,2.9
429,241554,4.6
429,27205,2.7
430,1436621,3.6
430,1167416,1.4
430,1411411,2.7
430,438631,4.7
430,1000881,3.2
430,1255192,1.7
430,1443993,3.4
430,1357797,2.7
430,1418350,3.6
430,1317096,3.7
430,1433881,4.4
430,1149167,2.0
430,1435269,1.4
430,1443480,1.7
430,1436683,4.8
430,1214894,1.2
430,1438069,3.6
430,1433811,3.8
430,1430968,2.6
430,1326693,2.0
431,1077281,1.2
431,426063,1.6
431,1339790,2.6
431,1442386,3.9
431,1182088,4.3
431,1353002,3.7
431,1210938,2.8
431,1420492,3.0
431,1330596,3.6
431,1353117,2.5
431,1084199,4.6
431,1444332,2.0
431,438631,3.1
431,1233575,4.5
431,1445713,3.8
431,1444744,4.9
431,1198288,2.5
431,1441746,1.3
431,228150,3.5
431,1442388,1.4
432,1390154,1.4
432,1324389,3.3
432,661539,4.1
432,1330596,4.7
432,1424217,1.4
432,244786,4.5
432,1442295,1.1
432,1255192,3.5
432,1443663,4.5
432,1208803,2.8
432,1430968,1.3
432,1438267,4.8
432,1433836,1.3
432,1440828,4.3
432,1359893,1.1
432,228150,1.0
432,210577,1.3
432,1428541,3.7
432,1405338,1.7
432,1433862,3.1
433,1425373,4.8
433,1399896,3.7
433,1429788,3.7
433,1443993,2.9
433,1000085,1.9
433,1439254,4.3
433,1376834,1.7
433,1440144,3.2
433,1443551,4.8
433,1440776,4.5
433,1435053,3.7
433,1432534,1.9
433,1216571,3.5
433,1444332,4.4
433,1328767,4.2
433,188222,4.6
433,1418287,2.6
433,800367,4.9
433,1439804,1.4
433,1432101,3.7
434,1442431,2.7
434,1439459,2.6
434,87101,1.2
434,475557,4.2
434,1422166,1.9
434,1428262,2.7
434,1198288,3.5
434,1140535,4.7
434,1436366,1.3
434,1442689,3.3
434,1432101,1.9
434,1317096,1.8
434,1443247,4.2
434,244786,1.4
434,1440404,2.7
434,1439804,3.6
434,155,2.7
434,1214130,1.1
434,1165393,2.2
434,1425360,1.4
435,1433811,4.6
435,1315476,4.5
435,1432098,4.2
435,307081,2.0
435,1428507,4.2
435,38,2.0
435,823219,2.1
435,1325495,3.9
435,147441,4.5
435,1003504,1.5
435,1439033,4.2
435,1444425,4.5
435,1437515,1.2
435,1437979,2.2
435,1443487,1.9
435,1297763,4.2
435,1127674,1.3
435,1434672,3.2
435,1340727,2.1
435,1400932,1.7
436,1216662,2.6
436,1433836,1.4
436,1446254,2.4
436,1075456,4.8
436,299536,2.4
436,1291321,1.3
436,822119,2.0
436,1438502,3.4
436,1424103,3.8
436,1359744,2.8
436,1445713,3.1
436,1439033,3.5
436,98,4.7
436,933260,2.0
436,1438208,1.6
436,1444331,3.6
436,1441840,3.9
436,1359893,2.4
436,1436366,3.4
436,1389293,4.6
437,1368096,3.3
437,1442308,1.9
437,171274,1.3
437,1440087,4.6
437,1425829,4.8
437,1077281,2.5
437,1119820,3.4
437,680,4.7
437,1435275,4.6
437,1443993,3.8
437,1421781,4.9
437,1157270,2.4
437,1445783,3.7
437,1378734,4.0
437,1433862,1.2
437,777443,2.8
437,1371370,1.9
437,1440083,1.8
437,1436366,2.0
437,1418112,1.1
438,1301346,1.6
438,1444686,3.8
438,933260,4.8
438,1439254,4.2
438,1438267,4.4
438,1428780,4.4
438,87101,3.9
438,1419826,3.1
438,1375762,2.6
438,1330596,1.2
438,1107215,1.2
438,1425829,1.5
438,1106739,4.6
438,1119820,5.0
438,1063873,2.3
438,1436703,1.3
438,1399893,1.3
438,1441567,3.0
438,1446219,2.4
438,1438502,4.3
439,823219,3.5
439,207933,4.3
439,1446174,3.1
439,1440087,4.5
439,1426343,4.4
439,98566,2.0
439,1294174,1.4
439,607141,2.4
439,1429460,1.4
439,1225572,1.9
439,1445783,2.9
439,1106739,4.1
439,1292367,2.2
439,1324389,3.1
439,1257409,1.7
439,1439033,1.9
439,1432534,4.3
439,1432368,2.7
439,205587,4.8
439,1446219,3.7
440,1439459,1.7
440,1444425,3.1
440,1442918,3.6
440,1442200,3.9
440,1445179,4.7
440,1445168,4.1
440,1306284,2.0
440,603,5.0
440,1442322,3.1
440,1262495,3.0
440,675776,1.6
440,1202479,1.2
440,1438203,4.9
440,1433811,1.3
440,1439890,3.5
440,1178556,2.0
440,1438217,1.4
440,1432534,4.8
440,254904,4.9
440,1440776,4.6
441,1214130,4.2
441,1433838,1.7
441,1446174,1.8
441,1195506,4.1
441,1428507,1.5
441,1423295,4.3
441,87101,1.4
441,1306707,3.3
441,1443002,1.6
441,1443247,4.4
441,1444331,1.0
441,1425370,2.8
441,1043808,1.5
441,1275248,3.2
441,1425366,2.5
441,898271,1.9
441,1442308,4.3
441,1376834,2.8
441,1429788,3.2
441,1292367,3.3
442,1446254,4.1
442,1434672,2.4
442,1439254,3.5
442,1171153,3.3
442,1441967,2.7
442,1434414,3.8
442,1326693,4.8
442,1446174,2.9
442,1429460,4.1
442,1378734,3.6
442,1149463,4.5
442,1439526,3.8
442,1442278,3.1
442,1442417,4.0
442,1418780,2.4
442,1291321,2.4
442,1404172,4.5
442,1443480,3.0
442,1235619,4.2
442,872585,4.7
443,1439509,2.1
443,1439526,2.5
443,1437701,4.2
443,1214069,2.0
443,1440828,2.6
443,1216662,1.8
443,1013850,2.8
443,1438203,4.4
443,1421001,4.2
443,898271,4.9
443,1386047,2.6
443,1306707,1.2
443,799766,4.7
443,800367,1.8
443,1436704,1.7
443,1255192,4.4
443,1286773,2.4
443,1425370,2.7
443,1412392,2.7
443,1438502,1.4
444,1435275,3.1
444,549509,1.6
444,1443695,1.2
444,1438069,4.8
444,1436704,3.3
444,1434009,2.1
444,1424565,4.1
444,1437485,3.4
444,1417181,3.9
444,1421781,1.3
444,103,3.6
444,515001,3.8
444,1195506,1.0
444,1442388,4.1
444,1424897,2.7
444,1269298,4.0
444,926670,4.8
444,1438546,4.0
444,1203524,1.2
444,1425370,3.8
445,1422072,4.9
445,1434414,4.8
445,1269298,4.9
445,1419826,4.7
445,1140535,3.9
445,1306707,4.8
445,1376834,3.0
445,1418780,3.0
445,260346,1.5
445,1440811,3.7
445,1444331,1.3
445,1433900,3.3
445,1439459,4.4
445,1432101,1.4
445,1292367,3.8
445,1437979,2.7
445,1353117,2.0
445,1432534,1.3
445,1420234,3.9
445,1436456,4.8
446,169917,2.7
446,1013482,3.7
446,1198288,2.0
446,1436621,2.0
446,1446254,4.6
446,1442438,2.9
446,244786,1.3
446,205596,1.5
446,1441567,3.1
446,1439509,3.6
446,1404172,4.7
446,1433862,2.1
446,1428541,4.4
446,1432480,2.9
446,265208,3.3
446,1440811,5.0
446,800367,1.0
446,1271724,2.6
446,1294376,2.9
446,1438069,4.4
447,777443,3.9
447,414906,4.4
447,147441,1.6
447,68718,3.1
447,1423093,1.4
447,1404722,1.2
447,1405338,3.2
447,1386047,1.6
447,189,1.6
447,1440083,3.5
447,1443551,2.5
447,1418350,2.3
447,1438217,3.7
447,1140535,4.5
447,1220028,1.4
447,181533,3.7
447,1433838,3.4
447,1429460,2.5
447,27205,3.2
447,1422235,3.8
448,558449,4.1
448,171274,4.1
448,603,3.0
448,1184918,2.4
448,1047884,2.1
448,1436366,4.1
448,1443993,4.1
448,1393191,3.3
448,1416501,2.8
448,1389293,3.6
448,1435269,2.2
448,1439526,3.5
448,1445721,1.1
448,205587,4.2
448,1422166,4.1
448,98566,2.7
448,1438480,2.6
448,1439837,1.0
448,1436621,5.0
448,1043808,2.8
449,1171153,5.0
449,1432480,1.8
449,1437438,5.0
449,1119820,4.0
449,278,2.4
449,1433813,2.3
449,228150,1.4
449,1440639,4.7
449,822119,2.2
449,1204967,1.9
449,1442915,2.3
449,1437701,3.7
449,100042,4.7
449,1433862,1.5
449,1400110,3.4
449,603,4.1
449,1312157,2.6
449,970947,3.6
449,270303,4.1
449,1428780,3.7
450,1446308,4.4
450,1439614,3.9
450,1435275,4.0
450,254904,1.3
450,1157270,2.6
450,1442431,1.9
450,1444332,4.2
450,205596,3.2
450,1442915,3.3
450,1430968,3.3
450,1440828,1.9
450,38,3.4
450,1441746,1.6
450,1312157,2.4
450,1434009,1.6
450,475557,2.1
450,1013601,3.0
450,1441966,2.9
450,1439804,2.8
450,1208803,4.4
451,1000085,1.2
451,1202479,2.1
451,1433719,3.5
451,1442689,3.2
451,1357797,3.7
451,1306707,2.8
451,87101,1.9
451,210577,3.9
451,515001,4.7
451,1149167,4.1
451,1427653,1.5
451,244786,4.9
451,1442915,2.8
451,1442388,4.7
451,933260,4.7
451,214756,3.0
451,1400110,3.4
451,1416501,2.1
451,1439890,2.0
451,1294376,1.5
452,799766,4.2
452,1339790,3.8
452,1437446,4.8
452,1418780,4.4
452,1438217,3.9
452,1275245,4.1
452,1322218,1.4
452,1353117,1.1
452,265208,2.1
452,1428780,5.0
452,1438208,2.8
452,1443993,2.1
452,1446219,4.2
452,974576,3.7
452,1083968,4.7
452,1443238,3.0
452,426063,4.1
452,1431744,2.9
452,1442386,4.3
452,1417677,4.7
453,1149463,3.9
453,1269298,2.4
453,970947,1.0
453,1446308,1.1
453,103,2.6
453,1443695,1.2
453,1198288,1.2
453,1130863,2.3
453,1000085,1.6
453,1425360,4.9
453,607141,2.9
453,1434291,1.5
453,1210938,4.3
453,1445832,3.9
453,1436456,1.3
453,1208803,4.6
453,1274751,1.4
453,926670,4.3
453,1315476,2.9
453,1432480,3.4
454,260346,2.5
454,1241982,4.6
454,1292367,1.3
454,1425829,3.8
454,1426337,5.0
454,974576,3.3
454,1384565,4.1
454,1400110,3.1
454,1375762,1.7
454,675776,1.1
454,1445505,3.0
454,1436683,1.7
454,205587,3.7
454,1434291,3.0
454,262543,2.2
454,1442438,3.0
454,1437515,3.7
454,1359744,4.3
454,1084199,3.0
454,1326693,1.1
455,1330596,1.9
455,1433908,3.7
455,1428541,4.0
455,1084199,1.4
455,1312157,3.5
455,1399893,3.4
455,1361451,1.6
455,1064213,4.6
455,181533,1.2
455,1423295,3.6
455,1013850,3.6
455,1443247,2.1
455,1432368,2.1
455,1404722,4.7
455,1437485,1.1
455,1107215,2.3
455,1424565,3.4
455,1435275,3.9
455,1442388,2.3
455,265208,2.9
456,1422166,1.7
456,1399896,1.9
456,1178556,1.8
456,228967,2.4
456,1438502,2.5
456,1430968,4.0
456,1442764,1.1
456,1204967,3.1
456,1437920,2.1
456,1106560,2.4
456,157336,2.9
456,1411411,1.0
456,1444686,3.5
456,1443663,1.2
456,1083968,3.1
456,1438267,2.8
456,1391463,2.9
456,1198288,4.7
456,1443470,4.3
456,1326693,4.1
457,1235619,3.5
457,850920,3.4
457,1445179,3.8
457,823219,4.6
457,1439509,2.9
457,87101,3.6
457,1444332,3.0
457,1432098,3.5
457,1422235,4.5
457,799766,1.1
457,1301346,3.4
457,1436815,1.3
457,1297763,2.5
457,1000085,2.6
457,1424897,4.1
457,189,4.5
457,1433838,2.6
457,103,4.5
457,1441712,4.3
457,1434672,3.4
458,1165393,4.8
458,287424,4.0
458,1442308,3.9
458,1274751,2.1
458,1195506,2.4
458,1440906,2.1
458,1440083,1.1
458,1432480,1.4
458,100042,2.7
458,1432534,1.6
458,1417181,4.6
458,262500,2.2
458,1445505,4.5
458,1432534,4.4
458,1438069,4.1
458,1438480,1.5
458,1446317,4.6
458,157336,3.3
458,1445783,3.6
458,1439614,1.1
459,1262495,2.5
459,1126166,1.8
459,194662,3.0
459,1359893,2.6
459,1376834,3.4
459,1439509,1.5
459,1432795,4.7
459,1392821,3.2
459,87101,1.1
459,1119820,2.1
459,1443470,3.5
459,1446174,2.3
459,1043808,1.9
459,1425360,4.3
459,210577,4.7
459,189,3.3
459,1437446,2.5
459,1436450,1.3
459,1434812,1.6
459,1443695,1.8
460,1326693,3.4
460,1433862,4.1
460,254904,4.4
460,1356039,2.3
460,1184918,2.9
460,1436269,1.5
460,278,3.5
460,1440083,1.9
460,1130863,2.2
460,181533,1.3
460,1317096,3.6
460,1434672,4.9
460,38,5.0
460,549509,1.2
460,1386047,3.1
460,1084199,2.4
460,1445302,3.1
460,927342,1.3
460,1439033,4.4
460,1013601,3.2
461,1436621,2.3
461,1434414,1.1
461,1444331,2.2
461,1443993,1.6
461,169917,1.0
461,1422235,1.6
461,1404172,2.4
461,1418112,4.6
461,1433802,2.1
461,122917,4.3
461,1184918,1.8
461,1442689,3.9
461,603,5.0
461,147441,4.2
461,1423299,2.9
461,87101,4.2
461,189,3.2
461,1330596,2.9
461,270303,2.9
461,516729,2.4
462,1441712,3.3
462,1432534,3.2
462,1443993,4.8
462,1443487,3.5
462,1433908,3.2
462,1000085,4.3
462,1429788,4.4
462,1440776,1.5
462,1432098,3.6
462,1400110,4.5
462,1233575,4.9
462,680,4.0
462,244786,3.3
462,1378051,4.1
462,1438208,1.3
462,1415669,4.7
462,1424352,1.9
462,1433838,1.2
462,1266809,2.1
462,1257409,1.0
463,1330596,1.2
463,1441712,4.0
463,1432534,1.7
463,1144417,2.9
463,1436683,3.8
463,154400,2.7
463,1442299,1.8
463,169917,3.4
463,1233575,4.7
463,98566,3.6
463,1317920,3.7
463,927342,4.3
463,1433872,4.1
463,1443551,2.7
463,1418780,3.3
463,278,1.5
463,822119,3.2
463,1417181,2.7
463,244786,3.8
463,1361451,3.6
464,823219,1.3
464,927342,5.0
464,974576,2.9
464,1440404,4.9
464,241554,1.0
464,205596,4.5
464,1438696,2.2
464,1359744,3.9
464,1149463,1.2
464,1235619,3.2
464,1437603,3.2
464,1430968,3.5
464,1184918,3.4
464,1440906,2.0
464,823219,2.0
464,1241982,4.4
464,1438208,4.0
464,27205,4.2
464,1442417,4.7
464,1405338,3.4
465,1371370,1.4
465,1443238,1.6
465,926670,3.0
465,1433881,3.3
465,1203524,3.6
465,1418350,4.5
465,1432098,4.4
465,1443663,3.6
465,270303,3.8
465,1384565,3.2
465,278,2.8
465,1198288,4.8
465,120,1.6
465,1433831,1.5
465,1399893,1.8
465,696506,3.5
465,1425360,4.6
465,707911,1.2
465,1434672,1.2
465,1418112,1.8
466,426063,4.1
466,1417677,2.5
466,1399686,1.5
466,1424352,4.4
466,1214894,4.7
466,1442538,4.4
466,1428780,3.3
466,1306707,4.6
466,1214069,2.9
466,550,1.4
466,1208803,3.1
466,1419826,2.9
466,1443238,1.7
466,270303,2.8
466,1429460,2.6
466,1064213,3.8
466,1422235,4.6
466,1428507,3.3
466,1431328,4.2
466,1291321,2.5
467,1406240,4.8
467,1440776,2.0
467,98566,3.7
467,1442141,2.0
467,1400932,2.2
467,1445179,1.5
467,1214069,2.3
467,1439004,4.3
467,1438696,3.9
467,1439804,4.7
467,1439837,1.5
467,1182088,1.4
467,799766,5.0
467,1432101,4.5
467,207933,2.9
467,1424897,3.2
467,1324389,2.0
467,1127674,1.5
467,228150,4.5
467,1393191,3.9
468,1241982,5.0
468,120,5.0
468,1291321,1.0
468,1425360,2.4
468,1442417,1.3
468,1442316,1.3
468,1235619,4.8
468,1126166,2.4
468,189,3.1
468,1433906,1.4
468,1445179,2.2
468,1428780,2.7
468,1392821,4.8
468,1043808,3.8
468,1420492,3.9
468,1322218,2.1
468,1445721,3.0
468,927342,2.0
468,603,2.5
468,1441966,1.0
469,1442141,3.9
469,1436458,2.8
469,1441746,1.2
469,1297763,4.8
469,1399686,2.0
469,1429788,1.5
469,1442278,2.9
469,1434414,3.5
469,1441967,2.9
469,1013601,4.5
469,1433860,1.1
469,603,1.0
469,1130863,2.3
469,1429784,4.0
469,1431328,4.2
469,1392821,2.6
469,933260,3.0
469,898271,4.6
469,799766,2.0
469,1436704,4.5
470,227159,2.4
470,1441967,2.4
470,1126166,3.9
470,1439033,3.3
470,1182088,2.8
470,1442689,1.1
470,1424352,1.8
470,1422235,4.2
470,661539,1.3
470,122917,3.0
470,823219,3.1
470,1444253,4.1
470,299537,2.9
470,1235619,1.4
470,1431744,4.6
470,1432534,1.9
470,1434009,3.7
470,1357797,4.4
470,1210938,3.0
470,1198288,3.6
471,1442918,3.8
471,1294376,3.1
471,1443907,4.8
471,210577,3.2
471,1443470,3.1
471,307081,3.1
471,1149463,1.5
471,974576,4.1
471,414906,4.0
471,1203524,4.2
471,1418780,2.6
471,1423295,1.2
471,777443,4.8
471,1182088,4.5
471,1144417,4.2
471,1436450,1.5
471,1340727,4.5
471,1436456,3.0
471,1432480,4.4
471,1297763,2.9
472,1306284,4.3
472,1422081,2.8
472,1442299,1.6
472,1425360,3.3
472,707911,3.5
472,227159,1.9
472,1248276,2.7
472,1075456,1.7
472,1436450,2.3
472,1432098,4.9
472,1444253,2.9
472,1436815,1.2
472,1446174,1.9
472,1439804,3.7
472,1214130,4.5
472,1418287,1.2
472,974576,4.3
472,549509,2.2
472,1429460,4.5
472,1432534,3.4
473,1306707,3.0
473,214756,2.4
473,1361451,3.1
473,1443387,3.1
473,1297763,3.6
473,1441966,3.7
473,1445505,1.4
473,1356039,4.8
473,970947,2.0
473,1126166,4.7
473,1442417,3.1
473,1274751,3.8
473,87101,3.5
473,1286663,2.5
473,1434812,1.9
473,1433906,1.4
473,1424352,3.0
473,707911,1.9
473,1441712,4.3
473,1441567,4.9
474,1439526,1.3
474,1445713,4.6
474,1330596,4.7
474,1376834,3.6
474,1404172,4.5
474,1386047,3.6
474,1375762,2.8
474,1440776,4.6
474,1127674,3.0
474,1438546,3.3
474,1432368,4.2
474,1399686,1.8
474,1422471,2.0
474,1444686,2.5
474,189,2.0
474,1339790,3.7
474,98,3.2
474,1204967,1.2
474,1438502,4.4
474,270303,1.5
475,1432534,1.1
475,549509,2.1
475,1442200,1.7
475,823219,3.5
475,1424103,3.8
475,1399893,2.1
475,188222,1.0
475,1442141,1.2
475,1266809,1.0
475,1439526,2.3
475,1317920,3.9
475,1434009,3.6
475,1317096,3.2
475,1437438,2.2
475,1425829,4.8
475,1428780,2.5
475,1432368,1.4
475,1445713,4.4
475,1432534,4.4
475,1339790,3.3
476,1445721,2.7
476,1149463,2.5
476,1445783,3.7
476,1220028,3.4
476,227159,1.0
476,1443238,2.5
476,1444744,4.4
476,1425360,3.9
476,1328767,1.9
476,1440776,3.6
476,1315476,3.9
476,207933,4.6
476,1214894,2.6
476,1441567,4.7
476,1359744,4.4
476,1436704,1.6
476,1353002,4.1
476,1446183,2.5
476,1003504,4.6
476,675776,3.2
477,1442200,2.9
477,1433574,4.4
477,1013850,2.5
477,950396,4.6
477,1013850,4.5
477,1317920,2.8
477,1442431,4.1
477,1144417,4.1
477,1443695,4.9
477,1439837,4.1
477,1402698,2.5
477,1425296,2.0
477,1157270,2.3
477,1438267,3.0
477,1400932,3.7
477,1438502,2.1
477,1438069,3.8
477,1275245,3.3
477,1432098,4.4
477,1126166,4.2
478,414906,3.0
478,1426343,1.5
478,1428262,4.5
478,1442764,1.1
478,1445179,4.1
478,1443551,4.8
478,1442438,4.7
478,1424352,2.7
478,1440144,1.2
478,120,4.0
478,1220028,2.9
478,1442431,4.7
478,800367,3.3
478,87101,3.1
478,1438480,4.4
478,1003504,2.4
478,262500,3.5
478,1420492,2.5
478,1443480,3.8
478,1432101,4.6
479,1436815,3.4
479,1157270,4.5
479,155,1.4
479,1043808,3.8
479,1384565,4.2
479,265208,2.1
479,1378051,3.8
479,696506,3.1
479,1445783,2.1
479,1368096,4.8
479,147441,3.2
479,1127674,3.8
479,799766,3.3
479,516729,2.8
479,762509,3.6
479,205596,1.1
479,1443907,4.3
479,1442308,1.3
479,1361451,4.4
479,1214069,4.6
480,549509,3.3
480,1446066,4.9
480,1439804,1.6
480,1214130,2.4
480,1429788,3.6
480,1434414,4.7
480,1422235,5.0
480,1393191,1.9
480,1437701,2.3
480,1439004,2.6
480,1442689,3.1
480,1255192,1.4
480,1119820,4.1
480,1439526,4.7
480,850920,3.9
480,1106560,1.3
480,1440083,3.8
480,1417181,4.0
480,1315476,2.9
480,1441712,1.3
481,1422235,2.2
481,1353117,1.7
481,1424103,1.4
481,933260,1.9
481,1149167,1.9
481,1195506,3.6
481,1434672,1.3
481,262543,3.1
481,1425373,2.5
481,1425366,3.6
481,1442764,3.0
481,950396,1.8
481,1446174,1.9
481,260346,4.1
481,1400932,5.0
481,1083968,1.9
481,1441712,4.7
481,1441966,3.7
481,1415669,4.3
481,1437603,4.6
482,1445721,3.0
482,227159,2.2
482,205587,2.7
482,1441967,3.9
482,1442278,3.3
482,1231695,1.5
482,1119820,3.5
482,1260485,3.7
482,189,1.9
482,1404172,2.6
482,1429788,3.4
482,1198288,3.9
482,1443247,3.4
482,1000881,4.6
482,426063,4.5
482,1106560,2.6
482,1433574,2.9
482,1171153,3.4
482,1438546,2.1
482,927342,2.9
483,1435053,3.7
483,1439459,1.2
483,1203524,4.0
483,1441567,3.7
483,1442316,3.2
483,1432534,3.4
483,1418780,4.8
483,1325495,2.9
483,1442915,2.1
483,1424217,4.1
483,1437515,3.0
483,933260,1.7
483,1107215,1.0
483,1178556,1.2
483,800367,1.9
483,1391463,1.8
483,1422235,2.9
483,1440906,1.0
483,1443993,4.4
483,1315476,1.2
484,1421001,1.9
484,1126166,4.0
484,1220028,1.1
484,1356039,4.4
484,1420492,3.0
484,1433831,4.2
484,1429784,1.1
484,1399893,2.7
484,1440906,2.4
484,1359744,4.9
484,1389293,3.3
484,1434009,1.1
484,1440144,2.7
484,1445713,2.5
484,205587,4.1
484,1435766,1.9
484,1400110,3.2
484,1306707,4.3
484,970947,5.0
484,171274,2.2
485,1404722,1.4
485,1424897,4.9
485,1433906,1.3
485,87101,4.8
485,1436621,1.2
485,1427653,2.7
485,1198288,4.4
485,1446219,4.3
485,177572,3.1
485,1428262,3.7
485,1306707,4.6
485,1443663,2.5
485,1266809,3.5
485,1063873,1.7
485,1440083,1.6
485,1233575,1.8
485,1422166,2.2
485,1442141,1.4
485,1434672,1.3
485,1400932,2.0
486,120,2.8
486,898271,4.2
486,1439890,3.3
486,762509,1.8
486,1077281,3.0
486,1445713,1.8
486,1443993,3.2
486,1420492,4.1
486,1437701,3.9
486,1433860,3.9
486,1433862,4.8
486,1130863,4.0
486,1301346,2.1
486,1418287,3.8
486,1433908,3.7
486,1440828,4.0
486,1433811,4.3
486,1439459,4.5
486,1390154,1.6
486,1198288,1.8
487,1442431,3.8
487,1043808,3.2
487,777443,3.3
487,1297763,1.2
487,1432098,2.2
487,1171153,1.2
487,1126166,4.8
487,278,2.9
487,181533,2.4
487,228967,1.9
487,171274,1.6
487,1425373,2.9
487,1443378,1.4
487,661539,3.5
487,1439509,1.5
487,1233575,4.3
487,1445179,3.0
487,1195506,1.2
487,270303,1.6
487,1013850,4.3
488,1422235,3.9
488,1441712,3.7
488,1013850,4.0
488,1317920,2.8
488,1442299,3.8
488,1418287,2.9
488,1423093,1.0
488,262500,4.1
488,1439526,3.7
488,1424352,4.6
488,1437515,1.9
488,307081,2.8
488,1437701,2.9
488,1339790,4.3
488,1438208,4.3
488,1435275,2.6
488,238,1.7
488,1422081,3.1
488,1126166,2.4
488,1428541,4.5
489,1434291,1.7
489,1438546,3.6
489,1165393,1.1
489,1269298,4.1
489,1127648,2.3
489,1442431,2.6
489,1198288,2.4
489,447273,5.0
489,1443487,2.4
489,1428541,3.3
489,1214069,2.0
489,1433860,2.6
489,1433872,3.5
489,1018964,1.7
489,147441,1.6
489,1443002,2.7
489,299536,1.1
489,1106739,3.5
489,1440828,1.1
489,1406240,3.5
490,1214069,1.7
490,1443551,2.9
490,1436450,3.6
490,1294376,4.2
490,898271,4.3
490,1325495,4.5
490,1442322,3.6
490,1443387,3.0
490,131631,1.5
490,68718,5.0
490,1433838,1.3
490,299537,2.8
490,1412392,1.9
490,177572,2.8
490,1269298,2.7
490,287424,2.5
490,516729,1.8
490,823219,3.0
490,447273,1.2
490,1442431,2.9
491,1399686,2.2
491,550,4.8
491,1271724,2.4
491,1275248,1.0
491,1428507,4.6
491,1083968,2.8
491,1340727,3.7
491,1442764,4.6
491,1368096,2.1
491,1442141,4.2
491,1106739,1.8
491,1427653,1.9
491,262500,2.5
491,1013482,1.7
491,100042,1.9
491,1203524,3.7
491,1436456,4.0
491,1432534,4.7
491,1437701,4.0
491,210577,1.9
492,68718,3.9
492,1432368,3.4
492,1445783,4.4
492,214756,2.0
492,1292367,2.9
492,1063873,4.4
492,1439837,2.9
492,1438208,1.1
492,1013850,4.9
492,210577,3.2
492,1432534,1.3
492,1446219,2.4
492,1424897,2.7
492,1399686,3.5
492,1433836,1.8
492,1421781,2.6
492,1378734,2.4
492,120,1.5
492,1437603,3.1
492,1432098,3.7
493,1433831,3.4
493,1438696,1.2
493,98,4.9
493,205596,2.7
493,1319629,4.0
493,1446308,1.2
493,1248276,2.3
493,1431744,1.6
493,1418350,3.3
493,970947,4.9
493,1435057,2.7
493,1442538,3.2
493,1269298,4.8
493,194662,3.6
493,696506,3.9
493,1306284,3.4
493,1445179,1.4
493,1442431,4.8
493,1432795,3.2
493,177572,4.8
494,950396,2.1
494,1339790,4.9
494,1433836,4.8
494,1428507,1.1
494,1437603,3.6
494,98,2.1
494,1429460,3.6
494,1421001,2.1
494,1433719,1.9
494,1446308,2.4
494,1446219,3.6
494,1439514,4.5
494,1442689,1.6
494,438631,4.2
494,1444331,3.1
494,1064213,3.1
494,227159,3.6
494,1415669,3.9
494,1306707,2.0
494,1422166,1.8
495,1444425,2.3
495,950396,3.5
495,1441746,1.5
495,1432480,3.8
495,1210938,3.3
495,1440639,3.1
495,1266809,3.2
495,103,1.9
495,1235619,1.8
495,262543,1.0
495,1294376,3.7
495,1436269,3.1
495,1399893,1.2
495,1433908,3.3
495,1393191,4.3
495,1433802,4.4
495,1119820,1.8
495,1434291,1.7
495,1426337,1.8
495,1439804,4.1
496,1445713,4.4
496,1043808,3.6
496,1436269,2.3
496,1326693,4.2
496,1440811,4.9
496,1368096,3.6
496,1439004,2.6
496,1437701,1.6
496,1399686,1.1
496,675776,3.3
496,1435275,3.9
496,1013601,2.8
496,970947,2.2
496,299536,1.2
496,120,3.4
496,1435766,4.5
496,1436456,4.3
496,299537,1.4
496,1439526,2.9
496,1214894,2.6
497,227159,5.0
497,1440083,2.7
497,1322218,4.5
497,1438546,5.0
497,1438217,4.0
497,1371370,3.2
497,1260485,1.3
497,1443487,2.6
497,1441746,4.2
497,1106739,2.8
497,1077281,4.0
497,1442299,1.4
497,205596,1.9
497,1438696,4.0
497,1444425,3.3
497,1000881,3.7
497,926670,3.5
497,1441567,4.9
497,228150,2.0
497,1275248,2.8
498,1441567,3.7
498,1075456,1.5
498,1425829,2.3
498,1440404,1.1
498,1442278,1.0
498,1157270,4.8
498,1260485,1.7
498,1419826,4.7
498,1325495,3.7
498,1440776,3.1
498,1438546,4.1
498,1441840,3.2
498,939243,2.3
498,1225572,3.6
498,1275245,3.4
498,1440639,1.9
498,1429784,1.8
498,1437446,4.8
498,1437438,4.0
498,438631,2.8
499,1437446,3.1
499,1420492,3.7
499,1359893,4.8
499,1436456,2.3
499,1423299,3.5
499,361743,2.6
499,1107215,3.5
499,1393191,3.7
499,1433836,4.0
499,1442322,4.5
499,1432101,2.1
499,1438208,4.4
499,1325495,4.9
499,1422166,4.1
499,1339790,2.9
499,1013482,4.7
499,1438069,3.1
499,1439890,1.1
499,207933,4.7
499,1437515,4.4
500,171274,2.3
500,1441966,4.9
500,1157270,3.3
500,516729,4.5
500,1426337,3.8
500,696506,4.9
500,228150,1.9
500,1428262,4.3
500,1416501,2.4
500,675776,4.4
500,1429788,3.3
500,1357797,3.9
500,1425296,3.1
500,1389293,1.1
500,1437446,1.2
500,1440404,4.2
500,1445783,3.3
500,822119,1.9
500,1184918,1.3
500,1083968,4.6
501,1441567,1.5
501,1440087,1.3
501,1442438,3.4
501,1077281,4.2
501,194662,2.2
501,1446308,1.5
501,1443695,4.3
501,1106739,1.4
501,974576,1.8
501,1438502,2.1
501,1436456,1.2
501,933260,4.7
501,1438267,4.0
501,1442299,4.4
501,1442316,3.0
501,1386047,2.8
501,1294376,2.5
501,1203524,1.4
501,1003504,3.2
501,1214130,4.8
502,1422471,1.5
502,1178556,3.6
502,1291321,3.9
502,1013482,2.3
502,1107215,1.8
502,1248276,1.6
502,1442278,4.0
502,777443,4.6
502,1144417,4.1
502,1423299,4.8
502,1438208,3.5
502,1330596,4.0
502,1324389,4.1
502,1438217,2.3
502,1404722,3.3
502,823219,1.3
502,1418287,2.5
502,558449,3.2
502,515001,1.5
502,1436456,3.8
503,1425829,4.1
503,438631,2.0
503,1417677,2.3
503,1432098,1.5
503,1439254,2.2
503,1443387,1.5
503,1312157,3.9
503,1231695,3.9
503,1445168,2.0
503,970947,4.4
503,1418112,2.4
503,939243,2.8
503,1446066,3.3
503,1446183,2.5
503,1442438,3.9
503,1425366,3.8
503,287424,2.7
503,1418780,2.5
503,1426343,1.1
503,933260,3.0
504,1384565,1.0
504,1275248,4.7
504,1359893,2.8
504,1356039,2.2
504,1418287,4.8
504,950396,2.3
504,675776,4.2
504,1443993,1.4
504,1357797,1.7
504,188222,4.5
504,1443378,3.4
504,1119820,3.7
504,1306707,1.3
504,800367,2.5
504,1440776,2.6
504,1359744,4.2
504,661539,1.7
504,1412392,1.6
504,1262495,3.2
504,1416501,2.4
505,244786,2.9
505,822119,3.7
505,933260,2.5
505,1422166,4.5
505,1439837,2.6
505,1384565,1.8
505,1306284,1.3
505,1438696,3.0
505,1442764,4.6
505,1106560,2.7
505,898271,3.2
505,1442438,2.8
505,1340727,1.7
505,516729,4.8
505,1376834,2.9
505,1018964,3.3
505,426063,4.5
505,1442200,2.2
505,1402698,1.5
505,1445179,4.9
506,287424,2.8
506,120,2.7
506,1412392,2.8
506,926670,4.1
506,155,3.8
506,1445505,3.8
506,1435275,3.5
506,1269298,4.4
506,98,3.1
506,1425892,4.1
506,1444744,4.7
506,1443663,4.0
506,87101,4.1
506,475557,4.6
506,1144417,4.7
506,1432534,2.1
506,1440906,1.2
506,1107215,3.6
506,1440639,4.5
506,1361451,3.2
507,1216571,1.3
507,100042,2.4
507,299536,1.4
507,189,1.5
507,1437920,4.8
507,1391463,2.1
507,1439514,4.4
507,1378734,3.6
507,1444253,3.4
507,1439890,2.2
507,1441567,4.5
507,1075456,2.3
507,438631,3.9
507,1433574,4.2
507,1326693,3.4
507,1429788,3.1
507,1424897,4.9
507,974576,3.0
507,1427653,1.5
507,1255192,3.9
508,1400110,3.9
508,1440639,3.1
508,1433900,4.0
508,558449,4.5
508,1425360,3.9
508,1442141,2.1
508,1442918,1.7
508,1441967,1.5
508,1439004,1.1
508,181533,4.9
508,1425829,1.2
508,1439614,4.8
508,1047884,4.7
508,214756,1.5
508,265208,1.2
508,1442431,1.1
508,156022,1.3
508,438631,1.6
508,1439526,3.7
508,1425296,4.8
509,1418350,4.1
509,1432098,2.7
509,262543,1.5
509,1440906,3.4
509,1429788,4.6
509,1434672,1.0
509,1368096,1.5
509,1375762,4.9
509,1427653,2.2
509,270303,3.2
509,680,1.6
509,1275245,2.3
509,1210938,4.7
509,1418112,3.8
509,1432534,3.3
509,549509,1.1
509,799766,4.6
509,1400932,2.2
509,1442438,1.6
509,1437446,4.7
510,1294376,2.5
510,1443378,1.4
510,1274751,1.3
510,1198288,4.9
510,1275245,1.8
510,299536,1.5
510,1439614,3.1
510,1357797,1.5
510,131631,3.1
510,1439526,3.8
510,1075456,4.0
510,1436621,4.5
510,1443487,3.5
510,762509,4.1
510,1439837,2.3
510,1003504,2.1
510,1423093,4.3
510,1433836,1.3
510,1198288,2.8
510,1391463,3.2
511,1442438,2.1
511,1436450,1.5
511,1195506,1.4
511,607141,4.3
511,1198288,2.3
511,1198288,3.9
511,1317096,1.7
511,1384565,2.8
511,1446174,3.5
511,1433860,1.4
511,262500,4.7
511,1312157,3.0
511,1419826,3.1
511,1442200,1.9
511,1235619,1.7
511,1438208,3.3
511,27205,3.6
511,1443470,1.4
511,1220028,2.1
511,1260485,2.1
512,1435269,2.3
512,1405338,2.2
512,1446317,3.8
512,549509,1.9
512,1438480,1.1
512,1443480,1.6
512,1306284,2.2
512,1328767,3.9
512,414906,1.5
512,1359744,3.1
512,1424897,1.3
512,1422235,1.6
512,1425892,2.4
512,1446174,3.3
512,1411411,2.4
512,1402698,2.8
512,1423093,4.1
512,927342,2.2
512,1301346,3.1
512,1433862,3.7
513,516729,2.7
513,1405338,4.9
513,1425829,4.2
513,1440144,3.0
513,1432101,3.0
513,1214894,3.2
513,1416501,1.0
513,1422166,4.3
513,777443,3.6
513,1119820,4.5
513,1330596,4.1
513,1130863,1.2
513,1417677,3.5
513,1440906,2.0
513,1262495,1.7
513,156022,4.7
513,1198288,1.9
513,1442295,2.3
513,1356039,2.3
513,1424352,3.2
514,1195506,4.1
514,27205,2.2
514,1013850,2.1
514,1440639,1.5
514,1425366,1.8
514,241554,3.8
514,122,3.0
514,228150,4.9
514,1356039,3.9
514,1437979,3.2
514,287424,2.1
514,1421781,1.4
514,1444253,2.1
514,68718,1.4
514,1433836,2.4
514,299537,1.1
514,1433831,3.0
514,1421001,1.2
514,1436815,4.6
514,1440083,1.6
515,1442295,1.7
515,210577,1.1
515,1434672,2.0
515,1436458,2.3
515,1356039,2.5
515,1157270,2.7
515,131631,1.3
515,1400110,5.0
515,1317920,4.7
515,1442764,1.3
515,1443695,1.5
515,1436269,2.5
515,1433906,3.7
515,1442538,4.8
515,1440144,2.2
515,227159,4.9
515,1419826,1.6
515,1445832,3.3
515,822119,2.0
515,205587,3.3
516,1165393,2.6
516,1436621,4.4
516,1433862,1.1
516,1424103,3.1
516,1324389,2.5
516,1438203,2.1
516,1424352,4.7
516,974576,4.4
516,1406240,2.0
516,1442141,2.8
516,1353117,4.8
516,299537,1.3
516,1444331,4.8
516,1182088,4.4
516,1440906,2.8
516,1446174,2.0
516,1429788,1.4
516,120,3.5
516,1445168,2.8
516,426063,4.9
517,1140535,3.4
517,155,3.6
517,228150,3.1
517,1306284,1.9
517,1439837,1.6
517,1442538,4.5
517,1275245,3.3
517,1433881,2.2
517,1437237,3.9
517,1376834,2.0
517,1286663,3.8
517,1444253,2.5
517,1443907,1.8
517,1429788,3.2
517,1425366,3.0
517,823219,1.6
517,1432368,3.4
517,1435275,1.8
517,307081,4.5
517,1083968,2.1
518,1441967,4.4
518,1431328,4.6
518,516729,2.3
518,675776,3.4
518,1443247,3.0
518,1294376,3.6
518,1432480,1.7
518,1359744,1.0
518,1428262,1.1
518,974576,1.2
518,1434009,3.4
518,1043808,4.0
518,1404172,3.7
518,1339790,2.8
518,550,4.6
518,171274,4.1
518,1286663,4.7
518,1433831,3.6
518,103,4.4
518,1380415,3.8
519,1306284,1.1
519,1442316,5.0
519,1225572,1.8
519,1442299,1.7
519,241554,2.2
519,1441712,3.7
519,157336,5.0
519,1442386,4.5
519,177572,4.8
519,1433574,1.5
519,1433831,4.6
519,1437701,1.6
519,1419826,1.6
519,1319629,4.5
519,227159,4.2
519,1431744,4.9
519,205587,3.9
519,1436458,3.1
519,1000085,1.3
519,1428780,2.5
520,24428,4.1
520,1325495,1.6
520,1439004,4.9
520,1422471,2.1
520,549509,3.2
520,1442308,2.7
520,1390154,2.1
520,1444425,4.3
520,1359744,3.9
520,1324389,3.0
520,262543,4.9
520,154400,2.1
520,228150,4.4
520,1439890,2.2
520,1422072,2.7
520,933260,3.6
520,1438502,4.0
520,1441746,1.6
520,1416501,3.3
520,1443993,2.8
521,1127674,2.0
521,696506,2.1
521,1107215,3.7
521,898271,1.7
521,265208,2.2
521,227159,5.0
521,1441746,4.9
521,260346,3.8
521,1439526,2.0
521,205596,3.5
521,1165393,1.3
521,1077281,4.6
521,707911,3.0
521,1433836,2.8
521,1210938,2.6
521,1420899,4.7
521,1390154,4.7
521,1437603,1.9
521,1439837,3.9
521,270303,1.6
522,516729,4.0
522,1440404,3.3
522,1429788,2.7
522,1084199,1.9
522,1437701,4.4
522,299536,4.8
522,1444686,4.5
522,1433906,4.7
522,1433872,4.8
522,1294376,3.9
522,1361451,4.0
522,122,3.7
522,1425366,2.9
522,169917,2.0
522,131631,1.2
522,1432534,1.3
522,558449,4.0
522,927342,5.0
522,1433881,5.0
522,87101,2.3
523,1445832,5.0
523,1149463,1.1
523,1443470,3.0
523,1446183,2.7
523,1210938,3.9
523,1422166,1.3
523,1443247,4.4
523,1195506,4.3
523,1399893,2.9
523,1422235,3.6
523,1402698,4.8
523,1432480,1.5
523,1184918,4.8
523,426063,1.9
523,1433908,3.6
523,1400110,2.2
523,1420492,1.7
523,1357797,2.2
523,147441,1.8
523,475557,1.7
524,1415669,3.2
524,1429788,4.3
524,1433836,2.7
524,1171153,3.8
524,800367,4.8
524,1376834,1.0
524,1402698,1.7
524,265208,1.9
524,1018964,2.4
524,1445783,4.4
524,549509,3.8
524,1428507,3.1
524,1392821,2.1
524,1126166,1.8
524,1203524,3.8
524,299537,2.1
524,1436683,3.7
524,1178556,1.7
524,1425829,4.2
524,1319629,1.7
525,1359893,4.7
525,238,2.5
525,254904,1.6
525,1416501,4.8
525,1440404,2.5
525,278,2.0
525,1083968,2.0
525,1439837,2.6
525,1431744,4.3
525,1203524,2.7
525,1386047,1.6
525,227159,1.4
525,1255192,3.8
525,475557,3.0
525,1444253,1.5
525,1013482,4.7
525,1439033,1.0
525,1353002,1.1
525,1077281,2.1
525,1436684,3.2
526,1426337,2.6
526,1443695,3.7
526,244786,2.5
526,1444331,3.6
526,1361451,2.2
526,1130863,3.7
526,1269298,4.6
526,1400110,2.6
526,287424,3.9
526,1428262,2.8
526,1418112,4.7
526,1427653,3.7
526,1442308,2.0
526,799766,1.6
526,1402698,3.5
526,171274,4.4
526,1418287,2.2
526,1442417,1.6
526,1378734,2.6
526,1433908,2.0
527,1442764,1.3
527,1442200,1.4
527,1425360,4.5
527,122917,2.5
527,1443907,1.6
527,1399686,4.8
527,227159,4.9
527,926670,1.8
527,1439459,4.0
527,1425892,1.6
527,1438502,2.3
527,822119,4.1
527,1442438,4.4
527,1435275,2.2
527,438631,1.6
527,1402698,1.3
527,1418780,1.9
527,265208,1.1
527,1441712,4.2
527,181533,2.2
528,1439459,3.2
528,1442431,2.3
528,1442141,2.7
528,100042,2.1
528,1444744,1.7
528,1444686,1.6
528,227159,2.9
528,1436703,3.4
528,414906,3.6
528,850920,3.7
528,1404172,5.0
528,1235619,4.2
528,1421001,2.8
528,550,1.1
528,1149167,1.1
528,1419826,3.2
528,1317096,4.0
528,1262495,3.0
528,1441966,1.7
528,1399896,2.6
529,1301346,4.1
529,1415669,2.0
529,1421053,2.9
529,1140535,1.9
529,1441746,3.0
529,1433860,3.1
529,1368096,2.1
529,1018964,4.9
529,1420492,2.2
529,194662,1.2
529,1432098,1.9
529,1149167,3.5
529,1439033,3.7
529,1445832,1.3
529,1195506,4.0
529,1214894,4.9
529,1438208,3.5
529,1214069,4.0
529,1433881,2.4
529,1436269,3.5
530,1440828,4.5
530,1444686,4.7
530,1271724,2.7
530,299536,1.8
530,262543,4.9
530,1306707,2.9
530,414906,1.0
530,1294174,3.6
530,103,2.1
530,1184918,2.8
530,1214130,4.0
530,1439004,1.0
530,1439837,3.1
530,1119820,3.2
530,1047884,2.1
530,1043808,2.2
530,1425373,3.5
530,1429788,4.1
530,1442141,4.7
530,278,3.7
531,1126166,3.1
531,181533,3.0
531,1444425,2.6
531,1441712,2.7
531,1436458,2.6
531,1424103,2.6
531,228150,3.5
531,1425296,4.7
531,1424565,1.8
531,1445505,1.2
531,1438203,2.7
531,244786,5.0
531,1433719,3.1
531,1423299,2.5
531,1418112,2.6
531,1444686,3.8
531,1445721,1.8
531,1420899,1.5
531,241554,3.3
531,1297763,3.4
532,1231695,3.0
532,299536,3.3
532,1399686,2.4
532,1442689,4.1
532,1436703,1.7
532,1434414,4.7
532,850920,3.9
532,1439804,2.0
532,1390154,4.7
532,1225572,2.1
532,1324389,3.5
532,1210938,1.0
532,1433906,4.9
532,762509,1.5
532,1442538,4.0
532,188222,1.3
532,1420899,2.0
532,1202479,4.6
532,1428780,1.8
532,1443907,4.1
533,1317920,4.8
533,1405338,1.4
533,1198288,4.4
533,1439459,2.6
533,1286663,1.3
533,1442689,2.8
533,1291321,3.2
533,939243,1.3
533,1420234,4.1
533,1435269,1.2
533,1434812,1.9
533,927342,2.6
533,1442278,4.8
533,1443551,2.0
533,1442308,2.7
533,1422081,3.9
533,262543,4.1
533,1375762,3.6
533,1441840,3.6
533,1340727,3.6
534,1437446,1.4
534,1353117,1.5
534,241554,4.5
534,1438546,4.2
534,1274751,4.0
534,1446317,3.9
534,1063873,2.9
534,762509,2.5
534,1075456,1.8
534,1441966,2.4
534,27205,1.3
534,1433811,1.2
534,1286773,4.2
534,1437979,3.0
534,515001,3.5
534,24428,4.7
534,1400110,3.9
534,1412392,1.3
534,1445783,4.2
534,1422072,1.4
535,1326693,4.6
535,1420234,3.3
535,1083968,2.6
535,1437603,3.0
535,1443002,3.0
535,1442438,3.0
535,1423295,5.0
535,1436621,2.2
535,1378051,1.5
535,1425829,3.5
535,1433836,2.0
535,1437485,1.1
535,122917,4.0
535,1433811,4.0
535,1286663,3.2
535,1424565,2.7
535,1440906,4.4
535,1424217,4.0
535,1214069,3.1
535,1425892,1.4
536,1443480,1.9
536,1435269,3.7
536,1165393,1.6
536,1436621,2.9
536,1393191,4.0
536,1438480,2.5
536,1438217,1.6
536,1442295,2.2
536,1418287,2.5
536,1442538,3.0
536,189,1.7
536,1436458,1.4
536,1235619,4.3
536,1292367,2.5
536,1430968,4.1
536,1433860,1.1
536,1210938,1.2
536,1436269,4.2
536,156022,2.0
536,1425373,3.3
537,1442278,1.6
537,1418112,1.6
537,207933,1.7
537,1182088,2.5
537,1340727,3.6
537,1418287,4.5
537,1437603,3.0
537,1013601,2.8
537,1432101,3.1
537,1325495,4.8
537,1441966,3.2
537,1434009,4.8
537,1356039,4.3
537,970947,1.9
537,1425829,3.3
537,1425360,2.5
537,228967,4.3
537,1127648,2.4
537,1446254,4.3
537,122917,4.7
538,1130863,3.3
538,1421001,4.4
538,1203524,3.3
538,120,3.5
538,1434812,3.1
538,227159,1.2
538,1400110,3.6
538,438631,2.3
538,1126166,3.0
538,1443238,3.6
538,361743,4.8
538,661539,1.1
538,1435766,1.8
538,1433574,2.9
538,1436456,4.9
538,1439509,3.0
538,1439526,2.8
538,1424217,1.5
538,1306284,4.4
538,1417181,3.5
539,926670,3.7
539,1000085,3.3
539,1157270,2.6
539,1378051,2.1
539,1433838,2.3
539,98,3.5
539,1436450,2.1
539,1138194,3.2
539,1443238,3.9
539,254904,4.1
539,98566,3.2
539,1306707,4.0
539,1064213,2.7
539,1442299,2.0
539,1324389,3.9
539,1294174,1.1
539,157336,3.5
539,1443378,3.5
539,188222,3.7
539,1436269,1.6
540,210577,1.4
540,1442278,1.5
540,1442417,2.5
540,1225572,1.0
540,1436450,2.6
540,1425360,2.1
540,1440404,1.6
540,1431328,5.0
540,1440639,3.5
540,207933,3.0
540,603,4.1
540,1149167,1.3
540,1438502,3.8
540,1428541,1.4
540,1325495,2.1
540,1404722,2.4
540,1440083,1.0
540,1440811,4.3
540,307081,4.5
540,1418780,4.0
541,1422235,4.3
541,1433719,1.2
541,1425296,2.9
541,1357797,4.4
541,1436450,1.2
541,1439514,1.9
541,549509,4.0
541,1438069,4.2
541,1420492,4.3
541,1214894,3.9
541,1262495,4.7
541,1435269,3.3
541,1424217,2.3
541,1446317,2.0
541,254904,1.8
541,1433836,2.3
541,516729,1.4
541,171274,2.8
541,1077281,2.6
541,1444332,3.7
542,1359744,2.5
542,1439526,1.7
542,1440639,5.0
542,1412392,3.6
542,1437920,4.5
542,1326693,1.9
542,1436366,2.3
542,1356039,2.7
542,1442431,3.3
542,1432101,4.4
542,1274751,3.9
542,1378051,1.5
542,1107215,4.3
542,1446317,3.9
542,1417677,2.7
542,157336,4.3
542,1442278,3.3
542,1442918,4.1
542,1433900,3.5
542,1443387,2.7
543,299537,3.6
543,1443907,4.6
543,1442538,3.3
543,299536,2.1
543,1406240,3.0
543,98,1.1
543,549509,4.3
543,1429460,4.4
543,1322218,3.5
543,1216662,3.2
543,1063873,3.5
543,1266809,3.2
543,1275245,4.9
543,1378734,3.3
543,1371370,3.4
543,1440144,3.9
543,98566,4.0
543,270303,1.6
543,1421781,1.4
543,1399893,4.6
544,680,3.7
544,1000881,2.5
544,1433860,4.8
544,1440639,4.7
544,103,4.7
544,1149463,1.7
544,1428541,3.5
544,1442417,4.0
544,1275248,3.6
544,1368096,4.7
544,1428780,4.7
544,1127648,3.4
544,1210938,2.6
544,1444253,3.1
544,1433881,3.1
544,1443378,4.8
544,1324389,2.4
544,1416501,2.8
544,950396,4.4
544,933260,5.0
545,1439254,1.6
545,254904,3.3
545,1439459,3.9
545,265208,2.9
545,299537,3.8
545,1440083,2.7
545,241554,4.9
545,1198288,4.8
545,1443907,4.8
545,1441966,2.3
545,1439837,3.3
545,1389293,4.3
545,1422166,4.2
545,1437438,4.7
545,1423299,2.3
545,210577,4.7
545,1439804,2.9
545,603,2.4
545,1433908,1.9
545,1294376,3.6
546,1433900,1.7
546,1438696,3.1
546,1083968,1.2
546,1432795,1.1
546,1434672,1.9
546,1442316,3.3
546,188222,4.5
546,1441966,2.5
546,207933,3.5
546,872585,3.6
546,1357797,3.8
546,1425370,3.4
546,515001,4.2
546,1441746,1.9
546,27205,3.8
546,1210938,4.6
546,1319629,1.3
546,1446254,1.8
546,1405338,1.8
546,1433908,3.7
547,1423093,4.0
547,270303,3.4
547,1441840,1.7
547,1439514,2.3
547,207933,1.5
547,707911,2.2
547,1330596,2.5
547,169917,2.4
547,1077281,3.8
547,1445721,4.3
547,1434291,4.2
547,762509,1.8
547,1220028,1.7
547,244786,1.6
547,1425892,2.0
547,1433900,4.5
547,1411411,1.6
547,188222,3.0
547,1441746,2.0
547,550,2.0
548,1436458,3.9
548,1438267,4.6
548,98,4.5
548,241554,3.4
548,1378051,5.0
548,1437485,1.0
548,1274751,4.4
548,1386047,2.2
548,1319629,4.2
548,1437979,3.8
548,1446219,2.7
548,1429788,2.6
548,1255192,1.1
548,214756,4.7
548,1435275,2.7
548,1436366,4.3
548,154400,2.5
548,1439254,4.6
548,1433574,3.4
548,1415669,3.0
549,1064213,4.1
549,1443480,3.8
549,1248276,4.6
549,1214130,3.0
549,607141,1.5
549,1260485,3.8
549,1171153,2.1
549,1241982,4.2
549,1445505,3.7
549,1439526,4.8
549,244786,2.4
549,1013850,4.8
549,515001,3.8
549,1416501,1.0
549,189,2.9
549,241554,2.0
549,1184918,3.8
549,1353002,1.2
549,933260,4.7
549,1424897,3.4
550,1444332,4.7
550,227159,3.7
550,1438502,1.6
550,287424,3.2
550,558449,1.8
550,1427653,5.0
550,447273,3.2
550,1392821,1.0
550,1248276,2.3
550,872585,2.3
550,1084199,2.2
550,1445505,4.6
550,1444686,4.2
550,1144417,4.0
550,1440087,1.6
550,1443238,1.3
550,1419826,2.6
550,1013850,2.8
550,1436621,4.4
550,1442689,1.8
551,939243,3.8
551,1202479,1.3
551,1315476,4.6
551,1438069,5.0
551,1436456,1.5
551,1376834,1.4
551,550,4.4
551,1214894,3.6
551,299537,4.6
551,205587,4.5
551,1378051,3.1
551,1417677,1.3
551,1353002,1.0
551,1444425,2.2
551,1140535,1.7
551,1127648,3.8
551,278,1.3
551,299536,3.1
551,1167416,3.7
551,1444744,4.3
552,1328767,3.4
552,1437237,1.1
552,1390154,2.5
552,1433836,2.9
552,898271,3.8
552,823219,1.2
552,1439509,3.3
552,1165393,4.8
552,1436456,4.0
552,1418780,1.0
552,550,3.7
552,1425892,4.6
552,1434009,4.5
552,1203524,3.8
552,205587,1.4
552,265208,2.1
552,1257409,1.0
552,262543,2.9
552,1442764,1.3
552,1426337,2.2
553,1443387,2.7
553,205596,3.6
553,1271724,2.2
553,1202479,2.2
553,299537,1.5
553,1171153,3.2
553,1421001,2.9
553,800367,4.9
553,850920,2.9
553,1399686,1.9
553,1432098,4.0
553,1439890,4.3
553,1425296,3.3
553,1266809,1.8
553,1433900,1.9
553,1441966,4.5
553,1442141,2.4
553,515001,3.5
553,1418287,4.6
553,1127674,4.4
554,1433813,3.4
554,1428780,3.6
554,1330596,2.8
554,265208,4.1
554,1445168,2.6
554,1202479,1.7
554,1446174,1.9
554,1439890,2.5
554,1274751,1.3
554,1182088,3.1
554,1220028,2.3
554,1436815,2.7
554,1441746,2.7
554,1420899,1.1
554,1444331,4.1
554,270303,4.2
554,1418287,1.9
554,1444686,4.0
554,680,1.8
554,1317096,3.8
555,1433838,1.3
555,1442689,4.4
555,1440087,3.0
555,1445832,3.8
555,1422072,2.7
555,1444253,2.1
555,1294174,5.0
555,1423295,4.1
555,1235619,2.0
555,1368096,2.9
555,1421001,2.9
555,1434009,3.3
555,1018964,3.9
555,1441712,1.6
555,1424217,1.6
555,1376834,3.0
555,120,2.7
555,1400110,3.2
555,823219,1.6
555,1433836,2.4
556,1443487,2.4
556,1433831,4.3
556,188222,4.0
556,1275245,1.8
556,1424897,2.6
556,1437701,2.3
556,1433872,4.3
556,1400932,3.5
556,1442417,3.7
556,1443993,4.1
556,1297763,3.3
556,38,4.3
556,1315476,2.3
556,1445783,4.7
556,1438546,4.4
556,265208,2.0
556,1440906,4.0
556,228150,4.8
556,1437603,2.2
556,1418112,4.1
557,1441567,4.1
557,1442322,3.0
557,933260,2.1
557,1003504,4.8
557,1444425,1.7
557,1445783,1.2
557,926670,4.0
557,299536,3.8
557,1428262,3.4
557,1440776,1.2
557,1359893,4.8
557,1433908,1.7
557,1436815,4.1
557,1443907,4.6
557,1438208,1.5
557,1442386,2.8
557,1399896,2.4
557,1422081,4.5
557,1438267,3.7
557,27205,1.1
558,1434672,1.2
558,1433836,3.2
558,1419826,1.5
558,1420234,4.5
558,1425296,3.0
558,1433900,2.4
558,1426337,2.4
558,1291321,1.8
558,1436366,3.3
558,1432098,2.7
558,1445505,2.6
558,1106560,4.0
558,1144417,2.3
558,189,4.6
558,1286773,2.4
558,1428541,2.9
558,27205,4.6
558,1271724,3.7
558,1386047,4.2
558,1063873,4.8
559,1439614,4.8
559,1440087,4.9
559,1429788,4.7
559,1202479,4.0
559,1437979,4.4
559,1433908,1.3
559,1436704,2.2
559,1436450,4.3
559,1443247,4.5
559,1437438,1.7
559,1432534,4.2
559,1445168,3.1
559,1421001,1.1
559,1317920,1.8
559,265208,4.9
559,516729,1.9
559,1203524,2.4
559,241554,2.0
559,1437701,2.9
559,299536,3.1
560,1107215,3.7
560,1275245,2.0
560,1426343,2.1
560,1433574,4.6
560,1433860,3.4
560,1443487,1.2
560,1167416,2.7
560,1412392,2.4
560,1233575,2.3
560,98566,2.1
560,1204967,4.3
560,1442915,2.8
560,1083968,3.2
560,970947,4.0
560,1442386,4.5
560,1063873,1.6
560,270303,3.1
560,1440906,2.5
560,1439526,3.8
560,205587,3.5
561,1432534,3.6
561,1389293,3.9
561,1424565,1.3
561,1306707,3.4
561,122917,2.9
561,1075456,2.7
561,438631,5.0
561,1440811,3.8
561,927342,1.9
561,1422166,3.5
561,1171153,3.7
561,558449,3.5
561,1430968,4.4
561,1443907,3.9
561,1433836,1.8
561,1013850,1.0
561,1391463,4.0
561,1340727,4.8
561,515001,1.9
561,241554,4.9
562,1208803,4.7
562,1275245,4.6
562,27205,3.7
562,1412392,2.9
562,1404172,3.7
562,696506,4.8
562,1442689,3.5
562,1438502,4.5
562,1439033,1.2
562,1421053,2.6
562,1324389,4.0
562,823219,3.9
562,1437979,4.8
562,1435269,2.1
562,1257409,2.0
562,1106739,2.3
562,1178556,3.9
562,1225572,4.5
562,447273,4.6
562,154400,4.7
563,1418350,4.3
563,1439509,2.1
563,1445721,2.8
563,1433802,3.4
563,550,2.4
563,1441967,3.7
563,1198288,2.0
563,1445302,1.8
563,1434672,4.7
563,1441567,1.0
563,299537,4.5
563,1107215,2.2
563,1271724,2.9
563,1422471,3.6
563,1356039,2.4
563,1436366,2.6
563,1442417,1.8
563,1326693,4.2
563,361743,3.1
563,1368096,2.0
564,1013850,2.5
564,1077281,4.5
564,1436684,1.3
564,1294174,3.5
564,238,4.5
564,1423295,3.8
564,1376834,4.9
564,1411411,1.5
564,1325495,3.2
564,171274,1.8
564,1443480,1.6
564,1202479,2.0
564,1436683,2.8
564,1423299,4.9
564,603,2.2
564,1441712,3.1
564,1417181,5.0
564,1425370,2.9
564,1422166,4.9
564,1419826,3.1
565,680,3.1
565,1433872,3.8
565,1149463,3.3
565,974576,1.9
565,1425366,3.9
565,1442538,2.0
565,87101,1.2
565,1425373,2.1
565,1433831,3.7
565,227159,4.9
565,1406240,3.4
565,414906,1.0
565,762509,4.6
565,1439004,2.6
565,1431744,4.1
565,970947,3.3
565,260346,3.1
565,1441840,4.7
565,1326693,3.1
565,1439614,4.6
566,1399686,1.8
566,1434672,4.9
566,1262495,4.9
566,1433908,3.8
566,24428,3.5
566,1444253,1.6
566,1437920,4.4
566,1266809,3.2
566,1204967,3.1
566,1255192,2.3
566,1433860,3.3
566,1442386,4.0
566,244786,1.5
566,1421053,4.5
566,872585,4.5
566,1428507,2.3
566,823219,4.6
566,1432534,4.4
566,1437438,4.5
566,1428262,1.6
567,1130863,1.0
567,260346,1.4
567,1434812,1.8
567,1389293,4.4
567,1437485,2.0
567,1442322,2.1
567,270303,3.7
567,1292367,1.1
567,1429788,2.9
567,1165393,2.4
567,1436704,1.5
567,950396,2.7
567,1443695,4.7
567,1047884,2.5
567,241554,4.4
567,1106739,1.8
567,1442438,4.9
567,1359893,1.9
567,1330596,3.2
567,1013850,4.5
568,1442689,3.2
568,1433802,1.8
568,122917,2.0
568,970947,4.1
568,1391463,2.8
568,1400932,4.5
568,933260,2.4
568,228967,2.7
568,1428780,4.9
568,1400110,1.7
568,155,4.0
568,1353117,2.8
568,1433872,2.1
568,1442431,2.8
568,1418350,2.1
568,1248276,2.8
568,103,2.0
568,1144417,2.0
568,1064213,2.5
568,1359744,1.8
569,38,2.6
569,1443387,4.3
569,1443247,4.2
569,1378734,4.2
569,1441967,3.6
569,1106739,1.6
569,1439004,3.1
569,1426337,3.2
569,1437515,2.5
569,1440087,1.1
569,762509,4.8
569,1436366,2.4
569,823219,1.8
569,1443238,2.5
569,447273,1.9
569,1440811,1.1
569,426063,3.6
569,1444253,4.8
569,1274751,2.4
569,1433813,1.8
570,156022,1.2
570,1432534,3.9
570,1425829,1.7
570,1138194,1.2
570,1402698,3.4
570,1442388,3.9
570,1437979,1.4
570,1422471,1.2
570,1446174,1.0
570,1424103,2.4
570,926670,3.8
570,1214130,2.8
570,1438546,4.0
570,1291321,2.7
570,207933,4.3
570,1013850,2.6
570,1356039,1.3
570,1418112,1.9
570,1324389,4.1
570,438631,1.5
571,1439459,3.4
571,1216662,4.1
571,1233575,1.8
571,1445783,2.2
571,1389293,2.8
571,1436704,2.0
571,1425370,5.0
571,1442918,1.0
571,1443480,3.7
571,1077281,4.0
571,1432101,2.2
571,188222,2.7
571,707911,4.6
571,1439526,3.3
571,1423299,4.2
571,1446254,3.1
571,1415669,1.8
571,1441746,1.1
571,1438069,4.3
571,1107215,4.3
572,1378051,1.1
572,1353117,4.6
572,1442299,1.4
572,1274751,1.4
572,1225572,3.7
572,1412392,2.0
572,1378734,2.8
572,1411411,2.1
572,1446254,4.7
572,1432368,2.2
572,970947,2.0
572,1429784,4.5
572,1433813,2.0
572,1353002,1.1
572,1439890,3.5
572,1436366,4.8
572,1422072,4.3
572,1404172,4.5
572,1266809,1.1
572,1443663,1.4
573,1444686,2.6
573,1301346,1.2
573,1437438,1.6
573,1339790,1.6
573,872585,3.4
573,1432368,1.0
573,1429784,1.8
573,1442431,2.9
573,1426343,2.3
573,1434672,3.2
573,1435269,3.8
573,1445713,4.1
573,1433813,4.5
573,1434009,3.7
573,1433836,4.7
573,1432534,4.8
573,1003504,3.1
573,1446183,1.2
573,1435275,3.5
573,1297763,1.6
574,171274,4.6
574,1399893,3.5
574,1436704,3.3
574,1443480,1.2
574,1427653,3.8
574,131631,2.4
574,1084199,1.1
574,1421053,1.3
574,1429460,4.9
574,1411411,4.0
574,1433813,2.9
574,1442308,2.4
574,169917,1.7
574,1000085,2.5
574,1178556,1.8
574,1418287,4.8
574,1434672,4.7
574,1047884,2.3
574,1435275,3.0
574,1359744,2.7
575,1353117,4.5
575,1376834,4.0
575,1423299,1.7
575,970947,2.2
575,1442764,2.4
575,1126166,1.3
575,1417677,4.0
575,1378734,1.2
575,1322218,5.0
575,1418350,1.1
575,1018964,1.7
575,1389293,3.0
575,265208,2.8
575,1220028,1.3
575,157336,4.0
575,1393191,4.2
575,1432098,2.1
575,1353002,4.1
575,307081,3.7
575,1440828,1.2
576,1436621,3.6
576,24428,2.6
576,1266809,3.2
576,1443907,1.1
576,169917,3.7
576,1443387,2.3
576,1435053,1.4
576,1130863,4.1
576,1359893,1.2
576,1257409,4.4
576,98,3.1
576,1439837,4.1
576,1435057,1.9
576,1275245,4.5
576,1442316,3.0
576,1443480,2.1
576,1443663,1.1
576,1441966,2.9
576,1106739,3.7
576,1434672,1.4
577,188222,4.3
577,1421001,1.7
577,1422072,3.8
577,1434009,2.6
577,1442278,1.2
577,1446174,1.3
577,1446219,3.3
577,1439837,4.1
577,299537,3.1
577,1400110,3.7
577,181533,4.9
577,1445832,2.6
577,1440776,2.1
577,822119,1.0
577,1429784,1.3
577,87101,4.2
577,1442388,3.9
577,823219,1.8
577,1442417,3.6
577,1437485,3.9
578,1444332,5.0
578,68718,1.4
578,1157270,4.8
578,1415669,2.1
578,516729,2.2
578,823219,3.5
578,1436458,2.2
578,228150,3.9
578,287424,1.3
578,1269298,1.2
578,1436621,3.3
578,1446308,3.8
578,262500,3.2
578,1439526,2.9
578,1294174,3.6
578,1442438,3.0
578,205596,4.3
578,1442538,1.4
578,1399686,3.2
578,898271,3.9
579,1433906,1.7
579,1157270,5.0
579,1425373,4.0
579,68718,3.8
579,1428507,4.8
579,1445783,1.6
579,1231695,2.8
579,926670,1.7
579,1389293,3.3
579,1003504,1.1
579,1149463,4.6
579,1202479,3.2
579,1438480,4.3
579,1433881,4.7
579,169917,1.7
579,898271,1.7
579,1443907,1.1
579,1442388,2.2
579,823219,1.1
579,1426343,2.7
580,515001,2.6
580,822119,1.7
580,1392821,3.3
580,1437515,4.9
580,1317096,3.8
580,1439890,1.2
580,1435269,4.0
580,1353002,3.7
580,1439804,1.5
580,516729,2.3
580,205587,2.0
580,1013482,4.3
580,1269298,4.8
580,1422166,1.6
580,1425373,3.5
580,27205,3.5
580,1442316,2.2
580,1425360,3.9
580,189,3.7
580,1330596,1.6
581,1140535,3.6
581,1424352,4.2
581,1433813,2.1
581,1446317,1.3
581,1437979,2.9
581,1444253,3.2
581,1157270,1.4
581,1203524,4.5
581,898271,4.3
581,1421053,3.1
581,1440828,3.5
581,1424897,2.5
581,1442322,2.2
581,558449,2.6
581,777443,4.4
581,1075456,2.4
581,1359744,3.0
581,68718,4.0
581,205596,5.0
581,1438502,1.4
582,1210938,1.6
582,1433862,1.2
582,933260,4.2
582,1404722,4.7
582,1167416,1.7
582,1400932,1.2
582,1438267,4.2
582,1433908,2.4
582,1428780,2.8
582,1231695,4.5
582,1440144,1.9
582,1437438,4.3
582,1436815,3.6
582,1437603,1.9
582,1442764,3.1
582,1440087,2.1
582,1434812,4.7
582,898271,4.5
582,1437515,3.4
582,1418780,4.9
583,1418287,2.3
583,227159,3.9
583,1435766,2.9
583,1443487,1.3
583,1440083,2.1
583,1429460,4.8
583,1441966,4.0
583,1442295,3.4
583,1428541,4.3
583,307081,4.8
583,262543,4.0
583,939243,2.3
583,241554,3.8
583,1376834,3.6
583,1433860,3.2
583,707911,2.4
583,1434812,3.0
583,1216662,1.1
583,1445721,3.6
583,1399896,1.1
584,898271,2.4
584,1210938,1.4
584,171274,3.3
584,800367,1.0
584,1013601,3.4
584,1315476,1.5
584,147441,1.7
584,939243,1.3
584,122,4.6
584,1402698,3.0
584,1443480,2.5
584,1214894,3.6
584,1424897,1.4
584,1376834,4.1
584,1292367,2.1
584,1353117,1.8
584,1436458,1.2
584,1418287,1.7
584,1275245,2.8
584,1422471,3.8
585,426063,2.7
585,927342,3.7
585,1330596,1.1
585,87101,2.5
585,1439514,1.7
585,1043808,3.7
585,1436456,1.6
585,1178556,2.9
585,120,1.7
585,188222,2.8
585,1441966,1.6
585,1225572,3.9
585,1438208,2.6
585,1424565,2.9
585,1445783,1.9
585,1441840,3.4
585,1420899,2.4
585,278,4.1
585,1422471,4.0
585,1439837,1.2
586,1431328,4.0
586,950396,2.2
586,1439890,3.8
586,1421001,4.4
586,1361451,1.9
586,1432534,2.0
586,1443002,3.0
586,1297763,3.9
586,1257409,1.3
586,1437920,4.5
586,1393191,4.1
586,1443470,4.1
586,131631,3.6
586,822119,3.5
586,214756,1.3
586,1269298,2.9
586,1312157,1.9
586,1013482,2.8
586,1438217,4.9
586,1324389,3.1
587,1429788,3.7
587,1433802,1.5
587,1328767,1.3
587,1433831,4.3
587,1418780,1.5
587,1436704,4.8
587,1297763,2.0
587,1433908,1.8
587,438631,1.1
587,1406240,4.4
587,1436815,1.4
587,260346,2.5
587,1438480,3.5
587,1442322,4.8
587,1107215,3.5
587,1425892,2.4
587,1400932,2.1
587,1440404,1.1
587,1214894,1.6
587,1208803,1.7
588,1371370,1.0
588,1436621,3.3
588,1445168,4.5
588,156022,1.9
588,1434672,2.1
588,1440906,1.7
588,1432795,3.7
588,1107215,2.8
588,68718,2.6
588,1440087,3.6
588,1422471,1.3
588,1442141,1.5
588,1430968,4.8
588,1440639,4.7
588,1420492,4.8
588,1422235,1.8
588,1439614,5.0
588,1421781,1.6
588,1437979,2.7
588,210577,2.8
589,1322218,4.9
589,1435269,2.1
589,98566,3.9
589,1378051,4.3
589,1440404,3.4
589,238,1.4
589,1437603,2.6
589,1417677,1.2
589,516729,2.7
589,1178556,1.7
589,270303,2.4
589,1391463,5.0
589,1386047,1.9
589,1274751,2.4
589,1421781,1.7
589,205587,3.2
589,1444425,4.0
589,1433881,3.9
589,241554,2.2
589,1171153,3.7
590,1443487,3.2
590,1443238,4.7
590,181533,1.3
590,1436815,1.4
590,1380415,2.9
590,1353117,1.5
590,1198288,4.4
590,1443480,3.7
590,1075456,1.7
590,227159,1.7
590,1393191,4.1
590,1422166,2.4
590,1435766,3.5
590,1328767,4.3
590,1140535,3.1
590,1325495,1.3
590,515001,3.8
590,1432534,4.7
590,1439614,1.8
590,1138194,3.9
591,1439614,1.6
591,1171153,2.7
591,1429788,4.2
591,1426337,1.3
591,1257409,4.9
591,1440811,3.0
591,1442278,1.9
591,1269298,1.5
591,1422166,3.6
591,171274,4.1
591,1445302,2.0
591,926670,3.9
591,1440404,2.5
591,696506,1.9
591,1144417,4.9
591,1297763,2.8
591,1443387,1.0
591,1441966,2.0
591,1167416,4.9
591,1442538,5.0
592,1432368,3.6
592,675776,3.3
592,1328767,1.0
592,210577,3.3
592,1443907,1.2
592,1013601,3.9
592,1210938,3.3
592,800367,2.1
592,558449,1.6
592,227159,3.6
592,1445783,1.1
592,898271,4.2
592,1297763,4.1
592,939243,3.7
592,1443002,4.0
592,1301346,2.4
592,515001,4.4
592,103,3.8
592,1442438,4.4
592,1441840,1.3
593,1424352,2.0
593,1439837,3.2
593,38,2.4
593,214756,1.2
593,1442295,1.4
593,1210938,4.7
593,1442386,2.6
593,156022,2.4
593,228150,2.9
593,1438546,1.6
593,1257409,4.8
593,1198288,2.3
593,1000881,2.0
593,1441567,2.9
593,361743,4.9
593,1441746,3.3
593,1436684,1.7
593,254904,1.8
593,1433908,3.6
593,1235619,1.2
594,1184918,1.4
594,1437485,4.1
594,244786,4.5
594,1390154,4.9
594,1439033,2.3
594,1442915,3.7
594,1436683,3.9
594,87101,2.0
594,1434672,1.5
594,1328767,2.8
594,1203524,4.2
594,1420492,1.5
594,1445721,3.0
594,1443695,1.0
594,1436703,1.7
594,1415669,3.0
594,516729,3.7
594,1427653,2.9
594,1445783,4.8
594,87101,2.3
595,307081,3.4
595,1126166,1.1
595,1418112,1.5
595,1436366,3.7
595,100042,4.1
595,1432534,2.7
595,1144417,4.7
595,1441966,2.7
595,1445721,1.1
595,1359744,1.7
595,1417181,4.2
595,1432368,3.3
595,1384565,1.8
595,1275245,1.4
595,1442689,4.2
595,287424,1.5
595,238,3.2
595,1437701,2.1
595,1202479,1.4
595,661539,3.7
596,1375762,3.3
596,1442200,4.5
596,1439033,1.3
596,607141,3.1
596,1422081,4.4
596,1411411,4.0
596,1444332,2.4
596,823219,3.2
596,1330596,1.8
596,1433900,1.6
596,205587,3.0
596,799766,5.0
596,1294376,1.8
596,1442538,4.2
596,238,4.7
596,1291321,4.7
596,1440404,1.1
596,1047884,3.1
596,1386047,4.0
596,1077281,1.8
597,1444425,1.0
597,1353117,2.3
597,1231695,4.2
597,1445783,1.4
597,1275245,3.7
597,447273,2.1
597,1294174,3.0
597,1423093,1.3
597,260346,2.9
597,1130863,3.8
597,1312157,2.2
597,1437485,2.8
597,1266809,1.5
597,1434812,4.7
597,1361451,2.8
597,1429788,4.8
597,1436703,4.0
597,1330596,1.5
597,1271724,2.2
597,475557,3.0
598,800367,1.1
598,131631,1.6
598,1445168,2.3
598,1171153,4.6
598,1275248,1.6
598,1444331,4.2
598,426063,3.7
598,1436683,1.0
598,1433862,3.4
598,1439509,2.8
598,1442538,4.6
598,1210938,2.1
598,1438217,1.1
598,1433811,1.2
598,1429788,1.2
598,1445505,1.1
598,1375762,2.5
598,1324389,2.8
598,1437603,4.1
598,262543,4.6
599,1424217,4.7
599,1432480,2.6
599,1436704,4.3
599,155,4.7
599,1443238,4.2
599,1441840,1.7
599,1443247,3.6
599,98,2.3
599,1214069,2.8
599,1271724,3.2
599,1422072,2.7
599,1003504,3.7
599,1438696,3.1
599,299536,3.8
599,1445505,2.4
599,1359744,1.5
599,1000085,1.6
599,1269298,1.7
599,1225572,1.7
599,1433872,1.3
600,1439509,4.5
600,1442438,3.7
600,898271,1.4
600,1208803,4.0
600,1433881,3.6
600,1446317,4.6
600,1437446,4.9
600,1445783,3.6
600,1433908,2.9
600,1436366,4.7
600,1438208,2.5
600,1415669,1.9
600,1064213,1.9
600,1433811,2.8
600,1260485,3.7
600,131631,4.1
600,1429460,2.7
600,1378734,1.5
600,1437438,2.2
600,1443480,4.8
601,1438502,3.4
601,970947,4.9
601,1433719,3.2
601,241554,2.8
601,1438069,3.8
601,1000881,2.0
601,1421053,4.2
601,194662,1.2
601,1438267,2.1
601,1423299,2.7
601,1440404,3.3
601,1233575,2.3
601,1440906,4.4
601,1436621,4.4
601,1106739,3.2
601,515001,3.5
601,1127648,4.7
601,1436269,3.3
601,1119820,3.5
601,227159,3.0
602,1292367,2.9
602,1429460,1.7
602,287424,3.4
602,1441967,2.6
602,1140535,3.1
602,696506,1.1
602,1361451,1.1
602,1422166,3.6
602,278,3.4
602,169917,1.1
602,1340727,4.5
602,1271724,4.3
602,822119,4.0
602,1442918,2.9
602,1432098,3.0
602,939243,2.9
602,516729,2.2
602,1269298,3.9
602,1064213,3.4
602,1433860,2.1
603,227159,1.4
603,1412392,1.2
603,1432480,4.2
603,1438696,2.7
603,1435057,2.7
603,1446174,1.4
603,1266809,4.5
603,205596,4.6
603,1443663,4.3
603,680,3.3
603,1442431,3.7
603,1404722,4.3
603,1171153,1.0
603,1440906,3.4
603,1437920,1.4
603,1198288,4.9
603,1428507,3.1
603,1442388,1.0
603,1443002,1.6
603,1446219,4.5
604,1432480,3.8
604,228150,2.5
604,1442308,3.3
604,1297763,4.9
604,1429788,3.9
604,1435057,2.4
604,1235619,3.1
604,1433811,4.2
604,1184918,2.9
604,1144417,4.4
604,1439837,3.3
604,1203524,4.4
604,1439254,3.6
604,1440144,3.5
604,1442386,4.2
604,1429788,1.2
604,1426343,1.6
604,205596,4.1
604,1380415,4.9
604,1436684,5.0
605,1443378,1.3
605,1435766,2.0
605,1446066,1.2
605,1445179,2.6
605,227159,1.1
605,438631,1.4
605,898271,3.5
605,1275245,3.8
605,1421001,3.3
605,1412392,1.1
605,1442431,4.1
605,1359893,4.0
605,1440087,4.8
605,1291321,4.3
605,214756,5.0
605,98,2.8
605,1419826,1.9
605,1422471,4.7
605,1433811,4.5
605,1404722,3.1
606,1425892,3.2
606,1018964,1.5
606,1446066,3.7
606,1269298,3.4
606,1442689,4.4
606,438631,4.8
606,1435275,2.8
606,1013482,3.9
606,1443663,4.5
606,1434009,2.7
606,414906,2.8
606,1149463,2.8
606,1214069,1.1
606,1405338,4.8
606,1406240,2.1
606,707911,4.4
606,1443551,2.6
606,1306284,2.4
606,1140535,3.6
606,1443480,4.9
607,122917,1.3
607,1433906,4.8
607,549509,2.2
607,1269298,3.3
607,1392821,2.8
607,1371370,4.8
607,1422235,3.1
607,1432534,4.4
607,414906,2.4
607,103,3.4
607,1389293,2.3
607,361743,1.7
607,898271,4.4
607,1184918,4.5
607,1013850,4.3
607,607141,4.6
607,1442386,2.8
607,1443378,4.5
607,1167416,2.4
607,1047884,2.2
608,154400,2.1
608,1430968,3.6
608,1422081,2.8
608,1438546,2.9
608,1241982,4.6
608,933260,1.8
608,974576,4.2
608,1428780,3.8
608,1446066,3.2
608,800367,1.5
608,1425360,2.9
608,1178556,2.3
608,1446254,3.4
608,361743,2.0
608,188222,3.5
608,799766,1.7
608,1436684,4.5
608,1433811,3.3
608,661539,4.5
608,278,3.2
609,27205,1.2
609,1432795,3.3
609,1443387,4.9
609,1445783,3.0
609,1423295,2.7
609,974576,1.1
609,1442431,2.6
609,799766,1.4
609,1446066,4.9
609,1018964,3.5
609,1440087,3.3
609,1434009,1.3
609,1446317,4.0
609,1445179,1.1
609,1440828,2.9
609,1339790,3.5
609,1440404,2.9
609,823219,1.6
609,1286663,1.1
609,426063,4.3
610,98566,4.2
610,661539,1.6
610,1248276,3.7
610,1438069,1.7
610,1442388,4.1
610,1443378,1.7
610,1422471,1.4
610,1399893,3.9
610,1422166,1.1
610,1216571,2.4
610,1433802,1.8
610,1443470,2.1
610,1418287,3.6
610,1432098,3.5
610,1297763,1.6
610,1422235,2.3
610,1446219,4.7
610,1301346,2.2
610,1428780,4.3
610,1406240,3.1
611,1127674,3.8
611,1225572,3.6
611,1433872,3.0
611,1312157,3.6
611,1433900,4.0
611,1439004,3.2
611,1422235,1.1
611,1378734,1.0
611,1441712,1.6
611,1443247,4.1
611,1126166,1.6
611,799766,2.7
611,1380415,1.2
611,1444331,1.9
611,1433811,4.4
611,1357797,2.6
611,1439033,1.8
611,1433813,1.7
611,1440828,1.1
611,181533,3.0
612,1437603,3.4
612,1404722,4.4
612,1421781,4.4
612,131631,1.9
612,1441567,2.7
612,1441712,4.1
612,1328767,2.4
612,1324389,2.5
612,1380415,2.5
612,1440087,3.8
612,1446308,2.3
612,1445783,4.6
612,1415669,3.9
612,1431744,4.6
612,1433838,2.3
612,171274,2.0
612,777443,1.4
612,1144417,4.7
612,1436703,4.2
612,1361451,4.2
613,1418780,1.7
613,1195506,3.1
613,1319629,2.9
613,1427653,2.5
613,1432098,1.9
613,1445179,1.8
613,1003504,4.0
613,87101,5.0
613,1013601,3.4
613,1442764,1.9
613,926670,3.6
613,1392821,3.3
613,265208,3.5
613,1425829,1.5
613,1442299,3.1
613,1432534,3.4
613,262500,2.4
613,1400932,4.1
613,1434009,1.1
613,98,2.5
614,1198288,2.1
614,1439509,2.8
614,777443,2.3
614,1043808,1.1
614,1405338,4.0
614,1433881,1.9
614,1013850,2.2
614,1444425,3.5
614,98,2.6
614,1361451,1.4
614,361743,3.2
614,1442141,1.7
614,189,3.0
614,1380415,4.9
614,1406240,1.2
614,1294174,4.2
614,147441,2.5
614,1439004,2.5
614,87101,1.7
614,1210938,3.6
615,1432534,3.5
615,1434291,4.1
615,1422166,3.8
615,1441840,3.8
615,1433838,2.6
615,1416501,4.1
615,1442764,1.4
615,1319629,2.7
615,1286663,4.5
615,1440404,3.8
615,155,2.1
615,1404722,3.6
615,1439614,1.9
615,1297763,4.2
615,1440811,4.5
615,1426337,2.0
615,1443993,4.0
615,1306707,2.9
615,307081,1.4
615,1083968,3.4
616,1047884,4.7
616,1436703,4.8
616,558449,1.9
616,762509,2.1
616,241554,3.5
616,1433908,3.2
616,1266809,5.0
616,1445168,4.0
616,1428780,3.8
616,414906,2.9
616,1435053,5.0
616,1178556,3.4
616,1404722,2.3
616,1003504,2.2
616,1437515,2.1
616,207933,4.5
616,1420234,3.8
616,1442538,2.6
616,1356039,3.3
616,1437237,2.3
617,1436458,4.7
617,1428541,1.6
617,1436450,3.2
617,1378051,1.8
617,1319629,2.2
617,157336,3.7
617,1436269,3.8
617,1425360,4.9
617,1013850,2.1
617,1000085,1.6
617,1399686,4.3
617,1444253,2.5
617,1424352,3.4
617,1442200,2.1
617,1375762,2.4
617,1418780,2.8
617,1445832,4.9
617,156022,1.4
617,1225572,3.0
617,1441746,2.5
618,227159,3.4
618,1119820,3.9
618,1371370,2.3
618,1437446,4.6
618,1210938,3.6
618,1445713,3.1
618,933260,3.2
618,1428262,1.4
618,1047884,1.5
618,1445721,2.6
618,1423295,1.7
618,414906,3.9
618,1424103,3.2
618,1426337,4.2
618,1216571,2.8
618,939243,1.2
618,1442295,4.6
618,1440404,2.5
618,1442299,4.9
618,265208,1.0
619,241554,3.7
619,1438203,1.5
619,1392821,3.5
619,24428,3.1
619,1359893,3.9
619,1119820,1.1
619,1418112,4.5
619,1404172,1.6
619,1214894,2.7
619,1439514,2.7
619,1434291,4.0
619,1235619,2.5
619,1446066,1.6
619,1424103,3.8
619,1436703,1.5
619,1437515,1.8
619,1433872,5.0
619,205596,2.1
619,696506,1.4
619,1084199,1.2
620,1442538,4.5
620,1380415,1.1
620,1439509,2.5
620,1438208,3.4
620,1438480,1.1
620,1429460,3.3
620,1411411,1.4
620,872585,1.3
620,1297763,1.8
620,1422081,4.8
620,1294376,2.9
620,1301346,3.6
620,1359893,3.1
620,1233575,4.0
620,1439837,3.2
620,1442388,1.2
620,1445505,4.1
620,1439890,4.1
620,1003504,4.1
620,1445783,4.5
621,1440906,4.7
621,1443907,2.4
621,241554,2.4
621,777443,2.4
621,1425373,1.1
621,227159,3.6
621,1438546,3.9
621,822119,1.8
621,1075456,2.6
621,1442915,4.1
621,1406240,2.6
621,1013850,4.6
621,1429788,2.7
621,607141,3.6
621,762509,1.5
621,1422081,1.2
621,262543,2.3
621,1359744,4.4
621,1357797,3.5
621,1440083,2.5
622,1441966,1.2
622,228967,5.0
622,1444744,1.3
622,1446219,4.2
622,1439837,4.9
622,1294174,2.0
622,1428541,4.4
622,549509,3.8
622,1359744,3.1
622,227159,1.6
622,1433838,4.8
622,1442689,4.5
622,1248276,4.5
622,939243,1.5
622,1433574,3.3
622,550,2.5
622,157336,4.2
622,1433860,2.1
622,1443247,1.5
622,1423295,3.4
623,1443480,4.6
623,1359744,1.9
623,1356039,2.8
623,1402698,5.0
623,1436366,2.7
623,1084199,3.9
623,1182088,3.6
623,262500,1.1
623,516729,3.8
623,1421001,4.1
623,661539,3.3
623,1428541,4.1
623,1429788,2.6
623,1439254,1.9
623,1430968,1.1
623,850920,4.2
623,1446254,3.1
623,122917,3.0
623,1438480,3.3
623,1353002,4.2
624,1441967,3.2
624,1144417,3.1
624,1361451,1.2
624,1013601,2.2
624,205587,2.2
624,1436621,2.5
624,1294174,1.3
624,1430968,2.8
624,707911,4.0
624,38,4.2
624,1013850,4.6
624,1315476,2.9
624,1424217,4.7
624,1443551,2.7
624,1319629,3.8
624,1442278,3.6
624,1421053,2.1
624,1442538,3.8
624,1422166,4.6
624,1442918,5.0
625,1404722,4.8
625,1157270,4.1
625,214756,2.7
625,1433838,3.8
625,1178556,4.4
625,1326693,4.2
625,1406240,2.4
625,87101,3.5
625,1248276,3.1
625,1434672,4.6
625,1441567,4.9
625,1294376,2.3
625,1420492,4.7
625,1432480,5.0
625,1422471,2.2
625,1225572,4.4
625,1440087,2.5
625,1440639,1.0
625,1444332,1.5
625,1426337,1.2
626,1317920,4.1
626,1257409,3.2
626,189,2.4
626,558449,2.0
626,1431744,1.6
626,241554,4.2
626,603,3.8
626,1442278,1.1
626,1198288,2.5
626,1138194,3.7
626,122,2.8
626,100042,1.8
626,1140535,2.4
626,1431328,1.8
626,1437446,4.8
626,1442322,3.0
626,1436703,1.7
626,1312157,4.4
626,1433719,1.8
626,1443487,1.3
627,1443907,4.5
627,1428541,2.1
627,1325495,3.3
627,68718,4.4
627,1446254,2.5
627,1423093,2.3
627,1433908,2.6
627,1434672,3.5
627,1436450,2.6
627,1326693,4.6
627,1428507,4.1
627,970947,4.5
627,1140535,4.5
627,1437515,1.2
627,1157270,1.7
627,1442538,3.7
627,1433836,2.8
627,1013850,3.9
627,1441967,2.5
627,177572,1.8
628,1425360,2.5
628,1167416,3.5
628,156022,1.8
628,1421053,3.6
628,1198288,4.9
628,1317096,5.0
628,1306284,4.0
628,1435269,3.5
628,777443,4.5
628,1429460,1.8
628,1439614,4.6
628,1432098,3.6
628,1184918,3.0
628,1442915,3.8
628,87101,2.4
628,1442918,3.5
628,1442538,4.2
628,1429788,2.2
628,1446174,3.2
628,1043808,3.1
629,1442689,2.6
629,1292367,4.3
629,1294174,1.2
629,1443695,2.6
629,1442915,3.8
629,1446254,3.8
629,1439459,3.5
629,475557,2.8
629,1424897,3.4
629,1417181,2.0
629,241554,2.3
629,823219,4.6
629,238,2.5
629,1445505,4.7
629,1433811,4.9
629,1421001,4.8
629,1130863,1.2
629,1400110,1.9
629,414906,3.3
629,1233575,2.4
630,898271,3.9
630,1018964,1.3
630,1435766,2.7
630,1214069,4.3
630,1214894,4.0
630,241554,2.6
630,1434672,3.4
630,1440906,4.6
630,1417677,3.8
630,549509,4.0
630,1436704,2.9
630,1399896,4.8
630,1357797,4.0
630,1443551,1.3
630,1439004,1.7
630,777443,2.0
630,1202479,2.1
630,1391463,1.5
630,188222,1.6
630,1436683,4.4
631,1000085,3.5
631,1064213,1.6
631,1428780,4.0
631,1271724,4.4
631,1165393,4.8
631,1178556,3.7
631,1429788,1.8
631,1440776,1.4
631,1262495,1.8
631,1432534,3.7
631,1424897,3.5
631,1437701,4.9
631,1359893,2.7
631,1404722,2.5
631,1443695,4.0
631,1416501,4.2
631,872585,1.4
631,1317096,4.7
631,1443663,2.6
631,1445832,4.1
632,1442308,3.6
632,1389293,2.0
632,1425373,4.3
632,169917,1.3
632,1438696,2.4
632,777443,3.0
632,238,2.0
632,1422072,1.8
632,1432101,2.0
632,414906,4.9
632,1421001,3.7
632,1421781,3.0
632,1443470,3.0
632,156022,4.5
632,1126166,1.6
632,1294174,4.5
632,1420234,3.2
632,1411411,4.5
632,447273,1.4
632,1442388,3.8
633,1442322,3.4
633,1442299,2.3
633,1274751,2.8
633,1436456,1.3
633,1165393,3.0
633,1438546,4.1
633,933260,4.5
633,1424217,3.0
633,1434414,3.3
633,189,2.8
633,1439033,2.1
633,1436458,4.0
633,87101,3.9
633,1077281,4.4
633,1443387,3.4
633,1423295,1.1
633,24428,3.9
633,603,3.9
633,1433719,2.2
633,1433881,4.2
634,1231695,3.9
634,1442200,3.8
634,1435766,3.6
634,1424103,2.7
634,154400,2.0
634,1442308,4.2
634,1297763,3.0
634,1434812,3.3
634,87101,3.2
634,262543,2.2
634,1356039,4.0
634,850920,1.9
634,270303,1.6
634,1324389,3.9
634,1422072,1.3
634,1437979,1.1
634,1064213,4.7
634,299536,3.0
634,1167416,3.4
634,278,2.8
635,1443695,3.0
635,254904,3.6
635,1204967,4.2
635,1442299,1.3
635,1424352,1.5
635,1171153,1.3
635,157336,3.1
635,1445783,1.4
635,1440776,1.2
635,1442200,4.0
635,100042,3.6
635,414906,4.6
635,1356039,1.4
635,1013482,1.2
635,361743,3.6
635,1437603,4.7
635,1291321,4.8
635,1420899,4.9
635,1425370,2.7
635,1436456,3.8
636,1430968,2.9
636,1420234,1.6
636,1439254,1.8
636,1434009,3.7
636,1389293,4.6
636,1433811,2.8
636,38,2.3
636,1378051,1.3
636,1416501,3.8
636,1444332,1.9
636,1421053,3.5
636,1286773,3.2
636,1171153,1.1
636,1431328,3.1
636,260346,2.0
636,1400932,2.7
636,210577,4.3
636,1210938,1.2
636,1107215,3.1
636,1422166,3.8
637,1421053,2.2
637,1271724,2.4
637,1437979,1.1
637,1130863,1.9
637,1106739,4.3
637,1435269,1.3
637,1442388,3.8
637,154400,1.7
637,1084199,3.1
637,939243,1.6
637,1442431,2.3
637,1440087,4.3
637,970947,1.9
637,1167416,2.0
637,1405338,4.8
637,1432101,4.6
637,1445713,3.2
637,1438696,4.5
637,156022,1.7
637,1198288,2.0
638,1422471,2.9
638,1420492,1.2
638,1149167,1.6
638,1144417,2.7
638,872585,4.6
638,1269298,4.0
638,1418350,2.3
638,299537,3.1
638,1182088,1.4
638,1198288,1.6
638,1433860,1.6
638,1442388,1.3
638,1439254,1.6
638,1442322,1.5
638,171274,1.6
638,156022,2.6
638,1286773,3.5
638,1184918,1.8
638,1442299,2.6
638,1442689,4.0
639,1406240,2.8
639,1214130,3.5
639,1445179,2.3
639,1106560,4.7
639,1000881,4.0
639,1420492,1.1
639,1269298,3.5
639,1429788,3.9
639,210577,4.1
639,1063873,4.0
639,1405338,3.3
639,1438069,4.3
639,1415669,4.9
639,777443,3.7
639,1399686,4.0
639,1421781,1.1
639,1412392,2.8
639,1422072,2.7
639,1328767,3.5
639,1438217,2.9
640,950396,3.4
640,1330596,1.9
640,1297763,3.0
640,1000881,4.0
640,1429460,1.7
640,171274,4.0
640,1439526,2.8
640,1428541,2.8
640,241554,2.5
640,157336,1.8
640,1444425,3.6
640,1361451,2.4
640,1438502,2.9
640,1390154,2.1
640,1443002,2.3
640,1424103,4.3
640,1000085,1.9
640,98,5.0
640,254904,1.4
640,1371370,2.1
641,1446066,4.7
641,1423295,4.3
641,1149167,2.9
641,1204967,2.9
641,1434672,2.5
641,1357797,3.7
641,1106560,2.4
641,181533,1.9
641,1442295,2.5
641,1424103,4.1
641,1446219,3.0
641,1138194,2.6
641,1440087,1.3
641,675776,1.3
641,122,1.7
641,1433872,1.4
641,1266809,5.0
641,1144417,2.2
641,1378734,4.3
641,1380415,1.2
642,1106560,4.1
642,1438267,4.3
642,1275245,4.6
642,680,1.7
642,950396,1.1
642,1432480,2.4
642,1216571,1.4
642,98,4.2
642,1255192,1.2
642,1106739,4.9
642,1442689,2.1
642,1433908,3.5
642,1424897,1.4
642,1326693,2.6
642,515001,4.8
642,1445783,2.3
642,1182088,4.4
642,188222,3.6
642,1433900,2.7
642,1418350,2.5
643,103,4.5
643,1432795,4.5
643,1000881,1.8
643,1157270,3.8
643,1402698,4.0
643,1444686,1.6
643,299536,3.0
643,1119820,1.6
643,98,4.8
643,1442322,1.1
643,1425366,2.8
643,1423299,3.1
643,205596,2.3
643,1418112,2.0
643,1322218,4.8
643,1424217,2.3
643,1167416,3.3
643,1422235,1.6
643,1361451,3.0
643,1440811,2.8
644,205587,1.0
644,1406240,1.3
644,1439514,3.7
644,299537,2.0
644,1214894,1.2
644,1149463,2.5
644,898271,3.3
644,1225572,1.4
644,1361451,4.2
644,1400932,4.1
644,154400,1.5
644,1077281,4.1
644,1439804,4.5
644,1216662,1.4
644,1442438,1.3
644,1043808,2.6
644,1418112,1.7
644,210577,3.4
644,1425892,4.1
644,1440087,4.4
645,205596,3.0
645,926670,4.4
645,1434672,1.6
645,1424217,1.2
645,1443387,1.8
645,181533,4.8
645,1445302,2.6
645,1418287,1.5
645,1195506,1.9
645,1214130,2.8
645,1119820,3.3
645,1439837,2.1
645,299536,1.7
645,1317920,1.4
645,1442308,1.8
645,1443470,3.5
645,1436450,4.2
645,1425892,3.5
645,1390154,4.6
645,1429784,3.0
646,177572,3.9
646,1442308,3.5
646,299537,1.2
646,1420899,1.5
646,1043808,3.7
646,270303,3.5
646,1437237,4.0
646,515001,3.9
646,1422471,1.4
646,1216662,2.5
646,98,4.5
646,1214130,3.2
646,1446183,1.2
646,1436456,1.3
646,822119,2.0
646,1361451,2.1
646,1157270,4.2
646,1421781,3.2
646,1399686,2.6
646,1444744,3.5
647,244786,4.8
647,1440811,2.9
647,262543,3.6
647,1000085,1.4
647,1441746,2.1
647,1178556,4.9
647,1421053,1.6
647,1399896,4.7
647,1444744,3.9
647,1438546,4.2
647,1433872,3.4
647,1214894,3.5
647,1417181,4.8
647,800367,4.7
647,254904,2.1
647,1424352,2.4
647,1435269,3.7
647,228150,1.7
647,1317920,1.1
647,227159,4.0
648,1271724,4.5
648,1107215,2.4
648,1435275,3.4
648,1441746,3.3
648,1444425,1.0
648,1433811,4.9
648,287424,4.9
648,1442316,3.0
648,1446174,2.5
648,1013482,2.6
648,1441567,1.2
648,1425373,4.1
648,1441840,3.6
648,1442308,3.3
648,1443663,2.5
648,1149167,3.3
648,516729,4.7
648,426063,2.4
648,1425829,4.7
648,1441966,4.7
649,262543,2.7
649,1214894,3.8
649,438631,3.4
649,1291321,3.1
649,24428,3.3
649,1436458,1.4
649,1424217,3.2
649,1433836,4.9
649,1441966,1.6
649,1424565,4.2
649,1443695,2.5
649,1444744,4.4
649,68718,3.9
649,188222,4.9
649,1064213,4.7
649,1426343,4.5
649,171274,4.0
649,933260,3.4
649,1433719,2.4
649,1340727,4.8
650,1435275,3.3
650,1440087,2.0
650,1380415,3.4
650,1000085,4.9
650,1420234,1.9
650,1433872,3.6
650,1416501,4.9
650,157336,1.0
650,1434009,4.3
650,1432098,2.2
650,1436703,4.2
650,260346,4.1
650,974576,2.3
650,1436815,1.0
650,1165393,1.3
650,1438208,2.3
650,1138194,4.5
650,1438546,2.3
650,1178556,1.6
650,762509,1.8
651,1140535,1.5
651,1371370,1.1
651,926670,3.9
651,1425829,4.9
651,1446174,4.1
651,1328767,3.9
651,1442431,1.8
651,680,3.0
651,1436704,1.6
651,194662,2.2
651,1214894,1.1
651,1315476,2.6
651,1443663,4.8
651,1319629,2.5
651,1216571,1.1
651,603,1.3
651,1434812,2.4
651,777443,1.5
651,1424897,3.8
651,1445713,1.1
652,1442438,3.3
652,1106739,3.8
652,1444425,4.5
652,87101,2.7
652,1420492,2.8
652,1420234,2.9
652,1083968,1.2
652,1444744,3.5
652,1440144,2.5
652,549509,1.6
652,1275245,4.3
652,1013850,2.3
652,1149463,2.3
652,1424897,3.5
652,1433862,1.0
652,1312157,1.3
652,1433811,1.2
652,1433906,1.4
652,1442295,1.4
652,1241982,4.4
653,100042,1.3
653,1435275,4.1
653,1434414,2.0
653,1444332,3.5
653,1440776,4.1
653,181533,4.5
653,1432098,3.8
653,1412392,3.2
653,1063873,1.4
653,1439837,3.1
653,1378051,1.0
653,950396,3.7
653,1149463,4.2
653,1000881,1.9
653,1428541,3.6
653,1292367,2.5
653,898271,3.3
653,1003504,3.0
653,194662,4.5
653,1433811,1.4
654,1445721,1.9
654,1429784,3.0
654,1420492,5.0
654,1426337,3.1
654,1433811,4.3
654,1216662,2.1
654,1422235,4.2
654,1420234,2.8
654,1418287,2.7
654,1294174,2.7
654,1438696,1.8
654,1399896,3.0
654,1446174,1.2
654,1422471,2.1
654,898271,2.0
654,1428507,3.4
654,238,1.6
654,1442200,2.6
654,361743,1.6
654,1442299,1.3
655,1393191,1.0
655,1446254,3.6
655,1434672,3.7
655,1425370,2.1
655,1442431,2.8
655,227159,4.5
655,1353117,3.8
655,1326693,2.7
655,120,4.0
655,1432534,3.6
655,1438203,2.4
655,1439459,2.8
655,1126166,3.7
655,1432101,2.9
655,189,3.7
655,1425373,4.6
655,1202479,1.3
655,1325495,4.2
655,1317920,4.5
655,1422166,2.4
656,1241982,2.9
656,777443,5.0
656,800367,2.8
656,1375762,1.4
656,1075456,4.3
656,1269298,3.7
656,1378734,1.2
656,1275245,2.0
656,1202479,4.7
656,154400,1.4
656,1424217,2.9
656,1439614,1.9
656,1432480,3.8
656,516729,1.7
656,1442764,1.6
656,898271,4.0
656,1286663,2.0
656,1426337,1.8
656,1220028,1.5
656,254904,2.8
657,1425296,4.9
657,558449,2.6
657,1084199,1.0
657,823219,4.0
657,1431744,2.7
657,1442417,2.1
657,1443387,1.1
657,898271,3.2
657,1339790,3.0
657,228967,4.0
657,1075456,3.0
657,1441712,1.6
657,1440083,2.3
657,1439526,1.9
657,1195506,3.7
657,1241982,2.4
657,1438208,3.7
657,1220028,1.5
657,1446066,3.2
657,1440811,3.3
658,1434812,1.4
658,1127648,2.8
658,1257409,3.8
658,1436684,4.9
658,1000881,1.3
658,1438502,2.4
658,1371370,3.6
658,1119820,3.7
658,607141,3.5
658,1442438,3.5
658,1417677,3.0
658,154400,1.2
658,1306284,1.4
658,181533,1.1
658,1428507,3.2
658,1291321,2.7
658,1439254,3.2
658,1417181,4.3
658,1000085,2.4
658,1442322,1.4
659,361743,4.3
659,1441967,1.1
659,1435057,2.2
659,1443470,2.9
659,1431328,2.2
659,1445783,1.5
659,1420492,4.0
659,1416501,3.3
659,1393191,1.4
659,1432368,1.5
659,516729,4.9
659,1106739,3.2
659,1435275,1.8
659,227159,3.7
659,1184918,3.5
659,1443993,2.5
659,1433860,1.8
659,898271,3.8
659,260346,3.4
659,1126166,2.3
660,1436684,2.8
660,1326693,2.7
660,603,4.6
660,1435275,2.6
660,194662,4.3
660,1306707,4.2
660,98566,1.0
660,1432368,2.5
660,558449,2.8
660,131631,3.0
660,1075456,4.8
660,1107215,4.9
660,1428780,2.1
660,1437446,4.2
660,777443,3.2
660,1198288,4.8
660,1432098,2.1
660,1440828,1.8
660,1432795,4.3
660,1292367,1.2
661,1437603,3.1
661,98566,2.2
661,1443487,2.9
661,1440906,4.8
661,1433906,4.8
661,1436269,1.9
661,131631,1.4
661,1427653,3.0
661,1439004,2.1
661,147441,4.4
661,1326693,4.4
661,1380415,2.6
661,1437438,3.7
661,1157270,2.3
661,1225572,1.0
661,1445832,2.1
661,287424,1.5
661,1312157,3.6
661,1442299,4.5
661,1443378,3.0
662,1435053,4.9
662,1440906,2.9
662,680,2.7
662,1429784,1.6
662,1446066,4.8
662,1443387,3.2
662,1443993,1.1
662,1436450,3.8
662,1434414,1.6
662,1438480,3.8
662,607141,2.1
662,1144417,1.0
662,1404172,3.8
662,254904,1.5
662,1429788,2.7
662,1216571,1.6
662,1445505,4.5
662,1441966,1.8
662,1286773,3.3
662,1429460,1.3
663,1446254,4.8
663,156022,3.6
663,1203524,4.6
663,157336,4.8
663,1210938,3.0
663,1368096,1.7
663,262543,4.4
663,98566,1.5
663,1286773,1.7
663,1439459,1.4
663,1420234,1.6
663,1445832,2.9
663,927342,1.8
663,1312157,2.7
663,1144417,4.8
663,1442299,2.3
663,680,3.4
663,1434672,2.1
663,1439514,2.3
663,696506,4.5
664,1424565,4.6
664,1439837,2.6
664,1328767,4.6
664,1415669,1.3
664,1434291,4.8
664,1064213,3.7
664,1444425,2.4
664,1144417,2.8
664,1255192,2.7
664,1077281,4.7
664,1429788,4.9
664,1442538,3.5
664,241554,4.1
664,1445783,1.9
664,1439804,2.6
664,98566,5.0
664,1317920,2.9
664,926670,4.8
664,205596,4.9
664,1106739,3.9
665,1442417,1.6
665,1171153,1.1
665,1435269,2.1
665,1208803,4.5
665,1083968,3.2
665,1291321,4.2
665,1144417,2.2
665,777443,2.5
665,1275245,4.4
665,1324389,2.9
665,1126166,4.4
665,426063,2.3
665,228967,3.1
665,1442299,4.1
665,98566,2.9
665,696506,1.4
665,1106560,1.2
665,1443480,3.7
665,550,2.1
665,1439614,4.5
666,1286773,3.6
666,1432101,3.4
666,1406240,2.1
666,1317920,3.7
666,1077281,4.4
666,1418287,4.0
666,1422081,4.5
666,1440404,4.9
666,1271724,4.5
666,122917,3.7
666,1433811,3.6
666,1294174,4.3
666,1445168,2.9
666,1432534,4.6
666,1107215,3.6
666,1400110,1.1
666,1184918,1.9
666,1440776,3.0
666,1434291,4.7
666,1375762,1.8
667,1359744,3.2
667,1433908,1.6
667,1144417,4.7
667,1384565,3.9
667,1434672,3.2
667,169917,2.2
667,1399896,1.6
667,1306284,1.5
667,696506,2.5
667,1441567,4.2
667,1432368,3.9
667,1438546,4.9
667,1437603,4.4
667,1439614,4.2
667,27205,4.5
667,1445783,2.7
667,1440083,2.7
667,1444253,2.3
667,707911,3.5
667,1446317,1.8
668,1393191,2.2
668,1084199,4.5
668,1149167,3.6
668,1421053,3.0
668,927342,1.7
668,1418350,1.1
668,1433900,3.5
668,210577,1.5
668,1433802,1.9
668,1440828,4.5
668,1428780,1.6
668,1386047,4.9
668,1444425,3.2
668,1445783,5.0
668,1198288,1.2
668,1216571,3.2
668,1312157,3.0
668,1424565,3.7
668,1441567,2.9
668,1294174,2.8
669,265208,2.3
669,1426337,1.6
669,1198288,3.9
669,1420234,1.1
669,1443470,4.7
669,1427653,3.4
669,1442322,2.7
669,1406240,2.2
669,1442141,1.1
669,1423093,3.9
669,1235619,2.4
669,1294376,2.8
669,1184918,1.5
669,1266809,2.7
669,260346,3.3
669,205596,2.9
669,1416501,4.5
669,426063,3.8
669,447273,2.1
669,1439459,2.5
670,1421781,2.3
670,1424352,4.9
670,1425296,4.4
670,1442386,3.7
670,1445505,4.0
670,1437515,3.3
670,1442141,1.2
670,1107215,1.8
670,189,2.4
670,1426337,3.8
670,120,2.0
670,1437438,4.1
670,1443378,3.2
670,1435057,2.9
670,1399686,4.4
670,1431744,4.8
670,1443487,2.5
670,1426343,2.8
670,1359744,3.7
670,1441712,2.1
671,1445721,4.8
671,1436450,4.9
671,1149463,3.2
671,1126166,3.4
671,156022,1.5
671,260346,4.2
671,1380415,4.6
671,1434291,3.9
671,1443470,3.5
671,1359893,3.4
671,1433906,4.3
671,1439509,4.7
671,1439514,2.6
671,1384565,1.9
671,1422166,4.0
671,1418287,1.7
671,1433872,2.7
671,1442388,2.2
671,1434009,1.0
671,1435269,1.4
672,1297763,3.5
672,1432368,1.1
672,1438480,1.4
672,1241982,2.1
672,1328767,3.5
672,1445721,1.7
672,98566,1.3
672,1432534,4.4
672,1436458,3.4
672,1434812,2.7
672,1442386,4.6
672,262500,4.2
672,680,1.3
672,1433831,4.6
672,1443247,1.3
672,103,1.6
672,1421781,2.2
672,1442200,2.4
672,1443378,4.6
672,1317096,3.3
673,1417181,3.3
673,1437446,1.1
673,696506,1.1
673,1438217,3.3
673,155,3.2
673,1043808,1.6
673,1435053,4.9
673,927342,2.6
673,205587,3.8
673,68718,2.7
673,1443907,3.3
673,38,3.7
673,262543,1.1
673,1149463,4.1
673,1436683,3.7
673,426063,3.9
673,1063873,2.7
673,1404722,3.4
673,1433908,1.0
673,1429788,2.5
674,1442764,3.4
674,1359744,1.5
674,1424352,3.8
674,1444686,4.1
674,1425296,3.4
674,1425370,3.9
674,1437446,3.3
674,1435766,2.8
674,1106739,4.6
674,1444744,1.9
674,1442200,2.4
674,205587,1.3
674,1357797,4.3
674,1047884,3.9
674,278,3.0
674,1443002,3.9
674,1424217,4.1
674,1443907,2.3
674,1433838,1.4
674,1425373,1.5
675,1421001,4.2
675,1444331,4.0
675,228967,4.6
675,1418780,4.6
675,181533,4.1
675,1220028,1.5
675,1438696,3.8
675,1423093,2.8
675,1432098,1.0
675,299537,1.8
675,1423295,4.1
675,205596,2.6
675,1424565,4.0
675,1415669,2.0
675,157336,1.9
675,1399896,1.2
675,1442295,2.3
675,1436684,3.3
675,1437237,4.1
675,1306284,2.1
676,1445505,4.9
676,157336,4.1
676,1371370,2.2
676,800367,4.8
676,154400,2.0
676,87101,3.9
676,214756,1.1
676,1436269,1.1
676,1064213,2.2
676,1440087,4.1
676,1127648,2.5
676,1418112,3.0
676,1389293,2.4
676,1149167,3.3
676,1442538,4.2
676,974576,1.1
676,238,1.6
676,1443470,3.1
676,1000085,4.9
676,1216571,3.5
677,1286663,3.3
677,1436458,1.3
677,1442689,2.4
677,1013601,3.4
677,1439614,2.4
677,1386047,2.8
677,1441746,2.8
677,1442417,3.6
677,1438696,2.2
677,1171153,4.1
677,156022,3.5
677,214756,2.5
677,1442200,1.3
677,1361451,5.0
677,898271,1.3
677,927342,1.3
677,1195506,2.9
677,1440087,1.3
677,1399686,1.8
677,1440828,4.0
678,1326693,4.2
678,1421781,3.9
678,1328767,4.6
678,1165393,2.5
678,1437515,1.3
678,1275245,4.7
678,1013850,3.5
678,1220028,1.3
678,307081,3.7
678,1077281,4.7
678,1442915,2.1
678,1399896,2.7
678,1214069,2.5
678,1429784,4.9
678,1000085,2.4
678,1429788,4.5
678,1439509,2.2
678,1442388,4.0
678,1417181,3.1
678,426063,4.6
679,155,2.4
679,1444425,3.6
679,1417181,3.6
679,157336,4.1
679,1424352,4.5
679,898271,1.0
679,1440404,2.2
679,1446066,3.2
679,1442918,3.8
679,1359893,2.3
679,661539,3.4
679,1328767,3.2
679,1431328,4.9
679,177572,3.8
679,1400932,3.0
679,1427653,4.7
679,1404172,1.2
679,1319629,3.7
679,1013850,2.4
679,1439890,1.9
680,1445505,2.3
680,254904,4.6
680,1436815,1.9
680,1424352,1.9
680,1433900,4.0
680,1353002,2.0
680,1418350,1.8
680,607141,1.1
680,1435275,2.9
680,939243,1.3
680,1435057,2.0
680,147441,1.4
680,1013601,4.5
680,1419826,1.6
680,1126166,4.3
680,1445302,3.2
680,1444744,1.6
680,1442918,1.1
680,287424,3.4
680,1241982,3.7
681,475557,3.6
681,1013482,1.1
681,1138194,4.4
681,1430968,3.9
681,1437701,3.0
681,1439804,1.9
681,1294376,3.9
681,1440404,2.0
681,1445783,3.2
681,1292367,4.5
681,1442918,1.8
681,1275245,3.6
681,1149463,3.1
681,823219,1.2
681,1260485,2.5
681,1275248,2.5
681,1439509,1.6
681,299536,1.2
681,1380415,3.3
681,210577,3.2
682,1428507,3.5
682,1440144,4.9
682,777443,4.9
682,1425373,2.0
682,1203524,2.4
682,1436269,2.3
682,1326693,1.8
682,1412392,3.6
682,1443663,4.6
682,438631,1.8
682,1436683,2.9
682,98,4.2
682,1440404,2.9
682,1000881,1.8
682,171274,1.4
682,1420492,1.2
682,1375762,1.8
682,1294174,4.9
682,38,3.1
682,1361451,1.6
683,1433862,2.0
683,1435269,1.7
683,1433881,4.7
683,1422072,3.0
683,1443663,1.0
683,1446317,3.4
683,1446308,3.1
683,1359744,1.4
683,1291321,3.2
683,1328767,1.5
683,1292367,2.0
683,1399686,2.1
683,1375762,4.2
683,1275245,2.4
683,227159,4.1
683,850920,4.2
683,1439459,2.3
683,927342,4.5
683,207933,4.9
683,1437485,3.7
684,1443480,4.6
684,1431744,2.3
684,1233575,3.0
684,1119820,2.0
684,1198288,2.6
684,1419826,2.3
684,154400,4.6
684,1424103,4.8
684,1440906,4.9
684,1404172,3.5
684,1325495,3.3
684,214756,4.9
684,1412392,4.7
684,1420899,2.5
684,1214894,2.3
684,1441967,4.8
684,1421053,1.7
684,181533,3.3
684,1340727,3.8
684,1424217,4.8
685,87101,4.7
685,1423093,1.9
685,1439459,1.8
685,205596,2.3
685,1445713,1.7
685,1421781,3.1
685,1047884,3.6
685,1375762,4.6
685,1437979,1.7
685,1442431,1.7
685,1157270,4.6
685,1018964,2.2
685,1423295,4.3
685,1202479,4.7
685,1126166,2.7
685,1438696,3.4
685,1433574,3.6
685,1424217,1.0
685,1326693,1.6
685,1442278,4.1
686,1380415,1.5
686,1433831,1.4
686,1275248,1.5
686,207933,3.8
686,1149167,1.7
686,1399686,4.5
686,1425296,4.9
686,154400,3.9
686,1204967,4.9
686,1445168,2.2
686,1404172,2.7
686,1432795,2.7
686,927342,1.5
686,822119,3.7
686,1271724,2.1
686,1437701,1.1
686,87101,4.2
686,1446308,2.1
686,1438217,3.9
686,1257409,2.0
687,1439033,3.6
687,1294376,2.9
687,1292367,2.4
687,1437446,1.2
687,1149167,3.7
687,262500,2.0
687,777443,3.4
687,1386047,3.3
687,939243,4.6
687,1440404,1.9
687,1326693,2.9
687,1434414,3.9
687,1433872,3.8
687,1434009,3.3
687,1442141,4.5
687,1425360,4.7
687,1430968,3.6
687,515001,4.6
687,1436703,3.2
687,1297763,4.2
688,1429460,4.8
688,177572,1.8
688,1149463,2.7
688,181533,2.3
688,1167416,2.1
688,762509,2.8
688,1392821,1.2
688,1423295,3.0
688,438631,3.2
688,1315476,1.1
688,1439890,2.9
688,1438696,1.3
688,1439837,1.8
688,1144417,2.8
688,1436684,3.9
688,1433881,2.6
688,1441746,4.1
688,205596,1.9
688,1077281,4.2
688,1421781,4.7
689,1208803,4.8
689,1433862,4.0
689,131631,4.2
689,707911,3.3
689,1064213,2.4
689,1437603,2.7
689,550,3.1
689,1432101,2.3
689,1013482,2.9
689,1429788,3.3
689,147441,4.0
689,1420234,2.6
689,1446174,5.0
689,1416501,1.7
689,1446219,3.0
689,1411411,2.8
689,1291321,3.2
689,1434009,1.7
689,1077281,2.1
689,1435269,4.0
690,1433862,3.5
690,1203524,2.0
690,24428,2.8
690,1375762,2.1
690,1422081,2.4
690,1434291,4.7
690,1425296,3.5
690,1140535,4.2
690,228967,1.2
690,1013601,4.8
690,1106739,3.3
690,1184918,1.0
690,1384565,1.6
690,260346,1.4
690,1438696,1.6
690,1444332,1.5
690,1214130,3.3
690,1446066,4.5
690,262543,1.5
690,1422072,4.4
691,207933,1.5
691,169917,1.3
691,1424217,3.5
691,1436450,1.9
691,1426343,2.5
691,254904,3.3
691,1325495,3.4
691,1127674,4.4
691,1434812,2.5
691,1216662,1.1
691,933260,4.1
691,1319629,4.9
691,1445721,1.3
691,98,2.2
691,1436456,3.0
691,1393191,2.6
691,68718,2.8
691,1421053,4.2
691,24428,4.7
691,1443695,4.8
692,244786,1.3
692,1436815,3.4
692,603,1.3
692,1445783,4.5
692,1216571,3.6
692,1421053,1.9
692,1442538,4.5
692,1324389,3.4
692,189,2.6
692,1317096,2.6
692,1241982,1.3
692,1386047,2.4
692,1399893,4.8
692,260346,4.1
692,516729,4.6
692,1425370,4.4
692,1441746,3.8
692,1260485,1.6
692,1202479,1.5
692,1361451,2.4
693,1424565,1.8
693,1425829,2.4
693,1326693,2.0
693,1157270,4.3
693,1444744,4.2
693,1445302,1.5
693,1378051,3.5
693,1306284,1.4
693,1436621,2.5
693,1436450,3.0
693,68718,2.9
693,1214130,2.3
693,205596,4.7
693,157336,1.7
693,1421781,3.6
693,1438696,3.2
693,228150,1.3
693,1433908,4.1
693,87101,4.0
693,1433872,3.0
694,154400,3.2
694,241554,4.7
694,1312157,4.6
694,1436269,4.2
694,1204967,1.3
694,210577,4.6
694,1445832,3.5
694,1404172,4.6
694,1424897,1.3
694,1422081,4.2
694,1439804,5.0
694,1376834,4.9
694,194662,4.7
694,1445505,1.5
694,1225572,2.8
694,1433908,3.7
694,1443663,4.3
694,1127648,4.6
694,1411411,3.7
694,1440811,1.9
695,1402698,4.7
695,1433908,3.8
695,188222,1.8
695,228150,2.7
695,1378051,4.7
695,558449,3.5
695,307081,4.5
695,1432534,2.9
695,1433802,4.1
695,1294376,1.2
695,1412392,3.3
695,1446219,4.3
695,1157270,3.2
695,1440083,3.9
695,1255192,5.0
695,799766,3.2
695,103,3.6
695,24428,4.7
695,1445783,2.9
695,1436621,1.7
696,1418112,1.1
696,1438208,2.7
696,228150,1.7
696,1445168,2.6
696,307081,4.1
696,1315476,3.9
696,1294376,1.1
696,1443238,3.2
696,1437485,1.6
696,850920,1.8
696,1442295,4.1
696,1446308,4.7
696,1439033,2.2
696,1165393,4.5
696,1262495,2.8
696,1003504,2.5
696,1436458,3.8
696,1440639,2.1
696,1171153,5.0
696,1442388,3.6
697,1423295,2.1
697,1446254,4.0
697,823219,4.3
697,1225572,4.1
697,1446174,3.5
697,1433811,3.3
697,227159,1.4
697,550,1.0
697,210577,2.8
697,1412392,2.6
697,260346,4.2
697,1130863,3.2
697,156022,2.8
697,1233575,1.3
697,1441840,2.2
697,1436683,3.7
697,87101,4.1
697,1444686,2.4
697,1275248,2.7
697,1317096,2.9
698,1442438,1.7
698,1441712,4.9
698,210577,3.3
698,1444744,4.0
698,1443907,2.8
698,1443002,2.3
698,155,2.4
698,823219,4.4
698,1275245,2.9
698,799766,2.1
698,1440087,4.4
698,1140535,1.9
698,87101,3.3
698,177572,2.8
698,1432534,1.8
698,169917,2.3
698,1443238,3.6
698,1436704,3.0
698,1389293,3.3
698,1399686,1.1
699,1434414,1.8
699,1144417,1.4
699,1428507,4.0
699,1291321,2.9
699,1274751,4.5
699,1439526,3.1
699,1436456,4.6
699,227159,1.3
699,1433813,1.6
699,1275245,2.8
699,1216662,4.0
699,1391463,3.8
699,515001,1.3
699,1434009,4.4
699,270303,2.1
699,214756,3.2
699,241554,3.4
699,205596,1.8
699,1442915,1.2
699,27205,2.2
700,1442417,3.4
700,1423093,3.0
700,1376834,3.7
700,1443378,2.3
700,1171153,1.9
700,1442141,2.6
700,1339790,4.4
700,1384565,2.5
700,1437438,2.3
700,1178556,2.7
700,1418287,1.4
700,181533,4.8
700,1404722,3.5
700,1433906,4.6
700,98,4.4
700,1438208,4.2
700,1438480,2.6
700,1436684,4.3
700,1433860,3.9
700,1144417,4.3
701,1106739,1.5
701,1437485,2.9
701,210577,3.4
701,228150,3.2
701,177572,4.3
701,1437920,3.1
701,262500,1.1
701,1233575,4.6
701,1425296,4.8
701,1429788,2.3
701,1436703,1.2
701,1411411,3.2
701,1446308,4.9
701,1325495,2.6
701,1043808,1.8
701,1438203,3.6
701,1423093,2.9
701,1420234,3.6
701,1392821,1.3
701,1435766,1.1
702,1442141,3.5
702,1274751,2.7
702,1359744,4.4
702,515001,3.8
702,1442438,4.5
702,1442538,1.5
702,1443993,2.4
702,1428507,3.3
702,1441966,3.2
702,1428780,4.2
702,1440906,3.1
702,1445505,2.3
702,205596,1.7
702,1442299,2.7
702,1306707,3.8
702,1389293,4.2
702,1418287,2.6
702,1442431,2.6
702,1421781,2.3
702,1421053,3.0
703,1442295,3.9
703,1000881,2.9
703,1440083,3.2
703,1443238,2.5
703,1429460,1.5
703,1319629,4.4
703,1445179,2.9
703,1210938,1.8
703,1426343,2.4
703,1064213,2.7
703,1443993,3.8
703,1013850,2.8
703,1443907,3.2
703,515001,2.8
703,1371370,1.8
703,1418112,4.8
703,1013850,4.9
703,1018964,4.0
703,262500,2.6
703,1439033,3.5
704,1419826,2.4
704,516729,4.4
704,194662,2.2
704,1077281,4.5
704,939243,1.1
704,1441567,4.3
704,1436704,3.9
704,1440776,3.6
704,1418287,4.9
704,169917,3.5
704,1013850,1.5
704,1294376,1.2
704,1432368,3.0
704,1441840,1.3
704,1431328,2.7
704,1127648,1.7
704,1317920,3.4
704,1442386,3.1
704,1064213,3.6
704,1437920,3.6
705,1424352,2.9
705,475557,3.5
705,1436450,1.9
705,1083968,1.8
705,800367,2.3
705,661539,4.4
705,1294376,4.8
705,1443663,1.3
705,1423295,1.2
705,214756,2.3
705,707911,4.3
705,1063873,2.6
705,1435057,3.7
705,1328767,3.3
705,1438208,2.4
705,1266809,3.0
705,762509,4.3
705,1422166,3.6
705,1418350,2.0
705,1443695,3.6
706,1140535,4.0
706,1431744,3.0
706,927342,3.3
706,262543,4.1
706,1106739,2.0
706,1425892,3.1
706,1274751,3.1
706,1440776,3.1
706,1404172,1.1
706,1107215,2.1
706,1437237,2.5
706,1013850,3.2
706,1442915,4.4
706,262500,3.7
706,1432480,4.3
706,241554,3.6
706,1384565,2.0
706,1433813,2.2
706,205596,2.0
706,1399893,1.2
707,1441746,2.9
707,777443,4.7
707,1216571,1.8
707,1340727,1.3
707,1063873,1.8
707,1291321,3.4
707,1317096,3.5
707,98,1.6
707,1084199,3.7
707,1400110,1.5
707,122,3.9
707,1380415,2.9
707,1411411,1.2
707,38,3.1
707,1198288,4.9
707,1428780,4.6
707,822119,1.5
707,1297763,1.6
707,1231695,2.9
707,1184918,3.2
708,1446219,2.2
708,1442918,2.8
708,1271724,4.7
708,1126166,2.1
708,120,2.8
708,1424565,2.4
708,1322218,1.3
708,194662,4.6
708,1359893,4.5
708,1446174,4.2
708,1064213,2.7
708,1436683,2.3
708,1393191,2.6
708,1445783,1.1
708,680,4.1
708,1399893,2.6
708,1392821,4.9
708,1433831,3.9
708,1434414,5.0
708,549509,2.4
709,278,3.2
709,1446308,4.8
709,970947,1.8
709,1301346,4.1
709,1400932,4.2
709,1443238,4.3
709,1445832,1.2
709,122,4.9
709,1368096,4.2
709,244786,4.4
709,98566,1.7
709,1075456,4.0
709,1260485,3.5
709,1292367,4.7
709,1433836,4.5
709,1429788,1.7
709,1443378,1.9
709,1255192,5.0
709,1380415,2.7
709,1077281,3.8
710,1422081,3.1
710,227159,4.1
710,1433813,1.6
710,1443487,1.1
710,68718,4.5
710,1442538,3.0
710,1294174,2.9
710,1432368,4.2
710,1257409,1.5
710,24428,3.0
710,1419826,2.6
710,515001,4.1
710,1420899,4.0
710,1286663,1.4
710,87101,2.5
710,260346,4.3
710,1445179,4.5
710,1436683,2.0
710,1216571,2.9
710,1371370,2.0
711,1378051,3.7
711,1312157,2.0
711,1442386,4.6
711,1423295,4.2
711,1441966,3.9
711,1233575,4.9
711,1043808,3.0
711,1404172,5.0
711,1436704,3.0
711,1439890,2.7
711,1433838,3.8
711,550,1.0
711,1446066,1.1
711,850920,1.9
711,1418112,2.1
711,1359744,2.6
711,1392821,3.8
711,1433908,2.0
711,1269298,2.0
711,1427653,1.7
712,1425366,3.8
712,1312157,1.4
712,1404172,3.6
712,1429784,2.7
712,1119820,3.7
712,927342,4.5
712,299537,1.8
712,1432101,2.6
712,1442308,2.6
712,1433719,1.9
712,1047884,4.3
712,1438069,4.8
712,1433838,2.9
712,1446183,3.9
712,1443480,3.5
712,1438480,4.0
712,214756,1.3
712,1437701,1.1
712,1203524,1.1
712,1432534,3.5
713,1445505,1.8
713,1444425,3.7
713,1442278,1.6
713,1233575,1.4
713,1326693,4.5
713,1436704,1.1
713,1328767,1.7
713,278,3.6
713,1204967,3.7
713,1446254,3.0
713,1431328,1.6
713,1000085,4.9
713,100042,1.6
713,1446174,2.3
713,1421781,3.7
713,680,3.1
713,762509,2.6
713,87101,2.1
713,1442438,4.6
713,1286773,2.1
714,1435053,3.0
714,1424217,1.9
714,1444425,1.2
714,1419826,2.9
714,1167416,1.2
714,1157270,2.1
714,1214894,3.0
714,227159,3.4
714,550,3.3
714,1412392,1.4
714,1440144,1.9
714,1294174,4.8
714,1443238,2.7
714,1420899,1.8
714,1426337,2.6
714,933260,3.7
714,1077281,2.2
714,1444253,1.0
714,1433813,2.1
714,1437701,4.5
715,1149463,2.6
715,262543,1.5
715,1443247,1.2
715,1443002,3.0
715,1433719,4.8
715,1262495,4.2
715,974576,4.9
715,1216571,4.0
715,1440087,4.3
715,1442918,3.8
715,1445783,1.2
715,1416501,1.9
715,1380415,4.0
715,1435057,2.7
715,1425370,1.2
715,1003504,1.4
715,181533,1.5
715,1404722,2.0
715,287424,1.2
715,1322218,4.0
716,1119820,2.5
716,1063873,2.1
716,1306284,4.9
716,122917,3.3
716,1204967,1.4
716,1411411,3.4
716,1443480,2.7
716,1418112,3.9
716,1443387,1.5
716,1368096,4.8
716,1437446,1.7
716,1269298,3.3
716,1378051,1.8
716,661539,1.5
716,898271,3.1
716,1157270,4.8
716,447273,3.7
716,1291321,3.1
716,1439890,5.0
716,98566,4.0
717,1433802,3.9
717,1440083,3.1
717,244786,4.2
717,1306284,2.7
717,1442538,3.0
717,777443,4.1
717,270303,1.6
717,1437701,1.7
717,1433881,2.8
717,1386047,3.2
717,1420234,4.5
717,1231695,2.4
717,1441967,4.8
717,1018964,1.6
717,1445168,3.0
717,1433813,4.8
717,207933,2.0
717,1424565,2.0
717,278,3.4
717,1404722,2.7
718,1000085,2.6
718,1326693,3.6
718,1442200,4.5
718,1438217,2.1
718,1437237,2.5
718,1439614,1.6
718,1216571,1.3
718,98566,1.9
718,516729,4.3
718,1445783,4.4
718,1426343,1.7
718,1442388,2.2
718,1432534,4.4
718,1400932,2.3
718,1375762,2.2
718,1441746,4.9
718,1442322,2.9
718,122,2.9
718,1442295,2.3
718,823219,2.3
719,1182088,4.1
719,1441840,3.7
719,1286773,3.4
719,1064213,1.4
719,1417677,3.0
719,1442278,3.4
719,1424103,3.4
719,1375762,1.9
719,1443378,4.3
719,1440811,1.7
719,1435269,3.2
719,1442388,1.7
719,1437515,1.9
719,661539,3.9
719,227159,3.7
719,1317920,2.1
719,260346,3.7
719,1077281,3.3
719,1257409,2.3
719,1436621,3.3
720,1428541,4.2
720,155,3.7
720,1248276,3.2
720,1436683,2.4
720,1231695,3.8
720,1445832,1.9
720,1422166,1.8
720,299537,2.3
720,1429788,4.3
720,1431328,3.2
720,1443480,4.9
720,475557,4.7
720,1399893,2.1
720,1433860,4.7
720,1442322,4.3
720,1425829,2.5
720,1241982,2.0
720,1443247,2.2
720,1424897,2.5
720,1433836,4.8
721,1432480,4.9
721,1441712,4.7
721,1437979,3.9
721,1084199,1.1
721,1439526,4.2
721,1356039,5.0
721,98,4.7
721,1445505,4.8
721,1425366,2.7
721,1442278,4.0
721,799766,1.7
721,1440087,1.8
721,1130863,2.1
721,800367,4.2
721,1375762,4.0
721,1371370,4.9
721,1435269,4.6
721,299537,4.0
721,898271,2.6
721,1317096,2.6
722,1439514,2.4
722,361743,4.8
722,939243,2.8
722,1419826,2.4
722,1423295,4.7
722,1436704,1.6
722,1443238,2.7
722,205596,1.8
722,1424217,2.9
722,1127674,3.7
722,1269298,4.6
722,872585,2.4
722,1386047,2.6
722,1443993,2.9
722,155,4.6
722,1429784,5.0
722,1000881,2.4
722,1225572,3.5
722,27205,3.9
722,1424897,4.1
723,1225572,4.3
723,1216662,1.1
723,1428541,1.5
723,1440776,3.6
723,1357797,3.7
723,1438208,1.1
723,207933,2.6
723,1444331,2.5
723,1356039,1.7
723,1047884,3.5
723,1429460,3.0
723,155,3.4
723,1438267,3.3
723,1378734,1.7
723,1433900,3.4
723,1439804,2.0
723,1443907,4.7
723,1443663,1.7
723,1433802,3.9
723,27205,3.9
724,1417677,2.9
724,1399893,5.0
724,1442764,4.6
724,1443480,2.5
724,1433813,1.7
724,171274,1.8
724,1428541,1.4
724,1439614,1.3
724,1356039,2.0
724,1428780,5.0
724,1443907,2.6
724,950396,4.8
724,1361451,2.1
724,1434672,4.7
724,1406240,4.0
724,1423299,3.1
724,1420492,4.2
724,447273,4.6
724,1178556,1.0
724,1445783,2.1
725,1411411,1.8
725,1127648,2.5
725,1443480,1.2
725,24428,3.4
725,1294376,4.0
725,1322218,4.0
725,1440639,4.0
725,171274,2.5
725,100042,1.1
725,1428262,1.7
725,27205,1.9
725,1445783,4.8
725,1427653,3.1
725,210577,3.3
725,1437701,3.9
725,1442200,2.2
725,1438696,4.4
725,1436458,3.6
725,1231695,1.8
725,1428507,4.4
726,1442295,1.1
726,299536,1.8
726,1084199,3.8
726,1433862,2.0
726,1306284,3.4
726,1411411,2.6
726,1439614,1.5
726,1443378,2.1
726,1018964,5.0
726,1248276,1.5
726,188222,3.9
726,1443487,2.7
726,1428780,4.2
726,1426343,1.0
726,1424565,1.8
726,361743,1.4
726,299537,1.6
726,1167416,1.0
726,1214130,3.0
726,1195506,2.2
727,1291321,4.9
727,1432098,1.6
727,1436450,2.7
727,1063873,3.3
727,1432101,2.5
727,1444686,4.5
727,1432534,2.6
727,1436815,2.2
727,1434672,3.4
727,1339790,2.6
727,1328767,2.2
727,1433906,3.7
727,1434414,1.1
727,799766,3.3
727,1214069,3.0
727,939243,3.4
727,205587,1.1
727,361743,4.5
727,1322218,4.6
727,1445168,4.9
728,1000085,2.3
728,1241982,4.5
728,1400110,1.7
728,970947,4.7
728,1445832,4.5
728,1445302,3.7
728,1442278,3.7
728,1421053,1.3
728,244786,2.0
728,98566,1.8
728,1286663,1.5
728,426063,1.7
728,1064213,3.9
728,1315476,1.7
728,1433838,4.6
728,1438069,2.5
728,122,3.5
728,447273,1.0
728,1418287,4.6
728,1421001,3.6
729,1440144,2.1
729,1438267,1.4
729,1013850,3.7
729,1436703,2.2
729,1439514,1.7
729,1440828,2.3
729,1433838,3.9
729,1361451,2.5
729,414906,1.9
729,1437920,3.3
729,1429788,4.5
729,1291321,2.2
729,1441966,2.5
729,1391463,1.6
729,1433813,2.3
729,1424352,4.5
729,1248276,4.9
729,1429788,3.8
729,1433811,2.1
729,1436621,1.6
730,1434672,2.0
730,1210938,2.9
730,1436456,1.7
730,1445302,1.2
730,927342,1.7
730,189,3.9
730,307081,1.6
730,1440811,1.8
730,1437446,2.0
730,1386047,2.7
730,1292367,2.2
730,1439459,3.1
730,1438546,3.3
730,1439004,2.0
730,1433908,1.8
730,157336,4.0
730,1231695,3.9
730,680,4.1
730,1275248,4.9
730,103,2.4
731,1443487,2.5
731,1357797,1.6
731,426063,1.5
731,1416501,4.0
731,1445505,2.4
731,1047884,2.7
731,307081,5.0
731,1439837,3.3
731,1386047,4.8
731,1442295,1.5
731,1441712,2.0
731,1432795,1.1
731,1440087,1.5
731,1442200,2.5
731,1445783,3.6
731,1378734,3.8
731,87101,2.2
731,1440144,4.4
731,1415669,4.3
731,1442438,1.2
732,265208,3.5
732,777443,2.6
732,1440083,2.1
732,1429784,4.8
732,1420492,2.1
732,1432101,4.8
732,1384565,3.2
732,1368096,1.6
732,1178556,4.1
732,1446254,4.5
732,1445721,2.8
732,1361451,1.8
732,1433862,3.0
732,1418112,2.6
732,287424,2.7
732,189,4.6
732,1438480,2.7
732,1393191,3.7
732,122,1.4
732,155,1.8
733,1445832,1.4
733,1422471,2.5
733,1130863,4.1
733,1157270,2.8
733,607141,3.4
733,122917,2.6
733,100042,4.0
733,1271724,4.1
733,1439004,4.0
733,238,3.2
733,1442386,2.5
733,1440906,1.2
733,1437438,3.0
733,1291321,4.2
733,823219,4.0
733,1444253,2.7
733,1442438,1.2
733,1421001,3.7
733,1423295,3.8
733,1149463,4.3
734,1442308,2.1
734,1429460,3.5
734,1437446,3.1
734,1214130,3.9
734,1257409,4.7
734,1418350,4.2
734,1445179,1.8
734,1294376,4.5
734,1322218,3.7
734,244786,3.3
734,1445783,1.1
734,438631,1.3
734,1178556,1.6
734,1443907,2.9
734,1202479,4.0
734,850920,1.8
734,1378734,2.8
734,1440828,1.0
734,1432534,4.0
734,926670,3.0
735,98,4.4
735,1442200,2.8
735,1255192,3.1
735,1274751,1.1
735,1437438,3.7
735,1013601,4.1
735,1393191,1.1
735,1422072,2.0
735,1149167,2.4
735,1428507,1.9
735,361743,4.9
735,270303,1.7
735,1361451,2.4
735,131631,3.8
735,1084199,1.1
735,1275245,3.2
735,1436366,1.1
735,1439890,2.2
735,1138194,3.5
735,1378734,1.4
736,680,1.5
736,262500,2.3
736,260346,2.7
736,1330596,2.0
736,872585,2.6
736,205587,4.5
736,1424103,2.0
736,1439004,4.4
736,558449,3.1
736,1013850,1.7
736,1013850,3.4
736,1328767,1.8
736,1356039,3.0
736,1437920,3.2
736,696506,2.0
736,299537,2.2
736,1433574,1.0
736,1428780,1.7
736,1441966,1.6
736,1442386,3.6
737,1446174,1.7
737,1437515,3.2
737,1427653,3.5
737,1415669,3.1
737,872585,4.9
737,1417181,3.9
737,950396,2.1
737,1445783,4.0
737,1435053,4.2
737,1443480,4.8
737,1424217,1.9
737,68718,4.4
737,1216662,1.9
737,515001,4.5
737,1418780,4.4
737,1445832,4.5
737,1433574,1.7
737,299537,2.3
737,1127674,2.5
737,1428507,3.7
738,1434291,4.7
738,1424217,1.3
738,1126166,1.3
738,24428,2.3
738,1084199,1.9
738,1442431,4.8
738,1444686,4.1
738,100042,3.5
738,227159,4.0
738,1433574,3.0
738,1433908,4.6
738,299536,2.7
738,1438217,4.6
738,1439614,3.3
738,1445713,1.7
738,1432101,1.7
738,1429788,2.1
738,1418112,2.9
738,1439509,4.8
738,1433813,1.7
739,799766,1.2
739,1425296,3.0
739,1427653,2.3
739,1406240,3.7
739,926670,2.3
739,950396,4.0
739,1432480,1.9
739,1047884,1.2
739,1444332,2.1
739,1440776,3.3
739,1432795,1.1
739,1441967,2.4
739,1420492,1.9
739,98,2.4
739,1429788,4.1
739,1433872,1.7
739,1075456,4.7
739,1446174,3.2
739,1424352,1.1
739,1443387,3.2
740,1441840,4.4
740,1429788,4.1
740,228967,1.0
740,361743,3.0
740,1443551,2.6
740,98566,3.2
740,1204967,3.5
740,207933,3.9
740,1417677,1.8
740,87101,2.8
740,103,1.6
740,307081,4.9
740,1405338,2.9
740,1400110,1.5
740,1443663,1.7
740,1443993,1.5
740,1439004,2.5
740,1446317,1.1
740,1424565,4.7
740,1328767,3.6
741,1423093,2.8
741,1437446,4.0
741,1371370,3.5
741,1424565,2.2
741,1361451,3.0
741,707911,2.2
741,1274751,3.0
741,1428780,1.3
741,1400110,1.4
741,1429784,4.6
741,1433881,2.2
741,1432534,4.1
741,1144417,1.2
741,1171153,4.6
741,1203524,2.3
741,120,3.9
741,1442417,2.2
741,603,3.0
741,1438208,2.3
741,1432795,1.9
742,1402698,4.4
742,1127648,2.3
742,1446174,2.3
742,1431328,4.7
742,227159,1.7
742,1417181,4.7
742,1130863,3.3
742,1063873,4.0
742,1437979,2.1
742,299536,1.7
742,1013850,2.4
742,1440776,1.6
742,1424565,4.1
742,1436366,3.0
742,1106560,2.4
742,1442299,2.3
742,1440083,1.9
742,1425366,2.5
742,27205,3.7
742,1432368,1.6
743,1433719,4.0
743,1421001,2.9
743,1399893,1.0
743,1392821,2.5
743,156022,4.0
743,1433802,1.6
743,1442438,2.5
743,1440776,3.7
743,228967,1.1
743,68718,2.5
743,1431744,4.7
743,227159,3.3
743,1442316,1.7
743,1286773,2.7
743,299537,4.3
743,1417677,3.8
743,1292367,1.6
743,1439004,1.1
743,1433900,2.0
743,1415669,1.6
744,1119820,1.5
744,1149167,4.1
744,1432368,2.8
744,1422072,1.5
744,1399686,1.1
744,1432534,4.7
744,1220028,4.2
744,1433836,3.7
744,177572,4.6
744,98566,4.9
744,1434291,4.8
744,414906,4.6
744,1427653,3.6
744,181533,5.0
744,1445832,2.4
744,98,3.8
744,1294376,2.1
744,1439804,2.8
744,1393191,4.6
744,1443470,3.9
745,100042,3.5
745,1424565,5.0
745,927342,3.8
745,1421053,4.0
745,1412392,4.0
745,98,3.6
745,1013601,2.3
745,1444331,4.9
745,1286663,1.9
745,1361451,1.2
745,1434672,2.9
745,131631,2.0
745,1415669,1.7
745,262543,3.9
745,1214130,3.1
745,1084199,2.6
745,1255192,2.7
745,1428262,3.7
745,87101,2.4
745,1442431,4.6
746,1077281,4.0
746,1428541,1.9
746,696506,1.2
746,823219,4.6
746,1442388,3.7
746,1446317,2.6
746,1130863,3.6
746,1083968,4.6
746,1433908,4.5
746,1434009,3.6
746,1328767,1.1
746,299537,3.2
746,1306707,1.7
746,1442438,3.8
746,1140535,4.0
746,414906,1.4
746,1436815,3.6
746,1126166,4.4
746,1427653,4.6
746,1425360,1.3
747,1433860,2.7
747,1441712,2.2
747,762509,2.2
747,1445505,1.3
747,1424217,1.9
747,1428541,1.0
747,1443551,4.2
747,1442918,1.5
747,1438217,1.7
747,1439614,3.2
747,1386047,2.8
747,1084199,1.4
747,1433900,4.1
747,850920,2.9
747,181533,4.2
747,260346,3.3
747,1013482,4.2
747,1418287,1.9
747,1443907,4.0
747,1216662,3.3
748,1439459,4.9
748,299536,4.7
748,1420234,4.5
748,131631,1.2
748,1433802,5.0
748,1420899,4.7
748,1324389,4.2
748,1442764,2.8
748,1420492,3.9
748,1127674,4.7
748,933260,4.9
748,1442141,3.2
748,1301346,4.2
748,1437920,3.5
748,299537,2.0
748,1315476,4.5
748,1353002,3.4
748,1225572,4.1
748,1446183,4.0
748,1378051,4.7
749,68718,2.1
749,1119820,2.1
749,1425360,2.6
749,27205,4.2
749,1436269,3.9
749,1437979,3.8
749,1429784,1.0
749,823219,1.1
749,1442918,2.4
749,1415669,2.9
749,939243,2.2
749,1202479,3.6
749,426063,1.4
749,1442386,2.5
749,1126166,3.7
749,1003504,3.6
749,1376834,4.1
749,1416501,1.3
749,1436703,4.7
749,1167416,3.5
750,1404172,4.9
750,1421053,2.0
750,157336,2.0
750,974576,4.8
750,1442417,4.4
750,1446174,4.7
750,1106560,2.1
750,122,4.5
750,1231695,4.0
750,1356039,1.6
750,1423295,2.0
750,1425296,1.5
750,1441967,2.2
750,1312157,2.7
750,1443247,1.3
750,1442316,2.3
750,361743,1.5
750,1241982,3.2
750,939243,2.2
750,1432101,1.7
751,1419826,1.5
751,1297763,1.8
751,205587,1.6
751,1422081,1.7
751,1043808,4.1
751,1214069,2.0
751,438631,3.9
751,1339790,3.2
751,1438203,4.2
751,1445832,2.9
751,1195506,2.8
751,299537,1.7
751,210577,4.8
751,1389293,3.5
751,299536,2.4
751,1361451,4.6
751,1434672,1.7
751,1392821,3.5
751,1428780,4.7
751,1306707,4.8
752,1064213,2.4
752,1195506,3.1
752,800367,3.5
752,1445721,3.8
752,147441,3.0
752,1325495,3.5
752,1437237,3.0
752,1149167,2.4
752,1436366,4.6
752,1440828,1.5
752,1149463,1.3
752,1424103,1.6
752,1319629,2.5
752,1434812,1.5
752,1440087,3.7
752,438631,1.3
752,210577,3.6
752,1432534,1.3
752,1371370,4.5
752,156022,3.7
753,1436366,2.1
753,1438267,2.1
753,1439804,1.6
753,1353117,3.4
753,214756,3.9
753,1378051,2.7
753,1440906,3.0
753,1130863,2.1
753,1422166,2.2
753,1437485,1.8
753,98,4.9
753,607141,4.2
753,1214894,3.9
753,1392821,3.8
753,1423295,3.1
753,1138194,2.3
753,1418287,3.8
753,1422081,5.0
753,122,3.8
753,1195506,2.5
754,1424565,1.8
754,1441966,3.3
754,970947,3.7
754,1422166,3.1
754,1231695,1.1
754,98,4.1
754,1446254,1.2
754,1445302,2.1
754,1286773,3.5
754,1445783,3.5
754,1149463,2.4
754,1292367,1.7
754,1437438,1.0
754,1438502,1.0
754,87101,3.2
754,1325495,1.1
754,1440828,3.8
754,1301346,3.0
754,1422166,1.8
754,1429784,4.0
755,558449,1.3
755,278,2.5
755,426063,3.6
755,1389293,2.7
755,1436683,3.7
755,1418350,1.3
755,1322218,4.4
755,1439514,1.8
755,1149167,1.3
755,1312157,2.2
755,169917,3.0
755,1445713,1.5
755,1357797,3.3
755,1077281,2.0
755,1440083,3.3
755,1445783,2.2
755,1438546,3.8
755,1434812,2.9
755,926670,1.0
755,1443551,4.0
756,1436456,5.0
756,1043808,1.1
756,1328767,1.3
756,1431744,2.2
756,147441,2.6
756,1441967,2.1
756,823219,4.0
756,926670,4.1
756,1423093,4.1
756,1439033,1.2
756,1425370,1.4
756,1425829,2.4
756,1322218,2.6
756,1434291,4.4
756,1445783,4.9
756,1375762,3.3
756,1432480,1.9
756,1214130,1.9
756,1075456,3.0
756,1426343,4.7
757,1446254,3.0
757,1235619,1.7
757,1378734,3.5
757,1443993,4.1
757,1328767,4.8
757,1418287,5.0
757,1339790,1.8
757,1269298,3.9
757,1018964,2.8
757,1438480,2.7
757,307081,3.4
757,1306284,2.8
757,1443480,3.8
757,262500,1.1
757,1440639,3.6
757,1182088,1.3
757,1433872,4.5
757,1077281,4.6
757,1361451,2.2
757,1214130,1.2
758,1418287,3.3
758,1440639,2.1
758,1439509,3.9
758,1441840,2.7
758,1442278,1.6
758,98,4.4
758,207933,2.1
758,1127648,2.1
758,1255192,4.4
758,1434009,3.2
758,1411411,1.6
758,1438502,3.7
758,177572,3.4
758,1445168,1.8
758,1437603,4.6
758,1433574,4.9
758,1286773,2.6
758,1438208,1.5
758,1317920,4.9
758,1433838,2.4
759,1361451,3.9
759,1378734,4.8
759,1178556,2.9
759,1444331,2.4
759,1216571,4.0
759,1427653,1.4
759,1047884,3.5
759,1433908,2.7
759,188222,1.5
759,1000085,3.7
759,1441712,4.7
759,550,4.8
759,1420492,2.4
759,1203524,2.4
759,1235619,3.9
759,1371370,4.5
759,1445721,1.6
759,1198288,4.9
759,1274751,2.8
759,1294376,4.9
760,1438480,2.3
760,1446174,3.4
760,1441966,2.2
760,1440906,2.5
760,970947,4.0
760,1144417,4.7
760,1440639,2.8
760,1325495,1.8
760,1437237,2.3
760,1431744,1.7
760,1427653,1.3
760,1013601,4.6
760,299537,2.4
760,1443470,3.0
760,1322218,1.5
760,607141,4.9
760,1436366,1.4
760,1434414,4.8
760,1371370,1.3
760,1359893,2.8
761,414906,3.5
761,307081,2.6
761,1446183,4.7
761,1441567,4.4
761,1274751,4.3
761,1445302,4.7
761,1436450,4.5
761,1435053,3.7
761,1411411,3.0
761,1436704,3.8
761,974576,3.3
761,214756,3.4
761,1013850,1.8
761,1315476,4.3
761,1440906,1.5
761,181533,4.5
761,1442764,2.0
761,1198288,2.5
761,1420492,3.5
761,205587,1.5
762,1119820,2.0
762,1210938,3.5
762,1419826,3.1
762,1441966,4.6
762,1437446,4.6
762,1126166,3.4
762,1359744,1.3
762,228150,3.2
762,1442689,1.4
762,823219,3.5
762,1400932,3.5
762,1425296,3.4
762,1359893,1.5
762,1438546,3.1
762,696506,4.1
762,1442200,2.8
762,1426337,2.5
762,205587,1.8
762,1013850,4.4
762,1214894,4.2
763,1393191,4.5
763,1171153,3.2
763,1013601,1.6
763,1437920,2.6
763,1084199,1.0
763,270303,3.9
763,1429460,3.0
763,516729,1.0
763,1064213,1.4
763,1013850,3.7
763,1319629,3.2
763,1437485,3.4
763,1210938,2.6
763,1440811,4.1
763,1438203,4.8
763,1433831,4.9
763,1432534,1.7
763,1422166,1.9
763,1428507,2.2
763,1433860,4.0
764,1443993,3.4
764,1446317,1.4
764,1422072,1.2
764,38,3.2
764,1433906,1.2
764,1043808,1.8
764,1434009,2.9
764,438631,4.3
764,1435269,1.4
764,1424103,1.4
764,696506,1.1
764,1437603,3.2
764,1140535,3.6
764,299537,3.1
764,1437438,1.6
764,1286663,1.1
764,1184918,2.8
764,1442417,4.5
764,157336,4.0
764,1442438,3.2
765,1198288,3.2
765,1426337,1.9
765,426063,3.8
765,287424,3.2
765,558449,2.4
765,194662,4.3
765,1432534,3.6
765,1294174,1.5
765,1440828,2.3
765,1422081,3.7
765,1417181,3.7
765,1324389,2.8
765,1433881,1.8
765,1340727,3.1
765,1433719,2.5
765,1292367,2.4
765,1442388,4.0
765,1266809,1.5
765,1257409,4.1
765,1440811,4.8
766,122,3.6
766,1225572,3.9
766,122917,2.5
766,1429788,3.0
766,214756,1.1
766,1443238,4.6
766,1422235,2.7
766,1368096,4.0
766,939243,2.7
766,1443663,1.8
766,414906,2.3
766,244786,4.7
766,1422471,4.6
766,1442764,4.5
766,799766,2.4
766,189,1.8
766,1431328,4.2
766,1425829,2.7
766,1433872,1.9
766,1043808,1.7
767,1384565,1.7
767,1433908,1.4
767,1126166,2.6
767,926670,4.5
767,1420492,2.7
767,120,3.9
767,438631,4.2
767,414906,3.0
767,1444253,4.9
767,680,4.1
767,1433862,1.4
767,1390154,2.1
767,1424103,4.9
767,1424565,2.6
767,287424,4.7
767,799766,1.6
767,1063873,4.5
767,1425296,4.3
767,1339790,3.1
767,1083968,3.8
768,27205,4.4
768,823219,1.5
768,1442417,3.4
768,696506,4.3
768,1203524,1.4
768,1424217,3.9
768,1433813,1.3
768,1225572,3.1
768,1422166,1.7
768,1241982,3.6
768,1432795,2.0
768,1106739,1.4
768,549509,1.9
768,1443002,5.0
768,438631,2.8
768,1000881,1.9
768,414906,3.4
768,1301346,1.1
768,24428,2.8
768,1422166,3.7
769,1438267,4.6
769,1315476,4.3
769,214756,2.3
769,777443,3.5
769,1064213,4.6
769,1439004,3.6
769,1322218,3.7
769,205587,1.7
769,1433906,2.7
769,974576,2.6
769,1428507,3.6
769,1204967,3.8
769,169917,2.0
769,1432534,3.9
769,1376834,4.6
769,1436683,1.6
769,1165393,2.9
769,1043808,1.9
769,1428262,2.7
769,1340727,1.1
770,1433906,1.3
770,1433838,4.2
770,1220028,1.1
770,1431328,4.7
770,1434672,3.9
770,1439033,2.4
770,157336,4.5
770,189,4.2
770,822119,4.7
770,1436703,3.0
770,1439804,4.0
770,169917,2.2
770,1003504,2.7
770,1225572,3.0
770,1440083,3.5
770,1418780,2.4
770,1432534,4.8
770,1107215,3.9
770,1436456,2.7
770,1399686,2.0
771,227159,1.1
771,1442322,3.4
771,188222,2.5
771,262543,4.1
771,1428262,4.9
771,1386047,2.5
771,1440144,1.3
771,1433802,4.1
771,1357797,1.0
771,1361451,2.5
771,1432534,1.2
771,1417677,3.6
771,1431744,1.1
771,1424897,2.1
771,1312157,2.2
771,1439837,3.7
771,1437438,2.4
771,1439004,2.7
771,1433906,2.1
771,1214069,1.4
772,244786,2.6
772,1433908,2.4
772,1443487,3.9
772,1438208,3.7
772,1439526,1.9
772,1438502,2.0
772,1442431,1.0
772,1439004,2.6
772,549509,3.8
772,1361451,2.7
772,1437920,4.7
772,1214130,2.3
772,1440087,2.0
772,1417181,2.8
772,1297763,4.1
772,265208,2.2
772,1107215,2.6
772,1127674,3.5
772,1198288,2.7
772,1420899,3.5
773,1412392,2.4
773,1443487,4.2
773,1286663,2.7
773,1325495,3.1
773,1214069,4.7
773,1312157,3.0
773,1418112,2.1
773,1208803,1.1
773,799766,3.9
773,1441967,3.3
773,1422471,1.4
773,1339790,5.0
773,1433900,3.7
773,603,1.2
773,1446254,2.4
773,1084199,2.5
773,1269298,4.4
773,1446317,1.5
773,1437237,1.5
773,98,1.1
774,1440087,3.2
774,1399686,2.4
774,1433881,4.7
774,1425370,3.5
774,1441967,1.5
774,898271,2.7
774,1063873,1.4
774,1275245,2.2
774,38,1.6
774,1434291,4.8
774,1442278,2.6
774,98,3.0
774,1429460,1.5
774,1438203,3.1
774,262500,4.3
774,1425829,3.5
774,1424217,3.0
774,1286773,2.1
774,1441840,1.1
774,550,4.7
775,1359744,2.3
775,1436450,2.2
775,1425892,1.2
775,1421781,4.4
775,1167416,4.7
775,87101,3.8
775,1443907,3.2
775,1440639,4.3
775,1432795,4.4
775,1436269,4.9
775,1330596,2.7
775,1432534,3.2
775,1418112,1.9
775,228967,4.2
775,1444425,3.6
775,1297763,1.9
775,1257409,4.7
775,1439890,4.6
775,1420899,4.9
775,1127648,4.0
776,1440083,1.5
776,1428541,2.5
776,1442689,1.4
776,1400110,4.4
776,1204967,2.9
776,1424565,3.8
776,307081,3.6
776,361743,3.5
776,1339790,1.0
776,823219,2.2
776,1324389,1.4
776,155,4.3
776,1442299,2.8
776,1433862,4.9
776,1436621,1.2
776,1440087,4.4
776,1315476,2.3
776,1433836,3.3
776,1442316,1.5
776,1415669,2.5
777,558449,1.1
777,1432368,3.9
777,1432480,1.8
777,1422072,1.9
777,1043808,3.0
777,156022,1.6
777,1427653,4.5
777,1429788,3.5
777,1444744,1.7
777,1433881,2.7
777,1436683,4.7
777,1432098,2.1
777,1432534,3.5
777,1390154,1.1
777,1291321,4.4
777,244786,3.5
777,1428541,3.1
777,438631,3.9
777,823219,1.9
777,1266809,2.1
778,675776,4.4
778,155,1.5
778,438631,4.1
778,1434812,3.9
778,1437438,1.8
778,1442322,3.5
778,1424217,2.7
778,1438217,4.4
778,27205,2.3
778,147441,4.9
778,1167416,2.7
778,1444332,2.0
778,939243,1.8
778,1437485,1.1
778,1266809,4.3
778,120,4.6
778,1435053,2.8
778,1446254,4.4
778,898271,4.5
778,1204967,4.3
779,1214069,2.3
779,1202479,4.7
779,38,3.9
779,1375762,2.7
779,1432368,3.6
779,707911,5.0
779,1171153,2.5
779,1443663,4.4
779,1384565,3.9
779,1386047,1.3
779,1433831,3.2
779,1445832,1.7
779,299536,1.6
779,1359744,2.9
779,1440828,3.8
779,1195506,4.1
779,1443695,3.0
779,1439804,3.6
779,1442200,4.0
779,1424352,2.6
780,1438480,1.5
780,1433838,2.3
780,1260485,1.9
780,1442295,4.9
780,1421053,1.7
780,1439509,2.5
780,1444425,2.8
780,1433862,4.4
780,1411411,3.0
780,426063,2.5
780,1445832,4.3
780,270303,3.8
780,122917,2.9
780,515001,1.8
780,1427653,3.9
780,1433719,4.3
780,1435766,3.1
780,1433811,1.6
780,1013850,3.8
780,1420899,4.0
781,205596,2.9
781,1443238,4.5
781,1198288,3.9
781,1444425,2.9
781,1446254,4.1
781,147441,2.0
781,1415669,4.8
781,1422166,4.8
781,1432098,4.8
781,1441567,4.6
781,1384565,3.1
781,1432480,4.2
781,1441712,1.1
781,1441966,2.9
781,1444253,3.5
781,1444331,1.9
781,1438203,3.2
781,1439890,3.1
781,661539,4.8
781,177572,3.4
782,1439890,4.0
782,307081,4.9
782,1444332,1.2
782,1340727,4.3
782,680,1.6
782,1084199,2.0
782,898271,4.1
782,1440776,2.8
782,1442299,2.2
782,1106560,1.8
782,205596,3.5
782,1439509,2.8
782,1275245,2.7
782,1438696,2.3
782,1425366,2.4
782,1149167,3.4
782,1422166,1.9
782,262543,1.0
782,194662,3.5
782,1312157,4.1
783,1107215,1.5
783,1428780,4.3
783,1443470,1.7
783,228967,4.4
783,1077281,1.2
783,1127648,2.7
783,1319629,2.7
783,1446066,4.6
783,1436683,1.9
783,1286773,2.4
783,1380415,2.3
783,1198288,4.3
783,1013850,1.4
783,1391463,4.8
783,241554,2.8
783,558449,4.6
783,1390154,1.4
783,1436450,1.1
783,1435053,2.7
783,1384565,4.9
784,1443907,3.0
784,1167416,2.7
784,1440776,2.5
784,1445179,3.8
784,27205,1.4
784,1432101,1.5
784,1442689,2.4
784,307081,4.9
784,171274,4.6
784,1390154,3.9
784,1429788,4.7
784,1216571,2.5
784,799766,4.3
784,1424217,4.5
784,1445783,4.7
784,1425370,3.3
784,98566,1.6
784,1422166,3.9
784,1443480,4.9
784,1418350,4.1
785,1441746,4.4
785,1241982,4.9
785,1440776,4.6
785,1231695,2.0
785,1198288,1.0
785,1326693,2.9
785,1432480,2.4
785,1184918,1.6
785,1443378,1.2
785,1438546,3.9
785,1428780,1.2
785,603,2.1
785,898271,4.3
785,1208803,4.5
785,1149167,1.9
785,1442764,2.4
785,1428262,1.7
785,939243,4.3
785,1417677,1.2
785,1443238,4.4
786,800367,3.0
786,228150,1.3
786,1441967,4.6
786,1433872,2.3
786,1437701,1.9
786,214756,2.5
786,1436704,3.1
786,1437979,4.9
786,254904,4.4
786,1419826,4.1
786,287424,3.7
786,1390154,4.2
786,1384565,3.8
786,1443002,1.5
786,823219,2.0
786,1064213,3.2
786,1436703,3.4
786,1444253,4.7
786,1260485,2.8
786,1442316,1.1
787,154400,1.4
787,1043808,2.6
787,1361451,2.6
787,1438480,3.9
787,1231695,1.8
787,1432534,1.7
787,1423299,3.1
787,254904,2.8
787,823219,3.6
787,1368096,2.9
787,122,3.6
787,1445505,1.2
787,1013482,2.5
787,1353002,3.9
787,1436621,3.3
787,475557,4.8
787,1437515,1.1
787,1423093,4.4
787,1157270,1.1
787,1442388,4.1
788,1423299,1.3
788,1427653,2.8
788,1429460,3.0
788,1428262,4.8
788,1428507,4.3
788,1433574,4.3
788,1433872,3.7
788,188222,4.0
788,120,1.5
788,661539,5.0
788,1439804,3.8
788,1438502,3.5
788,549509,3.6
788,1433906,3.5
788,1000085,1.8
788,1424565,2.6
788,1436704,1.1
788,1231695,4.7
788,1442915,4.8
788,1443378,2.4
789,1317096,4.3
789,205596,3.9
789,1445783,4.0
789,278,4.7
789,1425366,2.1
789,98566,4.4
789,1446183,3.5
789,1438480,2.3
789,1439509,1.6
789,1434414,4.8
789,1428780,2.2
789,1442278,1.9
789,1437920,1.5
789,1353117,2.3
789,241554,4.7
789,1427653,1.8
789,1436703,1.1
789,1126166,3.2
789,1442386,2.7
789,1440083,2.3
790,1437485,2.7
790,1440144,4.6
790,1404172,2.2
790,1440906,2.1
790,1433906,3.3
790,1422072,4.3
790,1428262,2.6
790,1297763,4.0
790,762509,2.9
790,1445179,1.5
790,1210938,2.1
790,1424352,1.1
790,1315476,2.4
790,1426343,1.8
790,1442316,3.2
790,1416501,1.9
790,823219,4.6
790,1442538,3.1
790,1330596,1.2
790,1433872,1.5
791,1423295,2.9
791,822119,2.9
791,1443247,1.7
791,850920,1.3
791,156022,2.1
791,1214130,1.5
791,210577,1.9
791,1415669,2.9
791,558449,3.1
791,1442388,4.6
791,1434672,4.8
791,1435053,4.0
791,1445721,4.5
791,939243,1.9
791,1214069,1.1
791,800367,3.8
791,1417677,4.9
791,1441746,3.0
791,1431328,2.8
791,1198288,2.4
792,1431744,4.1
792,1294174,4.2
792,680,1.5
792,1138194,3.4
792,1435275,3.5
792,1402698,2.4
792,1140535,2.4
792,1442308,1.5
792,1404172,2.1
792,1442918,3.8
792,188222,4.6
792,1171153,2.8
792,1434672,1.0
792,1018964,2.6
792,262543,4.8
792,1411411,2.8
792,38,2.7
792,361743,3.1
792,707911,1.7
792,1426337,2.9
793,1446066,4.5
793,1013482,1.3
793,1149167,4.7
793,1359893,3.6
793,68718,4.9
793,1443470,4.7
793,1106560,3.7
793,1353117,2.6
793,696506,2.6
793,1428780,4.7
793,1425892,4.9
793,1297763,4.2
793,1126166,4.3
793,1443002,3.4
793,1440811,3.2
793,157336,3.5
793,970947,3.6
793,898271,2.9
793,1439004,1.6
793,1437979,2.2
794,1436458,1.5
794,1437979,3.2
794,1064213,1.5
794,1294174,3.0
794,1198288,4.5
794,696506,4.9
794,228150,1.9
794,1422166,1.6
794,558449,1.9
794,1063873,1.9
794,1434009,2.7
794,1368096,1.3
794,1437438,4.2
794,1442299,3.5
794,1425892,4.1
794,1214130,1.9
794,238,4.9
794,1434414,3.5
794,603,3.7
794,850920,4.2
795,1315476,3.6
795,1399896,2.5
795,1444686,2.9
795,898271,4.7
795,244786,4.9
795,1433574,2.2
795,238,3.9
795,1260485,3.9
795,1361451,3.9
795,1422166,4.0
795,1442431,3.3
795,120,3.9
795,1423093,2.9
795,1439804,1.4
795,1404722,4.6
795,1418350,3.2
795,1233575,4.7
795,1439514,2.3
795,1149167,1.9
795,1432480,2.7
796,270303,3.4
796,155,3.9
796,98,4.4
796,1438480,1.2
796,1435269,3.3
796,1443993,3.0
796,1400110,3.9
796,1433813,3.0
796,1421053,3.8
796,1400932,3.8
796,1433860,2.6
796,227159,2.6
796,262543,4.8
796,1126166,2.7
796,1433900,1.5
796,1432534,3.2
796,1195506,3.5
796,1130863,4.9
796,1418287,1.9
796,1425296,4.6
797,188222,2.4
797,98,4.3
797,1274751,2.8
797,1203524,1.2
797,1423295,1.7
797,1376834,2.0
797,1441746,2.9
797,1439514,2.6
797,1286663,2.6
797,1047884,2.6
797,823219,3.9
797,156022,4.5
797,1439614,1.7
797,1130863,2.3
797,1445713,2.7
797,155,2.6
797,227159,4.0
797,1436366,3.5
797,228967,4.5
797,1434009,4.8
798,1445302,3.5
798,1434672,2.7
798,1422166,2.0
798,1445721,1.7
798,1208803,2.8
798,823219,3.3
798,1446308,4.2
798,265208,1.1
798,1437603,2.1
798,1149463,2.9
798,1436269,4.9
798,550,3.7
798,1063873,3.3
798,1440776,3.2
798,1220028,3.6
798,1436703,4.4
798,1433719,2.0
798,1443238,4.7
798,1292367,1.4
798,1438502,1.6
799,1439804,4.0
799,1426343,4.5
799,1106560,3.9
799,1404172,2.2
799,1435053,1.3
799,1433872,2.9
799,1432101,3.9
799,156022,2.7
799,1441567,4.6
799,1432480,3.9
799,1438480,1.2
799,1432098,2.9
799,1428507,4.3
799,1417677,2.2
799,1433906,4.0
799,1165393,3.2
799,1438267,3.3
799,227159,4.6
799,1432795,4.0
799,1437920,3.3
800,1127674,4.5
800,1424352,2.3
800,1319629,1.3
800,1436450,2.4
800,1107215,1.3
800,1339790,3.2
800,1214894,4.1
800,1266809,1.6
800,1445721,4.3
800,1444425,1.5
800,1291321,1.6
800,1428262,3.8
800,1257409,2.8
800,1368096,4.7
800,1405338,2.3
800,1386047,1.8
800,1441966,4.4
800,1359893,2.5
800,1440828,1.1
800,1210938,3.9
801,361743,3.6
801,1319629,5.0
801,1442764,2.1
801,122917,4.5
801,1446308,1.3
801,1437446,1.2
801,1434009,4.5
801,823219,1.5
801,1437701,4.8
801,214756,1.1
801,1445832,1.7
801,1204967,4.9
801,205596,2.0
801,1418287,4.5
801,1438696,3.1
801,1442538,3.1
801,1442417,4.0
801,1433881,2.5
801,1210938,2.9
801,1433574,4.6
802,1444425,1.1
802,1421781,4.2
802,1446066,2.0
802,1443378,2.0
802,1167416,2.3
802,1406240,4.3
802,1442278,2.1
802,1428262,4.6
802,1433900,4.7
802,1430968,3.3
802,1445721,4.4
802,120,1.7
802,1436269,1.4
802,1446183,2.3
802,1119820,1.7
802,1439837,4.6
802,1225572,4.1
802,299537,3.0
802,1439890,2.3
802,1429460,4.4
803,1013850,4.5
803,1443470,2.0
803,1432098,2.4
803,1442322,3.9
803,1424217,3.4
803,1149167,3.1
803,1440083,4.0
803,1442689,4.5
803,426063,1.8
803,1429784,4.5
803,169917,4.6
803,1442278,5.0
803,1442299,2.6
803,1441966,2.8
803,1443378,2.8
803,1418350,4.9
803,1442141,3.6
803,1439254,1.2
803,1208803,1.8
803,777443,1.5
804,1301346,4.4
804,1127648,2.1
804,1445832,1.3
804,1446219,2.6
804,1018964,1.1
804,1428541,4.9
804,156022,3.1
804,227159,2.2
804,1442764,4.7
804,227159,1.4
804,1444332,2.1
804,680,3.6
804,1404722,3.6
804,177572,4.6
804,1444686,4.3
804,1432101,1.2
804,1442308,2.9
804,1442388,3.3
804,1436683,1.8
804,1013601,3.6
805,1424217,3.2
805,1442689,3.1
805,1433906,2.0
805,1438696,1.3
805,210577,4.4
805,926670,4.4
805,800367,2.9
805,1140535,3.6
805,777443,2.1
805,1235619,2.6
805,1440776,3.7
805,181533,3.6
805,260346,1.8
805,1421053,4.7
805,1440083,2.8
805,1444332,4.1
805,1359744,4.9
805,1292367,1.1
805,1380415,4.3
805,189,2.8
806,1439459,2.5
806,1444686,3.3
806,1440087,1.9
806,1433881,4.5
806,122917,1.8
806,147441,1.9
806,1393191,4.4
806,1445505,4.0
806,1433900,4.6
806,1390154,2.6
806,254904,3.1
806,1443470,2.8
806,1429788,1.4
806,1248276,4.0
806,120,3.8
806,1214069,1.9
806,205587,3.9
806,1406240,2.6
806,822119,2.9
806,1437515,4.2
807,1443002,1.2
807,1286773,1.9
807,1442200,4.5
807,1013601,2.0
807,1083968,1.5
807,1084199,1.9
807,1198288,3.5
807,1202479,4.2
807,299537,1.7
807,607141,1.7
807,1317096,2.0
807,1444744,3.9
807,205587,1.5
807,1356039,1.4
807,147441,3.2
807,1424352,2.3
807,1436621,2.5
807,1248276,3.9
807,1419826,5.0
807,241554,1.8
808,1356039,1.8
808,1425370,2.3
808,1013850,2.0
808,1436269,4.4
808,1445505,2.7
808,1446183,4.9
808,1432480,1.4
808,1443378,3.4
808,1418350,5.0
808,1436704,1.6
808,1167416,1.1
808,1446254,1.1
808,228967,1.7
808,1439509,2.9
808,1443470,3.8
808,438631,4.0
808,1423093,3.9
808,1353002,1.5
808,1425892,2.4
808,1047884,1.2
809,1202479,4.7
809,926670,1.5
809,1433860,3.1
809,1438217,2.8
809,1319629,3.6
809,1445832,3.0
809,1260485,1.3
809,1214069,3.7
809,1424103,1.2
809,1208803,1.4
809,898271,5.0
809,1424897,1.4
809,1436621,5.0
809,1328767,2.8
809,171274,2.0
809,1425373,3.0
809,1434414,1.8
809,1399896,3.5
809,1420899,3.6
809,1443907,3.9
810,1439254,1.1
810,696506,4.9
810,1013850,3.6
810,1275248,4.5
810,1444332,3.5
810,1421001,3.1
810,1437438,2.6
810,1440776,4.3
810,822119,3.0
810,1445505,4.5
810,155,4.3
810,1013601,3.0
810,1421781,2.6
810,475557,2.0
810,1433719,3.4
810,1404172,4.6
810,307081,1.3
810,1405338,2.7
810,1425360,1.6
810,1399893,3.4
811,1415669,4.7
811,1425892,1.6
811,1368096,3.5
811,1384565,1.3
811,550,4.9
811,1423299,4.7
811,27205,2.6
811,1434291,1.6
811,1429788,1.8
811,1339790,5.0
811,1433881,4.4
811,1225572,1.5
811,1436366,4.4
811,1271724,4.9
811,1437485,2.5
811,1294376,4.1
811,1433574,1.0
811,156022,1.6
811,1202479,2.5
811,1432098,1.8
812,850920,4.4
812,1433838,3.2
812,1325495,2.9
812,1445505,1.4
812,426063,4.6
812,1434291,4.3
812,1417181,4.8
812,1433831,4.8
812,603,4.1
812,155,3.7
812,1446174,4.0
812,1440906,2.1
812,1443378,4.4
812,1149463,1.0
812,1438480,2.2
812,1432368,2.1
812,1422471,2.6
812,1442431,2.6
812,1266809,2.2
812,1262495,3.4
813,188222,2.7
813,1442295,2.8
813,549509,3.0
813,1424565,4.5
813,244786,4.9
813,1315476,3.4
813,1216571,1.8
813,1443993,4.4
813,1328767,2.6
813,1204967,3.7
813,1443470,2.7
813,1386047,3.3
813,558449,3.2
813,1440144,2.8
813,1319629,2.9
813,1431328,3.3
813,1266809,3.9
813,1436684,1.5
813,1442308,1.7
813,1436703,4.9
814,1424565,1.2
814,1442278,2.4
814,189,1.0
814,262500,2.3
814,1440828,4.1
814,1433838,5.0
814,1439004,3.4
814,872585,3.7
814,1422235,1.5
814,1442689,1.3
814,1326693,1.3
814,1433908,2.9
814,1435766,4.9
814,1445721,3.9
814,278,4.6
814,1434009,5.0
814,228967,2.6
814,974576,1.9
814,1439526,1.2
814,1433881,1.7
815,120,2.0
815,361743,2.6
815,157336,3.7
815,1404722,4.6
815,1436269,4.7
815,1436684,2.0
815,1442278,4.7
815,1220028,3.7
815,122917,2.1
815,1440404,3.7
815,1442299,2.6
815,1266809,4.4
815,1306284,2.4
815,1438203,1.5
815,1257409,4.8
815,1445783,1.7
815,1445832,3.7
815,189,4.1
815,1437485,5.0
815,1384565,4.2
816,1433881,3.2
816,1428262,3.4
816,1421001,1.2
816,1437920,2.5
816,1402698,3.2
816,1260485,3.8
816,1144417,4.8
816,603,3.3
816,1149167,1.5
816,1140535,2.5
816,1433836,2.7
816,1389293,4.2
816,1434009,1.7
816,299536,4.6
816,1425366,1.0
816,1443247,4.1
816,1437438,1.9
816,707911,3.1
816,1241982,1.1
816,1428507,1.2
817,1436704,1.1
817,1411411,2.9
817,181533,3.2
817,1402698,3.8
817,1436366,4.6
817,1442538,1.8
817,1436269,3.6
817,1433862,3.4
817,1440811,3.1
817,1262495,2.9
817,1433836,4.4
817,1433811,2.9
817,1446317,2.8
817,1419826,4.3
817,1075456,3.6
817,1294174,4.7
817,1214130,2.1
817,1195506,5.0
817,1441567,4.8
817,1220028,3.7
818,68718,2.4
818,1294174,2.4
818,1439526,4.3
818,260346,2.9
818,1433836,1.4
818,926670,2.6
818,1445783,4.0
818,1443387,1.8
818,799766,3.3
818,1435053,3.3
818,1106560,2.8
818,1418780,1.2
818,1437446,3.9
818,1432534,4.6
818,762509,4.4
818,777443,2.7
818,157336,4.4
818,1389293,2.8
818,1127674,2.2
818,1376834,4.7
819,1339790,1.1
819,87101,1.2
819,171274,2.1
819,1424897,2.6
819,1417677,3.7
819,1353002,5.0
819,1266809,4.2
819,1357797,3.2
819,1442322,1.3
819,675776,1.3
819,1436684,2.2
819,1286663,1.6
819,1393191,4.3
819,1376834,4.7
819,1392821,3.7
819,1432101,4.4
819,1440776,3.7
819,1444744,1.6
819,1399893,3.6
819,1440639,4.5
820,1441967,1.9
820,1013601,1.1
820,603,4.3
820,244786,4.1
820,1083968,1.5
820,777443,4.7
820,1325495,4.1
820,361743,3.4
820,1432534,3.9
820,1442316,4.9
820,1149167,3.6
820,1235619,4.9
820,131631,1.1
820,1399893,4.5
820,970947,4.4
820,1422166,3.1
820,1433838,1.3
820,1412392,3.9
820,1404722,2.5
820,270303,2.0
821,154400,2.2
821,1429788,3.3
821,1445168,3.7
821,1436456,4.3
821,1445721,1.3
821,38,1.1
821,1399686,1.7
821,1204967,2.8
821,1436704,3.9
821,1378734,1.4
821,1214894,2.0
821,1442915,4.3
821,1436450,2.8
821,1231695,4.7
821,558449,2.4
821,156022,3.5
821,1428541,3.7
821,1421001,2.6
821,68718,4.8
821,1443002,4.8
822,1444686,1.7
822,1422166,4.4
822,1438203,1.2
822,1437485,2.8
822,1445783,2.9
822,1064213,5.0
822,147441,2.0
822,1433838,3.9
822,1353117,2.0
822,1013850,3.2
822,1436703,3.7
822,1435766,3.8
822,1428780,1.5
822,287424,2.2
822,822119,3.0
822,475557,1.4
822,270303,2.2
822,1420492,1.0
822,1292367,1.3
822,1000085,2.8
823,1429788,2.1
823,1018964,1.4
823,1422072,2.9
823,777443,2.4
823,1423295,3.4
823,1438069,2.6
823,1431744,3.7
823,1446174,3.2
823,177572,1.6
823,1441966,4.0
823,299536,2.5
823,1422081,2.0
823,1440087,1.6
823,1260485,2.2
823,1322218,1.2
823,1442388,2.9
823,1330596,2.1
823,1427653,1.7
823,1357797,1.3
823,1433881,4.0
824,927342,3.4
824,1378734,4.3
824,1167416,2.4
824,1438480,4.7
824,1317920,2.0
824,1432368,3.9
824,1301346,4.0
824,823219,2.6
824,1126166,2.1
824,1443993,2.8
824,675776,1.4
824,950396,2.3
824,1220028,4.1
824,1440828,3.8
824,1446183,2.8
824,661539,2.2
824,1425360,1.4
824,777443,4.2
824,1421781,1.3
824,1426337,4.3
825,1418780,4.6
825,1291321,1.1
825,98,3.3
825,1433719,2.5
825,1446066,3.9
825,1445302,3.5
825,1442278,2.3
825,1445721,1.6
825,1443387,2.5
825,1418350,2.4
825,1405338,2.2
825,1317920,1.3
825,1436684,4.4
825,1130863,1.4
825,1182088,2.7
825,1208803,4.9
825,1368096,4.6
825,1441746,4.1
825,1441712,4.9
825,1043808,3.8
826,1214069,4.2
826,1359744,3.1
826,1441712,2.5
826,1326693,3.9
826,1443695,2.6
826,1442308,3.3
826,872585,2.1
826,205587,2.9
826,1432534,3.7
826,1443247,3.7
826,260346,2.1
826,1411411,2.8
826,1204967,1.3
826,1433860,4.7
826,1225572,2.7
826,1419826,2.6
826,1420899,4.8
826,1275245,3.5
826,270303,3.1
826,1445302,1.4
827,850920,2.7
827,1442918,4.1
827,1429784,3.0
827,1378051,4.5
827,1178556,4.1
827,1443663,2.3
827,823219,3.4
827,1441712,3.2
827,1353002,1.2
827,1440087,3.4
827,1442388,3.0
827,1439459,3.3
827,1443247,3.3
827,1436815,2.2
827,1359893,4.9
827,1433900,3.2
827,1432480,2.4
827,103,1.7
827,939243,2.5
827,270303,2.8
828,1443247,3.3
828,1445783,3.4
828,1425892,3.2
828,1353117,1.9
828,1216571,3.8
828,1442295,4.7
828,1400932,4.3
828,447273,5.0
828,1436703,3.6
828,1446174,1.6
828,1214894,3.5
828,1442438,3.4
828,1361451,3.5
828,1275245,4.6
828,1422235,3.8
828,1442316,4.0
828,1439890,1.2
828,475557,3.1
828,1425829,4.2
828,1422081,3.4
829,1418112,1.8
829,1433811,2.0
829,169917,2.2
829,970947,1.5
829,1411411,1.3
829,1437603,2.0
829,98,2.6
829,181533,3.7
829,1375762,4.7
829,1184918,5.0
829,147441,4.2
829,1210938,1.1
829,1438696,4.5
829,1433802,4.1
829,1444331,2.6
829,1420899,4.7
829,1437920,1.3
829,1438069,3.9
829,1429784,4.2
829,414906,4.3
830,1433860,1.5
830,1438069,1.1
830,278,4.3
830,1442200,4.9
830,1411411,1.2
830,1047884,1.3
830,1443907,1.7
830,1260485,1.7
830,87101,2.7
830,1440906,3.2
830,1425296,1.4
830,1436366,1.1
830,1324389,3.7
830,1443378,3.1
830,120,1.4
830,1440776,4.4
830,154400,2.8
830,898271,4.3
830,661539,4.5
830,1214130,2.5
831,950396,3.3
831,1384565,3.6
831,1438203,1.6
831,1438069,5.0
831,898271,2.8
831,1442316,1.3
831,680,1.9
831,103,3.4
831,1378734,2.4
831,1301346,1.1
831,1013850,1.3
831,1292367,1.8
831,1439890,2.0
831,1433574,4.8
831,1371370,1.8
831,210577,1.7
831,1405338,4.3
831,1438217,1.9
831,1144417,4.8
831,1433860,4.5
832,1415669,1.1
832,254904,4.7
832,1084199,1.0
832,122917,4.0
832,1315476,3.1
832,516729,3.2
832,299536,1.6
832,1436684,4.1
832,1430968,4.9
832,1428541,4.5
832,661539,2.0
832,1328767,3.2
832,777443,2.0
832,1359893,3.6
832,1438502,4.5
832,1445505,4.6
832,1433862,1.3
832,1325495,1.5
832,1436621,1.0
832,1322218,4.0
833,1437237,1.0
833,1433906,2.7
833,1292367,2.0
833,1443480,3.7
833,974576,3.6
833,181533,4.0
833,1442388,2.0
833,1317920,2.1
833,1445832,1.1
833,1262495,3.1
833,1380415,1.2
833,1434672,4.7
833,1439804,2.7
833,1429784,1.5
833,1422081,1.1
833,1436683,1.3
833,1436621,4.4
833,98566,4.5
833,1443387,3.6
833,1075456,2.4
834,1425829,2.5
834,1417181,2.1
834,1433802,1.1
834,1357797,3.4
834,1438217,2.0
834,1064213,3.5
834,1432534,4.9
834,1437438,3.9
834,1353002,3.5
834,1439254,2.5
834,1433860,2.5
834,1326693,2.6
834,1424103,2.5
834,1248276,4.1
834,1437485,3.5
834,1438546,4.7
834,1443663,3.8
834,1444744,1.5
834,1440906,4.4
834,1000085,4.7
835,1386047,1.2
835,260346,2.5
835,1404172,4.5
835,1378051,3.9
835,1202479,3.2
835,1426343,4.2
835,1106560,3.0
835,1297763,4.7
835,1425892,1.8
835,1368096,2.2
835,1436683,3.3
835,1435269,1.7
835,1433719,3.9
835,214756,3.0
835,1130863,2.6
835,950396,4.2
835,1198288,4.2
835,1433862,1.6
835,1442316,4.4
835,823219,4.2
836,1432534,4.1
836,1412392,4.3
836,1444744,3.5
836,1275245,4.8
836,103,4.1
836,1441966,3.2
836,1013482,3.8
836,1442141,3.1
836,1241982,4.9
836,1439004,2.3
836,1107215,3.9
836,1202479,3.4
836,1425366,2.2
836,262500,4.6
836,1425892,4.1
836,299536,4.1
836,1443387,5.0
836,1442915,2.8
836,1428541,2.4
836,1380415,4.6
837,1340727,2.0
837,898271,3.5
837,1426343,2.5
837,475557,2.5
837,1442278,2.8
837,1425370,3.5
837,1235619,4.2
837,1225572,1.0
837,1047884,1.6
837,1439890,2.8
837,1003504,4.4
837,1433872,3.3
837,1439526,1.7
837,1442689,3.5
837,1438069,1.9
837,1266809,2.0
837,1425296,2.1
837,1426337,2.6
837,1418287,1.6
837,1441746,1.5
838,1435269,1.5
838,1119820,4.0
838,1380415,1.6
838,1312157,2.2
838,1442764,4.7
838,1439837,4.2
838,1443487,3.9
838,1208803,2.5
838,1262495,1.5
838,1419826,2.4
838,1433836,4.5
838,278,4.5
838,1442386,1.6
838,1412392,1.4
838,1235619,3.6
838,1440087,2.0
838,1399896,4.8
838,607141,3.6
838,1439254,4.2
838,1220028,2.0
839,265208,1.3
839,939243,1.2
839,1436703,3.7
839,1435766,4.0
839,1442322,1.2
839,1425829,1.4
839,1439526,1.2
839,1235619,2.0
839,1427653,2.7
839,1214069,2.6
839,1165393,3.6
839,1445721,4.7
839,1106739,2.8
839,98,1.9
839,1306707,4.2
839,1422072,4.0
839,438631,2.7
839,1271724,1.0
839,1013601,2.5
839,1439614,2.4
840,1445505,4.0
840,1433908,5.0
840,120,2.3
840,1441966,4.2
840,1356039,1.9
840,227159,3.4
840,1233575,2.7
840,1439004,2.7
840,1441712,4.0
840,926670,1.3
840,1422166,3.7
840,1433872,1.3
840,1436703,3.5
840,1424897,4.1
840,1167416,3.4
840,194662,3.0
840,603,4.1
840,1204967,1.4
840,1432795,3.2
840,1391463,2.6
841,1157270,2.2
841,1424565,1.8
841,1389293,2.0
841,707911,2.3
841,696506,2.4
841,1400932,3.2
841,1417181,4.4
841,1441712,1.3
841,1047884,4.4
841,1445179,4.8
841,607141,2.7
841,1433881,3.0
841,1444686,3.4
841,1442200,1.4
841,1339790,2.7
841,1446183,1.9
841,1440404,4.6
841,1291321,2.9
841,1443247,3.9
841,1274751,1.9
842,1445302,3.8
842,1445179,2.6
842,1443002,2.8
842,1356039,4.6
842,1368096,3.1
842,1444686,3.3
842,122917,2.4
842,1421781,4.6
842,1294174,2.1
842,1434414,4.3
842,1431328,2.4
842,1440811,1.5
842,1436621,2.3
842,1433813,2.9
842,1435275,3.2
842,1399896,3.9
842,1437515,4.4
842,926670,4.7
842,1443551,3.3
842,1422081,1.3
843,1255192,2.5
843,777443,3.3
843,1075456,1.2
843,1445302,4.4
843,1437515,3.4
843,262543,4.6
843,1404172,3.9
843,299536,1.7
843,361743,4.1
843,1445168,4.0
843,1375762,1.3
843,1391463,4.4
843,205587,4.1
843,1437979,2.6
843,927342,1.5
843,1436621,5.0
843,1417677,3.4
843,241554,3.0
843,287424,2.8
843,974576,2.7
844,1043808,2.1
844,287424,3.3
844,1294174,4.7
844,1390154,3.7
844,1445721,2.6
844,1440828,3.5
844,189,4.3
844,1439459,3.4
844,27205,1.0
844,1322218,4.5
844,1339790,4.5
844,1271724,3.4
844,1214130,4.7
844,1418780,4.0
844,1422072,3.1
844,1432534,4.5
844,270303,4.3
844,1326693,2.2
844,1428780,4.5
844,1291321,4.6
845,1084199,4.6
845,1440776,2.4
845,1437979,2.3
845,1214894,4.0
845,1424565,2.9
845,1274751,2.3
845,1257409,4.5
845,1439514,4.9
845,603,1.4
845,1432534,2.6
845,1144417,4.4
845,1437438,1.6
845,1445505,3.0
845,1437446,3.2
845,1436450,4.6
845,1439459,1.5
845,1399896,3.5
845,1443695,4.9
845,872585,1.8
845,1425829,2.0
846,1442322,2.3
846,1444253,1.7
846,278,1.2
846,1444425,1.2
846,1442918,4.3
846,1436703,1.6
846,1442915,4.2
846,1203524,3.6
846,426063,4.4
846,299537,3.0
846,1144417,2.6
846,1445302,3.1
846,1083968,4.7
846,475557,1.7
846,1433836,4.1
846,1443663,3.9
846,1432795,1.8
846,696506,1.7
846,1420899,1.4
846,1214130,4.2
847,447273,4.9
847,1127648,1.5
847,1439004,3.6
847,1446219,3.9
847,189,5.0
847,850920,2.5
847,1415669,3.9
847,933260,2.0
847,244786,3.0
847,87101,4.4
847,1357797,1.4
847,1422235,3.2
847,171274,3.8
847,1443480,1.4
847,241554,3.6
847,1340727,3.4
847,1424103,1.8
847,1446308,3.7
847,1322218,3.2
847,1424352,2.2
848,1424565,2.4
848,1428541,4.2
848,1442141,3.1
848,927342,1.9
848,1216662,4.8
848,1434812,1.2
848,1443695,1.3
848,1420899,2.3
848,1418780,2.0
848,1427653,2.7
848,1214130,3.9
848,1214894,3.4
848,1202479,4.6
848,1436458,2.9
848,1440906,2.6
848,1432795,4.7
848,1435057,2.9
848,1429784,2.4
848,1357797,2.6
848,1433574,2.4
849,1271724,4.7
849,1417677,3.7
849,1433574,2.5
849,1442322,2.8
849,1433881,2.9
849,1439804,3.3
849,1442141,3.2
849,1405338,4.9
849,1312157,3.9
849,1434291,3.8
849,926670,3.8
849,1442764,4.7
849,1435269,3.5
849,1255192,1.1
849,1043808,1.8
849,1274751,4.6
849,1440828,4.6
849,1432101,1.9
849,1443993,3.8
849,799766,3.7
850,1446219,4.9
850,1429788,2.8
850,1138194,3.3
850,933260,4.3
850,1446183,3.9
850,189,3.8
850,262543,4.1
850,1416501,1.6
850,1400932,2.1
850,27205,4.8
850,1433872,2.9
850,1330596,3.9
850,1404722,3.0
850,1214069,4.1
850,207933,3.0
850,205596,1.3
850,1018964,1.9
850,1107215,1.4
850,1437438,1.5
850,1433802,2.5
851,1445179,3.8
851,680,3.1
851,1275248,2.0
851,1353117,2.8
851,1425296,4.7
851,1214069,4.1
851,98566,4.1
851,1432534,4.0
851,974576,1.6
851,1444744,1.8
851,1231695,2.2
851,1429784,4.5
851,1440811,1.1
851,1433831,4.6
851,1440144,4.7
851,1127648,3.0
851,1438696,1.7
851,1445505,1.9
851,1436703,3.5
851,1431328,4.0
852,1438546,4.9
852,1255192,3.4
852,1415669,3.0
852,194662,2.1
852,1440639,1.2
852,1437515,1.5
852,1428541,1.0
852,1429784,3.9
852,270303,1.8
852,214756,2.6
852,1445783,2.6
852,1444253,2.5
852,361743,4.5
852,1000881,2.4
852,1149167,2.4
852,1434009,1.7
852,38,3.7
852,1445505,4.5
852,1443695,1.6
852,1340727,3.6
853,262543,3.2
853,1419826,4.0
853,154400,1.2
853,131631,2.3
853,1340727,3.2
853,1182088,2.0
853,516729,2.0
853,1442431,3.4
853,1378734,2.3
853,1433802,3.6
853,1248276,2.7
853,1425296,3.6
853,169917,2.3
853,1266809,2.1
853,1399893,3.9
853,1359744,2.8
853,1428541,2.3
853,799766,2.8
853,1445713,1.6
853,1425360,1.1
854,1418287,4.9
854,1428262,4.1
854,1434291,2.8
854,1064213,2.3
854,1357797,4.1
854,1339790,4.0
854,24428,4.9
854,799766,4.2
854,205587,4.9
854,1443238,2.0
854,1422081,1.4
854,1442299,2.0
854,1144417,2.6
854,1435766,4.7
854,872585,3.3
854,1306707,3.6
854,1434672,1.8
854,1216571,2.3
854,1391463,1.1
854,950396,2.4
855,1415669,2.9
855,1433908,5.0
855,1233575,3.2
855,475557,3.5
855,1444686,2.1
855,278,5.0
855,1432368,2.6
855,1216571,1.9
855,1440776,4.9
855,1043808,2.6
855,1266809,4.3
855,1443470,1.6
855,696506,3.8
855,1399896,3.2
855,238,2.4
855,1437237,2.6
855,1319629,4.1
855,1294174,4.5
855,1444425,1.7
855,1435057,1.0
856,1422166,4.1
856,262500,2.8
856,1443470,2.4
856,1442295,3.6
856,603,4.9
856,1214069,1.5
856,1340727,2.0
856,1130863,3.8
856,1445783,4.7
856,1444332,1.6
856,1429784,1.4
856,1429460,2.9
856,1441712,4.2
856,1432795,1.6
856,100042,4.7
856,131631,3.4
856,1435275,4.0
856,1420899,4.2
856,1446219,2.2
856,1064213,3.3
857,1437515,4.4
857,1420492,2.4
857,1319629,1.4
857,1013850,1.4
857,1441967,4.0
857,1433719,2.4
857,1441840,1.2
857,278,3.5
857,1235619,2.8
857,1437603,2.2
857,822119,4.3
857,1437438,3.6
857,265208,1.5
857,1429788,4.9
857,1443663,2.5
857,1119820,2.6
857,262500,3.9
857,1127648,1.7
857,1406240,2.1
857,1294376,1.4
858,1439526,4.5
858,1297763,2.1
858,1149167,1.4
858,1438069,4.6
858,1444331,1.6
858,1425892,1.8
858,1430968,4.2
858,1433802,1.7
858,120,1.5
858,1328767,2.1
858,1422166,4.9
858,1375762,4.5
858,939243,1.7
858,147441,4.3
858,1441567,2.5
858,1286663,2.2
858,1433860,3.4
858,1140535,4.4
858,87101,4.3
858,1198288,2.1
859,1440639,3.2
859,1013850,1.3
859,1442386,4.6
859,122,1.1
859,227159,1.9
859,1216662,2.9
859,1291321,2.7
859,1433836,1.5
859,131631,4.6
859,1436366,1.9
859,1400110,3.1
859,1432534,2.3
859,707911,2.2
859,1433719,1.0
859,1429460,1.3
859,1442200,4.3
859,1433860,3.5
859,1443907,1.5
859,1439033,1.1
859,898271,4.9
860,1198288,3.0
860,1433881,1.8
860,171274,3.5
860,189,4.5
860,98566,3.5
860,270303,2.6
860,1426337,4.3
860,1297763,4.8
860,1446066,2.7
860,1275245,2.4
860,1438203,2.9
860,1436621,3.6
860,1013601,4.8
860,1432534,1.4
860,262500,1.2
860,1405338,3.4
860,1424217,2.5
860,1438217,2.4
860,1439514,3.9
860,1353117,4.6
861,1445179,3.0
861,926670,3.1
861,1423093,3.3
861,1184918,2.4
861,1000881,4.0
861,1319629,3.9
861,1405338,2.9
861,1446219,2.8
861,1445721,4.2
861,1433838,2.1
861,1326693,3.3
861,1440404,3.3
861,1444686,4.7
861,1443470,4.3
861,550,1.7
861,872585,1.5
861,1235619,3.5
861,1203524,1.1
861,1425373,4.5
861,1439614,5.0
862,1325495,3.0
862,1371370,4.1
862,1439890,2.3
862,1425829,2.7
862,262500,2.5
862,169917,2.0
862,1446219,2.8
862,1436683,2.7
862,1220028,3.3
862,1444253,2.5
862,1442431,4.2
862,1436815,3.4
862,1400932,2.0
862,24428,2.4
862,1445713,3.5
862,1432795,3.2
862,1294376,1.8
862,1425296,4.7
862,1437515,2.2
862,1416501,1.9
863,154400,1.4
863,1195506,2.0
863,1435269,1.7
863,1440144,2.1
863,1432534,2.9
863,1426343,4.7
863,1433881,3.3
863,228150,1.1
863,970947,3.0
863,169917,2.3
863,1438208,2.8
863,1434812,2.9
863,1443002,2.6
863,188222,3.6
863,1182088,3.0
863,1434414,3.2
863,1444686,4.6
863,1425373,2.7
863,1435053,2.2
863,1439033,1.4
864,1425366,3.2
864,680,3.9
864,270303,3.5
864,1422166,3.8
864,1442316,2.6
864,1433872,2.5
864,1423299,2.1
864,1436815,3.1
864,1404172,1.9
864,1418287,2.7
864,1443551,4.3
864,1400110,4.5
864,1317096,3.4
864,1322218,4.0
864,1445179,3.9
864,1433802,2.1
864,1444332,2.0
864,1446219,2.2
864,307081,4.5
864,1434812,3.2
865,1399686,2.3
865,131631,2.4
865,1445783,3.8
865,1400110,4.4
865,1442538,2.3
865,147441,2.0
865,1443238,4.4
865,1198288,3.8
865,475557,4.2
865,1437603,1.6
865,1294376,1.8
865,1446254,4.5
865,1274751,2.5
865,426063,2.5
865,1255192,1.0
865,1438696,1.7
865,1437979,1.5
865,254904,2.2
865,1260485,4.0
865,1326693,1.7
866,214756,2.5
866,414906,1.9
866,1443378,3.4
866,1000085,2.5
866,1433838,2.9
866,1416501,4.5
866,1442538,3.9
866,1438069,2.6
866,1439509,1.2
866,1445721,1.1
866,177572,3.1
866,1248276,3.6
866,1443907,1.8
866,1433906,4.5
866,131631,2.2
866,1257409,1.4
866,1328767,2.4
866,227159,2.6
866,1433860,4.9
866,675776,2.4
867,1437446,4.0
867,147441,1.1
867,1442141,4.2
867,171274,3.1
867,1442417,2.2
867,898271,2.9
867,1404172,1.5
867,154400,4.3
867,1443663,2.6
867,607141,2.1
867,228967,2.2
867,1444331,3.4
867,194662,4.0
867,1431328,4.6
867,1439459,4.0
867,1359744,4.0
867,1445505,3.7
867,1380415,3.4
867,1442538,4.6
867,1271724,3.4
868,87101,3.9
868,1433862,3.8
868,1436704,5.0
868,194662,4.9
868,1208803,4.4
868,1077281,2.0
868,122,3.4
868,1269298,4.9
868,238,3.5
868,1286663,3.3
868,1404722,3.6
868,1438203,1.6
868,1445832,1.1
868,1356039,2.5
868,1442388,1.5
868,1433811,4.9
868,1443993,2.0
868,1442438,3.1
868,603,4.5
868,1326693,2.9
869,1445783,4.1
869,1441712,1.1
869,1443551,4.9
869,1432534,2.2
869,1433811,1.1
869,1356039,3.0
869,1439890,4.6
869,1353117,5.0
869,1399893,1.2
869,1420899,3.6
869,287424,1.8
869,1417677,1.1
869,1431744,1.1
869,1439526,1.1
869,1439459,2.0
869,147441,4.8
869,227159,3.2
869,1433802,3.7
869,1441966,2.4
869,1326693,2.5
870,1378734,3.5
870,1446254,4.2
870,1443487,2.7
870,1425296,1.8
870,1429788,1.6
870,1443907,1.8
870,1424897,1.6
870,1434672,3.7
870,1178556,1.1
870,1446308,2.3
870,1144417,2.5
870,1436269,2.3
870,1130863,2.8
870,1422081,1.2
870,1440828,2.7
870,1436815,5.0
870,1426343,2.4
870,1416501,3.0
870,1286663,3.9
870,1384565,3.2
871,1312157,4.6
871,1425373,5.0
871,1418350,1.4
871,214756,3.7
871,1084199,1.6
871,1399893,4.7
871,1235619,4.9
871,1325495,2.6
871,147441,4.9
871,1426343,1.8
871,1436704,3.2
871,1443695,4.7
871,1434812,4.7
871,254904,2.4
871,1359744,2.2
871,1440144,2.2
871,1271724,1.7
871,1438546,4.7
871,1378734,3.5
871,1357797,3.5
872,122,3.2
872,1436683,4.5
872,1445783,4.2
872,1441746,2.5
872,1433881,4.5
872,1442417,2.6
872,898271,3.0
872,1340727,1.5
872,1418350,3.8
872,1399686,1.8
872,87101,1.4
872,1378734,3.1
872,1271724,1.7
872,1392821,1.9
872,1442316,4.6
872,1422166,4.7
872,1306707,4.5
872,1013850,4.9
872,1420492,3.5
872,1445783,4.2
873,1424897,1.6
873,1233575,4.4
873,1428262,3.6
873,1429788,1.3
873,1400110,3.7
873,1441712,3.4
873,1442438,3.9
873,1437438,1.5
873,98566,1.8
873,1178556,4.3
873,1439514,1.9
873,1425360,3.1
873,1433836,3.9
873,1378051,4.7
873,270303,1.1
873,1436269,2.9
873,1433719,1.8
873,680,3.5
873,1411411,4.7
873,1266809,3.4
874,1440906,2.6
874,1423299,2.6
874,1306707,3.1
874,1436684,3.4
874,1322218,2.0
874,1119820,2.7
874,1417677,2.6
874,1422166,3.0
874,1412392,2.8
874,244786,1.1
874,1138194,4.1
874,1424217,2.6
874,1439459,4.6
874,1255192,1.4
874,1418780,3.5
874,189,1.3
874,1445783,1.7
874,1437485,2.4
874,1420899,1.4
874,1421053,1.3
875,1291321,3.9
875,1438267,2.7
875,1440828,2.4
875,1368096,2.4
875,1325495,1.4
875,1433908,2.9
875,307081,4.2
875,177572,4.3
875,1436456,1.9
875,299536,4.7
875,1165393,4.5
875,1443695,3.9
875,1353117,1.7
875,1269298,2.5
875,1427653,1.1
875,131631,4.1
875,1442431,3.7
875,1013601,1.2
875,1426337,3.9
875,1433838,3.7
876,1216662,1.3
876,1436450,3.1
876,1271724,4.3
876,1275245,2.5
876,214756,4.3
876,1404722,1.8
876,1214069,4.7
876,1443247,3.9
876,1446317,3.0
876,1378051,1.3
876,1203524,3.8
876,1439254,4.1
876,1418287,2.0
876,1441967,1.6
876,1127674,1.3
876,1442915,2.0
876,1084199,2.4
876,1063873,3.7
876,1445505,3.6
876,1294376,4.0
877,307081,3.1
877,1439614,3.7
877,205596,3.5
877,1442431,4.6
877,1106739,1.1
877,1165393,3.0
877,361743,2.7
877,1420492,4.2
877,1446308,3.6
877,24428,1.6
877,1424565,3.6
877,1220028,3.0
877,1107215,2.5
877,1425360,4.3
877,1429460,1.5
877,1426343,1.3
877,1434291,2.6
877,1231695,2.4
877,1315476,2.8
877,1433719,4.1
878,87101,3.0
878,1439837,4.7
878,1171153,3.6
878,707911,3.4
878,898271,4.4
878,1127648,3.5
878,1422471,1.6
878,1428262,3.5
878,1428507,2.9
878,131631,1.4
878,1433872,4.6
878,1420492,5.0
878,927342,3.7
878,1411411,1.2
878,823219,1.5
878,1437979,4.7
878,1400110,4.9
878,1426343,3.3
878,1157270,4.5
878,661539,1.8
879,1440087,2.8
879,1440144,2.1
879,1328767,1.7
879,1301346,4.7
879,1440828,3.2
879,1427653,1.8
879,1437701,1.4
879,1443993,1.2
879,1339790,4.9
879,1432795,3.6
879,270303,4.0
879,777443,1.1
879,550,2.3
879,1422072,1.7
879,1375762,3.0
879,1428541,1.4
879,1325495,3.2
879,1216662,4.2
879,1442431,4.4
879,1442278,3.4
880,1149167,3.8
880,1422072,3.9
880,171274,3.1
880,1018964,3.9
880,1438546,1.9
880,1271724,1.1
880,800367,2.7
880,414906,4.8
880,1436269,1.0
880,156022,1.1
880,1423295,2.7
880,1225572,1.7
880,1439526,3.3
880,1312157,3.8
880,1402698,4.1
880,1084199,4.6
880,1127674,4.6
880,1445302,3.9
880,1438069,2.8
880,1353002,4.0
881,1063873,2.5
881,850920,3.5
881,1421053,2.9
881,1429788,2.4
881,426063,3.5
881,1391463,1.8
881,210577,4.2
881,1043808,1.1
881,1353002,1.9
881,1445179,2.7
881,1437446,1.1
881,1198288,3.1
881,254904,4.0
881,1371370,3.7
881,1378734,3.2
881,100042,2.4
881,1417181,2.1
881,1437485,1.1
881,188222,1.9
881,1400932,2.0
882,1446254,3.5
882,1442200,3.7
882,1371370,4.8
882,1429460,2.8
882,1075456,4.4
882,214756,2.9
882,299537,1.4
882,1439514,4.0
882,1445832,4.2
882,1361451,4.3
882,1400110,3.7
882,1422166,4.8
882,1443993,1.9
882,1418287,3.3
882,1416501,4.7
882,1442538,4.9
882,227159,3.9
882,1417677,2.0
882,1439509,1.4
882,1436621,4.8
883,1432368,4.7
883,1340727,1.4
883,27205,3.0
883,1438203,1.9
883,1437446,4.7
883,1433574,3.9
883,1182088,1.6
883,1436269,4.4
883,1438267,1.2
883,1325495,3.8
883,87101,4.7
883,1437979,5.0
883,1421001,4.2
883,156022,3.1
883,1438208,1.4
883,87101,3.0
883,1442322,2.4
883,939243,1.6
883,1434812,3.2
883,1378734,2.1
884,1434414,4.7
884,1433719,4.9
884,1422471,4.6
884,1420899,1.6
884,1436458,1.3
884,1436683,1.8
884,1440811,3.1
884,1442915,1.8
884,1428541,1.6
884,1419826,2.4
884,1433860,3.7
884,1440087,3.8
884,169917,2.3
884,1424103,1.1
884,122,2.0
884,1294376,1.8
884,1260485,4.4
884,189,2.5
884,1306707,4.6
884,1429460,2.3
885,1436458,3.9
885,799766,4.4
885,1013850,3.9
885,1294174,2.0
885,1436703,4.4
885,1275248,2.1
885,1425373,4.0
885,1442915,3.6
885,68718,1.1
885,1423295,1.4
885,1378051,4.2
885,1432534,1.2
885,1429788,4.6
885,1445783,2.4
885,1422166,4.4
885,1445721,4.3
885,1003504,1.7
885,1340727,1.8
885,1356039,4.1
885,1216571,2.7
886,1433719,5.0
886,181533,2.8
886,1444331,2.7
886,950396,3.2
886,131631,1.2
886,1000881,1.5
886,157336,3.1
886,177572,2.1
886,1443907,4.5
886,1445302,3.8
886,607141,3.0
886,1425370,4.5
886,1436366,1.2
886,1443387,3.1
886,24428,4.6
886,1424217,2.6
886,1427653,3.1
886,1390154,4.9
886,1075456,3.2
886,1262495,1.1
887,1378734,3.7
887,926670,1.6
887,1043808,3.5
887,1444332,4.3
887,1439804,3.1
887,1445505,2.2
887,1428507,1.3
887,1271724,2.4
887,1436703,4.2
887,1436621,2.6
887,27205,4.2
887,1429788,1.2
887,1442438,3.0
887,1446183,3.3
887,98566,3.4
887,1439514,1.3
887,260346,4.9
887,1400932,4.8
887,1428780,2.4
887,475557,2.5
888,1182088,3.9
888,1140535,1.2
888,361743,1.7
888,1422166,3.2
888,1434291,3.0
888,1406240,5.0
888,1375762,3.4
888,98566,1.2
888,799766,1.1
888,1433900,2.4
888,1378734,3.3
888,1018964,2.6
888,1106560,2.4
888,1225572,4.2
888,1443247,4.6
888,1434414,4.2
888,1440639,3.0
888,1444331,2.6
888,1443993,1.6
888,516729,3.9
889,1442915,5.0
889,1325495,1.4
889,1424103,2.2
889,1317096,3.8
889,1422166,3.9
889,1047884,2.8
889,1440083,1.6
889,1440828,4.1
889,1433836,1.3
889,1013850,1.9
889,1440144,2.6
889,1433872,4.6
889,1368096,1.2
889,696506,3.7
889,1431744,4.8
889,1165393,2.2
889,1436621,4.2
889,1433900,2.7
889,1324389,2.6
889,1439254,3.7
890,1013482,4.8
890,194662,3.2
890,1439004,4.5
890,1271724,4.7
890,1326693,3.7
890,1380415,5.0
890,607141,2.3
890,974576,3.1
890,241554,1.0
890,227159,1.7
890,1445713,3.7
890,1429788,1.7
890,1317096,2.6
890,1119820,3.2
890,1439614,3.1
890,1422081,1.5
890,1047884,2.6
890,777443,4.3
890,1441966,2.6
890,1422072,4.1
891,1436703,4.4
891,1353002,2.6
891,1208803,4.7
891,1438546,3.3
891,207933,1.5
891,122917,2.1
891,1442689,3.5
891,1441746,3.8
891,1436456,2.4
891,1312157,2.5
891,1422471,3.8
891,1425373,1.1
891,1420899,2.1
891,1437438,1.1
891,1317096,3.6
891,1443993,4.2
891,1424217,3.5
891,1418112,3.5
891,299536,1.2
891,1384565,3.2
892,1178556,3.7
892,1184918,1.1
892,207933,1.8
892,227159,1.3
892,1446219,3.3
892,475557,2.8
892,1434291,1.7
892,1297763,2.5
892,1312157,2.8
892,1324389,3.1
892,194662,4.9
892,1436704,1.9
892,1075456,4.7
892,1436621,1.4
892,1214069,3.5
892,1441712,3.5
892,1198288,2.2
892,1433862,2.5
892,1106739,2.0
892,1325495,1.2
893,1426343,4.6
893,214756,2.1
893,1436684,2.7
893,171274,1.9
893,1083968,4.5
893,1266809,4.7
893,228967,4.8
893,1126166,1.8
893,1399896,3.6
893,1435057,1.8
893,1443378,1.0
893,299536,1.4
893,1393191,5.0
893,1435275,4.9
893,265208,1.3
893,1418780,3.7
893,87101,4.6
893,1434414,2.5
893,1437446,4.7
893,414906,1.9
894,27205,2.5
894,1411411,3.5
894,98,4.9
894,800367,1.2
894,1306284,2.4
894,680,4.7
894,154400,1.2
894,1353117,4.0
894,1443002,4.5
894,516729,1.9
894,1184918,3.6
894,1043808,3.5
894,1437979,4.6
894,1440811,2.9
894,1165393,2.0
894,1018964,3.7
894,1325495,3.6
894,1297763,1.2
894,1436450,4.1
894,1416501,1.6
895,1422072,4.0
895,1149463,3.1
895,1202479,1.6
895,1425366,4.8
895,1442322,4.6
895,974576,4.3
895,1386047,4.5
895,1442141,4.4
895,1442689,1.0
895,1439254,2.0
895,823219,4.1
895,1438208,4.6
895,68718,3.2
895,1434291,3.0
895,475557,4.8
895,1421001,2.3
895,1210938,1.4
895,1013850,3.0
895,1418287,2.0
895,1368096,4.1
896,1306707,2.8
896,1418112,3.4
896,205596,4.1
896,1216571,2.6
896,287424,3.3
896,1444331,1.8
896,1204967,4.0
896,1440906,1.9
896,550,4.2
896,1317096,2.1
896,238,3.8
896,210577,1.2
896,1435766,4.4
896,157336,1.1
896,516729,3.2
896,1433719,4.6
896,1425296,3.3
896,1421053,1.8
896,1442295,1.1
896,1441712,1.5
897,1442388,4.1
897,1438480,4.0
897,1274751,4.3
897,1417181,4.9
897,1442200,3.9
897,1424565,2.2
897,1404172,1.8
897,1013482,2.8
897,603,2.3
897,1438546,2.3
897,1423093,4.5
897,1269298,1.0
897,1126166,1.3
897,1439004,3.2
897,1107215,1.4
897,1443663,2.6
897,1433831,4.8
897,1144417,2.1
897,1439459,4.5
897,1171153,4.4
898,1375762,1.6
898,1424897,2.8
898,447273,4.7
898,1317920,1.8
898,1419826,1.1
898,1262495,3.4
898,1432101,3.1
898,227159,4.0
898,1416501,2.9
898,675776,2.5
898,1444425,4.6
898,1432534,3.0
898,1428780,1.8
898,1434009,3.3
898,1063873,4.5
898,1047884,3.8
898,1439509,2.8
898,933260,1.0
898,1106560,1.2
898,1442538,1.2
899,1443663,3.5
899,603,3.7
899,1438069,1.7
899,1231695,2.2
899,1443002,3.5
899,299536,2.8
899,1266809,4.7
899,299537,1.1
899,1013850,2.6
899,1446317,2.5
899,122,4.3
899,98,2.2
899,1443480,2.2
899,1445783,5.0
899,1198288,4.0
899,262543,1.3
899,98566,4.5
899,1356039,3.3
899,1437446,3.0
899,762509,1.8
900,1433860,5.0
900,1432534,1.9
900,131631,1.6
900,603,1.3
900,1433811,5.0
900,122,2.9
900,1446308,3.3
900,1440811,4.0
900,1047884,2.3
900,1216662,3.4
900,1443387,1.8
900,1435057,4.5
900,1439254,3.7
900,1442388,2.3
900,1171153,2.3
900,1439614,4.6
900,1421001,1.5
900,1444332,1.6
900,1294376,4.3
900,1257409,4.5
901,1420234,4.2
901,103,3.1
901,1441746,3.8
901,1440811,2.9
901,1013850,1.9
901,1439254,3.3
901,1438546,2.4
901,850920,1.8
901,1445783,4.4
901,1319629,1.2
901,1013601,3.9
901,1435053,4.9
901,1415669,1.8
901,1378734,2.0
901,1441567,1.7
901,1399896,1.6
901,131631,1.0
901,1442417,2.5
901,1435269,3.1
901,1119820,1.7
902,1225572,2.1
902,1426343,4.3
902,1435269,4.0
902,1422081,2.1
902,1434812,4.8
902,1437237,4.1
902,307081,4.7
902,1445832,3.6
902,1433908,1.9
902,1441840,1.2
902,1425296,1.5
902,1435053,3.8
902,1376834,2.1
902,1312157,3.0
902,1248276,4.9
902,1013601,3.4
902,1127648,4.6
902,1446174,3.6
902,1432534,5.0
902,1422166,2.0
903,194662,2.3
903,1439254,4.2
903,1441746,2.5
903,24428,3.6
903,1438208,4.9
903,1438203,4.9
903,1399896,1.6
903,1443551,1.3
903,1440828,3.4
903,177572,3.6
903,1415669,2.3
903,1083968,2.7
903,1439033,2.7
903,68718,3.9
903,1294376,1.6
903,1359744,2.4
903,1084199,3.7
903,1138194,1.5
903,1443470,1.4
903,1441967,2.1
904,1439514,1.5
904,270303,3.5
904,1444253,3.6
904,1443487,1.9
904,1322218,4.7
904,1443238,1.1
904,970947,4.0
904,1411411,3.3
904,1328767,4.7
904,1422166,1.0
904,1439890,4.2
904,1412392,3.7
904,1294174,4.6
904,1439804,4.2
904,1442431,2.2
904,1438069,4.8
904,1435275,2.1
904,1446174,2.3
904,1404722,4.3
904,1445783,3.0
905,1444332,3.2
905,1433574,2.6
905,1412392,1.1
905,299537,1.8
905,1441966,3.1
905,823219,2.8
905,1306284,3.0
905,1306707,2.3
905,120,2.9
905,1425370,2.5
905,1443907,4.8
905,1083968,1.3
905,1425892,4.7
905,1119820,2.0
905,1429784,4.2
905,1446254,1.2
905,1013482,1.7
905,1446183,4.7
905,696506,2.4
905,299536,4.6
906,1144417,3.7
906,1399686,1.1
906,1149167,3.4
906,603,3.5
906,1437701,3.6
906,1433836,2.5
906,1424352,2.2
906,1442141,3.5
906,1418780,2.7
906,307081,4.7
906,228967,1.5
906,1257409,4.3
906,1419826,4.0
906,1412392,2.6
906,1429788,3.6
906,1204967,4.4
906,1262495,4.2
906,207933,3.1
906,1439514,1.1
906,1439526,1.6
907,1317920,1.8
907,762509,2.0
907,1436684,2.4
907,1442431,3.4
907,1436621,1.3
907,1353002,3.1
907,1430968,4.2
907,1013850,2.3
907,1445302,3.5
907,603,3.6
907,1127648,3.4
907,1203524,4.2
907,1440087,4.8
907,1443480,3.8
907,1359893,3.3
907,822119,4.1
907,1402698,3.5
907,1425892,2.7
907,1018964,3.8
907,1424352,3.3
908,1443470,2.0
908,1428780,2.3
908,1443487,3.3
908,1438069,3.8
908,1442689,4.3
908,1416501,3.5
908,558449,3.3
908,1442386,1.8
908,157336,4.9
908,1371370,3.0
908,1422235,2.7
908,1434672,3.3
908,1399893,3.2
908,1443993,4.8
908,1440776,3.3
908,214756,3.2
908,1432534,2.7
908,1376834,3.5
908,974576,3.3
908,1198288,2.7
909,241554,4.7
909,87101,3.3
909,1140535,4.8
909,1043808,1.7
909,1424565,3.0
909,1440828,5.0
909,1444744,1.1
909,1202479,1.7
909,120,3.7
909,1430968,2.3
909,1198288,3.1
909,244786,1.9
909,1411411,2.2
909,1306284,3.8
909,1400110,4.7
909,1434414,4.2
909,1391463,4.9
909,1422166,3.2
909,210577,1.5
909,1422166,1.5
910,1433860,4.4
910,1443993,3.9
910,1235619,1.3
910,1439459,3.4
910,1171153,1.2
910,205587,2.4
910,1436450,3.4
910,1399893,1.6
910,1429460,4.3
910,1233575,2.1
910,1444331,2.0
910,1433900,1.5
910,1442538,3.7
910,607141,4.8
910,1018964,2.6
910,1429784,1.1
910,1428780,4.8
910,1357797,2.2
910,103,2.9
910,1241982,1.3
911,1429460,1.5
911,1435057,4.0
911,1442918,2.4
911,1421781,3.3
911,607141,3.0
911,1442278,4.7
911,1216662,2.9
911,1425373,2.8
911,1426343,3.5
911,1340727,1.3
911,1328767,3.3
911,1294376,3.0
911,970947,1.1
911,1433811,4.8
911,1436456,1.9
911,1422081,3.7
911,1420899,4.7
911,1149463,4.8
911,1312157,3.4
911,1324389,4.4
912,1203524,1.0
912,1446317,2.4
912,800367,3.1
912,1225572,4.9
912,1422235,2.2
912,238,1.4
912,1157270,3.6
912,850920,4.5
912,1445168,4.7
912,1437237,1.8
912,1439033,1.6
912,1439459,4.6
912,188222,3.1
912,1444253,2.7
912,265208,2.4
912,1376834,1.8
912,515001,1.8
912,1440811,2.3
912,1326693,2.0
912,1440639,1.8
913,1424897,4.2
913,1436366,4.1
913,1436703,4.2
913,181533,2.2
913,850920,1.2
913,1444332,1.4
913,228150,3.6
913,1436456,4.9
913,1422081,1.8
913,1378734,1.7
913,675776,4.5
913,1446308,4.7
913,1421001,2.1
913,1248276,3.7
913,1431328,3.3
913,1018964,3.5
913,927342,1.6
913,1063873,1.9
913,1435275,2.5
913,799766,1.0
914,1435275,1.1
914,426063,3.1
914,1198288,4.5
914,800367,3.6
914,1433862,4.4
914,1442386,2.5
914,307081,1.5
914,1138194,3.9
914,1294174,4.7
914,1443480,3.0
914,1442388,4.0
914,1437515,1.4
914,1433574,2.4
914,1130863,3.6
914,1402698,4.0
914,1405338,1.7
914,1262495,1.9
914,680,4.1
914,68718,2.4
914,1446308,4.9
915,1444331,4.2
915,1317096,3.3
915,1144417,4.8
915,1130863,4.6
915,1437603,3.3
915,1324389,3.7
915,1432534,4.2
915,1442689,2.3
915,1446308,2.2
915,1208803,1.5
915,1440906,2.1
915,154400,1.5
915,1442764,2.4
915,1442918,2.6
915,1422235,3.4
915,1260485,2.0
915,265208,3.2
915,927342,1.4
915,1399686,4.0
915,1422166,4.3
916,1432101,2.1
916,823219,2.1
916,1257409,1.2
916,675776,4.8
916,1422072,2.1
916,1013850,3.6
916,1422166,2.6
916,1439526,2.9
916,1043808,4.9
916,1445832,4.5
916,1445713,5.0
916,1426337,4.7
916,447273,4.6
916,696506,3.0
916,1446317,1.5
916,1386047,2.4
916,974576,4.6
916,1241982,1.3
916,1399896,3.3
916,1442918,3.9
917,1432368,4.9
917,1438480,4.1
917,1433906,1.8
917,1442200,2.9
917,244786,3.7
917,426063,2.3
917,1371370,4.5
917,1439804,4.0
917,1127648,2.5
917,1415669,2.1
917,1429784,3.1
917,1432098,3.3
917,1442438,2.1
917,1440906,2.1
917,1425296,4.7
917,1378051,2.8
917,1443907,4.5
917,1445505,4.5
917,1405338,4.2
917,265208,2.7
918,1424103,4.5
918,1353117,1.8
918,800367,2.7
918,228150,1.3
918,1425373,3.7
918,933260,1.9
918,1286663,2.4
918,1444744,2.2
918,1204967,4.9
918,1443551,2.3
918,1425892,2.9
918,1442689,3.9
918,1432795,3.0
918,1443993,2.2
918,1255192,1.6
918,1216662,5.0
918,1391463,4.0
918,1425360,4.5
918,1326693,4.1
918,1443907,4.9
919,1391463,3.5
919,299536,1.6
919,558449,2.2
919,1433836,1.7
919,1445505,3.9
919,1425892,1.6
919,1357797,3.3
919,1442278,1.3
919,1433811,3.7
919,1444686,3.8
919,1013850,2.9
919,1421001,1.5
919,1432480,3.7
919,1371370,3.3
919,1435766,2.1
919,1445721,1.6
919,1064213,4.4
919,1417181,3.8
919,1437515,3.8
919,1442200,1.1
920,1437515,4.0
920,1322218,2.1
920,974576,1.9
920,1214894,4.3
920,1220028,1.9
920,1440144,3.8
920,1439526,3.4
920,1182088,2.2
920,1402698,1.5
920,1440404,4.2
920,1435766,3.7
920,194662,4.4
920,1319629,1.7
920,1064213,4.6
920,1416501,1.7
920,1439033,4.5
920,1443480,4.7
920,1171153,1.4
920,241554,2.3
920,1442278,5.0
921,1439837,2.1
921,1421001,4.0
921,1446219,3.8
921,1063873,3.9
921,1149167,2.6
921,1434812,2.4
921,822119,3.7
921,361743,2.1
921,1440404,1.4
921,1376834,1.9
921,1326693,4.6
921,933260,1.3
921,1445505,2.2
921,1214130,2.8
921,438631,3.1
921,1446308,3.5
921,1317920,2.6
921,974576,4.6
921,1442299,2.1
921,950396,3.5
922,299536,3.8
922,1435269,2.9
922,1443238,1.5
922,1428541,1.1
922,1436704,4.9
922,1422081,4.4
922,1157270,2.8
922,205596,1.3
922,1427653,1.6
922,287424,1.2
922,1083968,2.6
922,1440828,3.8
922,1353002,4.3
922,1442689,3.1
922,1436450,3.3
922,1330596,5.0
922,1442322,1.3
922,1438267,3.1
922,1443378,2.2
922,1417181,2.3
923,1324389,1.7
923,1233575,1.2
923,1138194,2.7
923,205596,3.5
923,155,4.3
923,1444425,1.3
923,214756,3.1
923,1013482,3.7
923,1436269,3.9
923,1432795,1.9
923,87101,2.0
923,122,3.6
923,1439804,4.4
923,762509,4.1
923,1424103,1.8
923,1433881,3.9
923,1225572,4.3
923,244786,4.4
923,1220028,4.6
923,122917,3.8
924,1422166,3.4
924,1077281,3.2
924,1435766,3.9
924,1214894,2.5
924,1424565,3.1
924,1442200,1.0
924,696506,2.0
924,414906,3.7
924,933260,1.3
924,1392821,4.0
924,1423295,2.7
924,227159,3.3
924,1328767,2.2
924,287424,4.9
924,1445783,4.6
924,189,4.2
924,1442689,5.0
924,438631,2.9
924,1171153,2.1
924,1436703,4.6
925,603,3.7
925,1443470,2.5
925,1443695,4.6
925,1417181,4.2
925,1441840,2.5
925,1422166,2.3
925,1291321,2.9
925,1441712,3.2
925,898271,2.3
925,607141,2.9
925,194662,2.5
925,1446219,2.6
925,1144417,4.9
925,1428507,3.2
925,1445721,1.3
925,1399896,2.8
925,1306284,2.2
925,1380415,4.3
925,1420492,2.5
925,1412392,3.9
926,1440404,3.4
926,974576,2.1
926,1437979,2.8
926,205587,3.5
926,1275248,4.1
926,1083968,4.6
926,1433802,2.3
926,1157270,2.9
926,1424565,3.4
926,707911,4.8
926,1442431,1.7
926,1204967,4.4
926,1392821,3.0
926,1182088,3.4
926,1433906,3.5
926,1442689,1.6
926,1420234,3.6
926,1210938,3.3
926,1428507,3.6
926,1442316,2.4
927,1440144,2.8
927,1446174,1.2
927,1411411,4.0
927,1422166,2.9
927,100042,2.9
927,1294376,1.3
927,1274751,1.7
927,1371370,1.7
927,1208803,2.9
927,1446066,4.4
927,850920,1.3
927,1260485,4.5
927,515001,4.5
927,1443002,2.3
927,1420492,3.4
927,1428780,4.1
927,1440776,4.9
927,1235619,1.5
927,1275245,4.7
927,1402698,3.9
928,1436703,1.4
928,1441966,3.9
928,1445832,2.7
928,1167416,4.6
928,1427653,4.3
928,1130863,4.7
928,1426343,3.6
928,1439514,1.8
928,1440144,2.1
928,1444332,4.3
928,1428780,2.0
928,823219,1.4
928,1353117,4.7
928,1443238,2.9
928,1441567,4.2
928,1446174,4.8
928,1203524,3.2
928,1445302,1.9
928,1438480,3.2
928,1013850,3.5
929,1431744,2.5
929,1443378,1.1
929,696506,1.6
929,1436621,2.7
929,1433574,1.8
929,1140535,4.0
929,1432098,4.0
929,1442299,3.9
929,188222,1.9
929,1442278,1.9
929,100042,5.0
929,1420234,1.1
929,1437485,4.5
929,1440828,2.3
929,1269298,2.2
929,1378734,4.0
929,1442538,3.8
929,1442417,2.6
929,1434009,2.9
929,1432795,1.1
930,1359744,4.9
930,1436703,4.7
930,1446066,4.1
930,1435053,1.4
930,1442438,1.8
930,1434672,3.4
930,1138194,3.5
930,155,1.8
930,157336,3.2
930,98,4.7
930,181533,4.9
930,1437603,3.4
930,1443238,1.3
930,1422166,4.3
930,475557,4.8
930,1424565,4.0
930,1393191,3.1
930,1275245,1.9
930,1442322,1.0
930,1438546,3.6
931,1442278,4.8
931,1437979,4.4
931,1324389,4.2
931,1432101,3.8
931,1393191,2.6
931,1306284,4.1
931,1418780,3.7
931,1241982,1.6
931,1435057,4.7
931,1418112,4.3
931,1404172,4.3
931,147441,2.3
931,1443470,3.2
931,1144417,4.4
931,1357797,4.4
931,1421001,2.9
931,228967,1.0
931,1415669,2.5
931,38,3.7
931,98,1.8
932,1424217,2.6
932,1003504,3.2
932,1444686,4.9
932,1446174,2.1
932,1445721,4.7
932,1064213,1.8
932,1269298,2.7
932,98,1.9
932,1435275,3.5
932,1328767,4.1
932,1214894,2.5
932,1439254,4.8
932,1433872,3.5
932,696506,4.2
932,169917,2.8
932,1425296,2.1
932,1198288,4.3
932,131631,4.5
932,1389293,3.3
932,549509,4.7
933,1326693,4.0
933,1439837,3.0
933,1406240,4.8
933,1421053,2.3
933,1325495,4.4
933,1436704,1.8
933,1442538,2.8
933,1425373,2.0
933,1425370,4.5
933,1429784,3.0
933,1171153,1.2
933,1437446,1.7
933,1429460,1.7
933,1415669,2.5
933,299537,3.9
933,1435766,1.9
933,1433831,1.7
933,1208803,4.1
933,1425360,2.9
933,244786,1.0
934,1204967,2.7
934,1436684,4.4
934,1404722,3.1
934,1441712,3.9
934,707911,2.3
934,1255192,4.7
934,1325495,1.5
934,1003504,2.6
934,1075456,3.2
934,1353117,5.0
934,1442689,2.3
934,1418287,2.8
934,1432368,2.3
934,1445783,3.3
934,1442295,1.8
934,299536,4.9
934,1423299,1.9
934,1257409,3.0
934,1437485,2.3
934,260346,3.5
935,1443480,2.9
935,822119,3.6
935,1433831,1.9
935,1426343,2.6
935,1418112,1.5
935,1225572,2.0
935,1423093,2.9
935,1425370,3.4
935,1405338,3.8
935,1429460,2.8
935,1271724,3.6
935,1439837,3.1
935,1144417,1.0
935,1339790,3.2
935,1431328,3.8
935,1425360,3.5
935,1000881,1.6
935,1157270,4.4
935,1178556,2.3
935,1432480,1.2
936,1445302,5.0
936,1442689,2.5
936,1440776,4.3
936,1144417,4.2
936,1443470,3.6
936,1214130,1.5
936,1013482,4.4
936,1440828,4.3
936,1204967,1.9
936,1417677,4.5
936,1442200,1.3
936,1439526,4.6
936,1119820,2.1
936,1291321,2.4
936,278,2.9
936,1359893,1.2
936,1435053,4.3
936,1435275,1.1
936,1262495,4.8
936,926670,3.3
937,155,1.8
937,1075456,2.9
937,1416501,1.5
937,1165393,3.3
937,299537,2.4
937,1443695,1.2
937,675776,1.4
937,1426337,4.2
937,1445179,1.7
937,1404172,4.8
937,1357797,3.2
937,1434672,3.6
937,1399893,2.8
937,189,4.7
937,1013850,3.8
937,1437438,3.8
937,1433811,1.3
937,1269298,3.5
937,1432480,1.5
937,1312157,4.9
938,1262495,4.8
938,1442278,3.6
938,1371370,5.0
938,1422072,4.0
938,1440776,2.0
938,1013482,3.9
938,1378051,4.9
938,1440083,2.9
938,1204967,3.0
938,1417181,2.9
938,1202479,3.8
938,1446219,2.6
938,1433813,3.6
938,1442431,1.1
938,1422166,4.0
938,155,1.0
938,98,3.3
938,1437920,4.8
938,1140535,1.7
938,762509,4.0
939,1018964,4.4
939,1368096,4.3
939,1435057,3.6
939,1429788,1.2
939,68718,2.6
939,1084199,3.5
939,1202479,2.3
939,1421001,2.3
939,1421053,3.3
939,1000085,3.3
939,1241982,1.4
939,262500,2.7
939,1064213,2.6
939,1378734,2.7
939,1353002,2.0
939,696506,2.2
939,1443378,4.7
939,181533,1.7
939,1149167,4.7
939,1440144,2.8
940,1359744,3.5
940,1306707,4.6
940,278,3.9
940,103,4.9
940,1434672,2.2
940,822119,2.3
940,1438203,4.2
940,1420492,3.1
940,1418350,1.7
940,1420899,2.3
940,98566,1.9
940,1428262,3.6
940,1432098,2.7
940,1149167,3.9
940,558449,4.2
940,927342,2.0
940,1437920,2.0
940,1415669,1.7
940,188222,3.3
940,1182088,2.0
941,1440639,2.5
941,1317096,4.3
941,1433831,3.9
941,1444331,2.7
941,1077281,1.2
941,1434414,1.5
941,1436456,2.4
941,1436683,4.9
941,1357797,1.9
941,270303,3.4
941,1439526,2.5
941,260346,3.3
941,1119820,4.9
941,1434009,2.2
941,1297763,2.9
941,1436704,2.9
941,1220028,3.2
941,1140535,3.6
941,1328767,2.3
941,1384565,2.6
942,1440087,3.9
942,1436456,4.5
942,1445505,2.1
942,1443663,4.3
942,1330596,4.1
942,1425366,2.0
942,265208,2.3
942,1378051,1.3
942,1428507,3.5
942,1171153,2.8
942,1440811,4.4
942,1432480,4.2
942,1064213,1.3
942,1418287,4.9
942,1442438,4.9
942,1430968,2.6
942,1425360,3.5
942,214756,3.3
942,1429788,2.5
942,475557,3.5
943,1439254,1.7
943,1214130,3.2
943,1216571,4.0
943,1130863,5.0
943,241554,4.2
943,1439804,3.1
943,1406240,2.4
943,939243,4.3
943,1075456,3.1
943,1064213,2.2
943,1442388,4.3
943,1428780,4.2
943,1266809,1.4
943,1275245,4.3
943,181533,2.1
943,1441712,2.6
943,1286773,2.9
943,1429460,3.5
943,1315476,1.1
943,1378734,4.7
944,1013601,1.4
944,1442417,2.0
944,1130863,1.9
944,1443378,1.7
944,1301346,3.6
944,299536,1.1
944,307081,4.7
944,926670,3.0
944,1433860,2.4
944,1443907,3.3
944,1420492,4.3
944,1325495,4.5
944,1378734,3.6
944,241554,3.7
944,823219,1.4
944,1439459,1.1
944,1393191,3.4
944,1178556,2.4
944,1380415,2.7
944,1127674,2.1
945,1140535,2.1
945,1436683,3.8
945,1435269,4.7
945,1392821,4.5
945,1359893,3.3
945,1013850,1.8
945,1077281,4.0
945,147441,4.4
945,189,4.4
945,1443551,1.5
945,1430968,3.8
945,1440087,2.3
945,1018964,4.2
945,1439033,4.3
945,1436704,3.9
945,1424352,3.9
945,1440906,1.1
945,241554,2.7
945,1439804,2.1
945,1445721,4.6
946,1432534,2.8
946,1433860,1.8
946,1439254,3.1
946,1433813,2.5
946,1359893,3.4
946,1119820,3.5
946,287424,1.5
946,1443238,3.1
946,1437979,4.6
946,1443480,1.1
946,1422471,2.1
946,1418287,1.1
946,1442278,1.9
946,157336,5.0
946,1442918,2.0
946,1442141,4.9
946,262500,2.9
946,270303,3.5
946,1443551,4.6
946,1435053,3.9
947,207933,4.6
947,1434009,2.4
947,1424565,1.2
947,1437515,4.8
947,1436450,1.4
947,1047884,3.6
947,1432101,2.4
947,1325495,2.7
947,1422166,2.5
947,1445505,1.9
947,1437446,3.0
947,1018964,3.1
947,1353002,2.4
947,1446066,4.7
947,1434672,3.1
947,1439614,4.1
947,189,4.5
947,1443002,4.1
947,1083968,1.6
947,210577,2.7
948,98,4.3
948,171274,4.5
948,1433802,2.3
948,1393191,4.8
948,1306284,3.7
948,1000881,2.0
948,1106560,2.3
948,1443387,4.5
948,1434672,3.7
948,361743,3.6
948,1084199,4.1
948,260346,4.7
948,1422072,1.1
948,1425829,3.8
948,1140535,1.3
948,1442438,2.5
948,1432534,2.4
948,1443663,5.0
948,1422166,4.2
948,1443551,4.7
949,1138194,3.1
949,1077281,2.9
949,1432098,1.1
949,1140535,2.3
949,122917,4.6
949,1391463,2.1
949,1443387,3.2
949,171274,2.1
949,1425373,2.2
949,1438217,3.2
949,1317096,2.5
949,1376834,2.2
949,1445505,3.5
949,24428,3.6
949,1018964,3.9
949,1424217,2.8
949,1442316,3.4
949,1386047,3.6
949,1195506,4.9
949,241554,2.4
950,515001,2.9
950,823219,2.0
950,1423299,2.5
950,549509,2.2
950,1439459,1.6
950,898271,4.3
950,87101,3.7
950,1140535,4.3
950,1444744,2.0
950,1291321,4.2
950,1437979,1.9
950,1427653,4.1
950,1436366,3.0
950,1420234,3.5
950,1438502,2.2
950,1235619,3.7
950,1422072,1.6
950,1435766,1.8
950,1171153,3.0
950,120,3.7
951,1003504,4.4
951,1157270,3.8
951,707911,3.6
951,414906,3.5
951,1013601,4.4
951,1433838,4.3
951,1446174,3.6
951,1436683,1.9
951,1438208,2.7
951,939243,3.3
951,1436269,1.6
951,87101,3.2
951,1437438,2.8
951,1445168,1.4
951,762509,4.9
951,1438217,2.3
951,1438069,4.0
951,177572,2.3
951,1202479,2.8
951,1443002,4.0
952,1425892,3.2
952,1400932,1.4
952,1442764,3.9
952,1294174,1.7
952,1442322,1.5
952,1431328,3.0
952,1432795,3.5
952,1438696,1.6
952,1233575,3.7
952,475557,1.9
952,1446183,3.4
952,1368096,2.0
952,228967,3.5
952,1203524,4.3
952,1442918,4.1
952,1428541,2.7
952,1440083,2.1
952,1184918,4.1
952,1443551,3.0
952,265208,1.1
953,974576,2.0
953,1442141,4.5
953,1429788,3.2
953,1198288,2.3
953,515001,3.5
953,1422081,4.7
953,1422471,4.8
953,1425366,4.9
953,1441967,3.6
953,1443993,3.4
953,1119820,1.9
953,1441966,2.3
953,1424103,1.5
953,447273,2.9
953,1000881,2.3
953,1439526,5.0
953,1291321,4.1
953,1375762,3.5
953,1399686,4.9
953,1423299,1.8
954,1106560,5.0
954,1443002,3.1
954,1359893,1.7
954,1429460,4.8
954,1428262,2.2
954,603,3.3
954,1225572,1.3
954,1438208,4.5
954,1330596,4.9
954,1357797,1.2
954,1297763,1.7
954,1422471,1.7
954,244786,3.2
954,1424897,1.2
954,1389293,2.2
954,1436684,3.4
954,426063,1.7
954,1436269,3.1
954,1425366,4.1
954,1084199,4.0
955,1437603,4.4
955,1415669,1.0
955,1425360,2.1
955,1075456,2.3
955,1422072,4.7
955,1433908,1.9
955,1417677,2.8
955,1441967,1.3
955,1255192,4.8
955,1013601,4.0
955,1425892,1.8
955,1445168,1.8
955,1442386,1.8
955,1443487,3.0
955,210577,1.1
955,1315476,1.9
955,228967,1.6
955,1429784,3.1
955,1443002,2.3
955,1433811,1.0
956,1386047,4.9
956,1440906,1.3
956,1198288,2.1
956,1417181,1.1
956,1171153,2.8
956,1119820,4.4
956,1418780,4.1
956,475557,1.4
956,1359893,1.7
956,210577,1.7
956,287424,1.3
956,1425366,2.3
956,1443387,1.9
956,1231695,1.9
956,1389293,1.6
956,1425360,4.2
956,1434414,2.8
956,1216662,2.4
956,1442388,4.2
956,1419826,3.4
957,1432795,3.6
957,1443238,1.8
957,1391463,3.0
957,1440144,4.1
957,1241982,4.6
957,1442200,1.5
957,147441,4.1
957,1107215,4.6
957,1378051,1.4
957,1317096,4.3
957,974576,1.9
957,1433872,1.7
957,227159,1.1
957,1356039,4.8
957,1421781,3.1
957,516729,3.5
957,1429788,1.8
957,1437979,3.8
957,1144417,4.5
957,1434672,3.0
958,1126166,1.2
958,1435057,3.0
958,1420234,2.8
958,1359893,4.5
958,1433831,1.2
958,1433811,2.6
958,1443387,2.2
958,181533,4.0
958,1418112,2.5
958,1255192,4.1
958,1392821,4.2
958,1157270,4.7
958,1418287,1.5
958,1442538,3.2
958,1208803,2.4
958,262500,2.4
958,103,4.7
958,1441967,4.9
958,214756,4.5
958,1324389,4.7
959,516729,4.4
959,1404172,1.8
959,1297763,3.4
959,558449,1.2
959,823219,2.8
959,1422166,1.6
959,414906,3.8
959,1433813,1.4
959,1445783,3.0
959,68718,1.1
959,1445179,3.7
959,1445783,1.1
959,1439890,2.6
959,1442764,4.1
959,1432534,3.3
959,1434812,3.7
959,1446254,4.0
959,515001,1.8
959,1411411,3.7
959,1376834,4.2
960,1438203,3.9
960,1443387,4.4
960,260346,4.5
960,1013601,4.9
960,1430968,1.8
960,1425360,2.8
960,1106739,1.7
960,1003504,4.0
960,194662,2.4
960,1445168,2.1
960,1436366,1.7
960,1437237,4.0
960,181533,4.6
960,898271,1.2
960,1378051,2.6
960,1433872,2.0
960,1433574,2.4
960,1442386,3.3
960,1399896,2.5
960,278,4.9
961,1294174,3.2
961,1435275,2.5
961,1427653,2.1
961,1433836,3.3
961,1442308,2.5
961,1317920,1.9
961,1416501,3.8
961,1297763,2.5
961,1138194,1.3
961,122917,3.4
961,607141,2.1
961,238,1.0
961,1326693,3.1
961,1432795,3.1
961,1443002,2.7
961,1428780,1.7
961,1440906,1.7
961,777443,3.7
961,1422471,3.2
961,1184918,4.6
962,1433831,2.8
962,299537,2.7
962,1425366,2.4
962,1144417,4.4
962,1257409,3.6
962,1075456,3.0
962,603,4.5
962,1443663,4.7
962,1392821,3.7
962,254904,1.7
962,1437603,3.8
962,1432480,2.8
962,1439509,4.1
962,1432368,2.3
962,307081,2.5
962,1269298,1.4
962,214756,2.1
962,1438267,1.4
962,823219,2.8
962,1445302,2.1
963,1439459,2.7
963,1442915,1.6
963,1214069,3.0
963,1445713,1.6
963,1328767,3.2
963,1353002,4.2
963,1428507,3.1
963,1439614,1.6
963,1429788,3.5
963,1357797,1.2
963,1435275,4.9
963,1441567,4.1
963,515001,3.5
963,1216662,1.9
963,156022,1.1
963,1446317,4.9
963,1443993,2.6
963,1432534,2.1
963,1438502,1.9
963,1434672,4.5
964,1418287,4.9
964,1423093,4.2
964,1424352,2.7
964,1157270,3.9
964,1445302,3.4
964,1315476,4.0
964,1442386,3.0
964,1126166,1.8
964,1257409,1.9
964,1241982,1.1
964,1433813,3.9
964,27205,3.6
964,307081,2.1
964,414906,2.8
964,1443378,4.0
964,1439254,4.2
964,823219,2.6
964,1440776,4.8
964,1444744,3.1
964,1443551,2.6
965,98,4.6
965,447273,4.0
965,1359744,1.8
965,181533,1.1
965,1418780,1.0
965,1444331,2.6
965,823219,3.1
965,1433802,4.4
965,1442915,3.3
965,933260,1.4
965,1439254,2.8
965,1003504,3.4
965,1437920,4.4
965,154400,2.4
965,68718,2.0
965,1438502,5.0
965,1432480,2.9
965,254904,3.4
965,1043808,2.7
965,1406240,3.5
966,1216662,1.3
966,1119820,2.2
966,926670,3.1
966,1436269,2.7
966,1214130,4.4
966,1433836,2.2
966,1444253,3.1
966,1443480,3.5
966,1421053,2.7
966,1404722,2.2
966,1353117,2.9
966,1426337,2.8
966,1425892,4.1
966,1319629,3.3
966,1411411,1.3
966,1438203,4.9
966,927342,3.4
966,1436704,3.5
966,696506,1.9
966,1436683,2.5
967,1442299,2.2
967,1436704,2.4
967,1157270,4.7
967,1422081,3.8
967,87101,3.4
967,1432795,4.8
967,607141,2.4
967,1443480,2.8
967,1440811,2.4
967,1422072,3.8
967,1446174,2.7
967,1445505,2.6
967,1416501,3.2
967,1424352,2.4
967,147441,3.7
967,1424565,1.6
967,1438480,1.5
967,898271,4.5
967,1043808,3.5
967,1436684,2.1
968,1443695,2.2
968,262543,4.2
968,1436621,1.9
968,1441966,1.5
968,1359744,4.9
968,1438502,3.2
968,214756,4.2
968,1400110,3.2
968,1442386,3.6
968,1368096,2.5
968,1429460,3.6
968,1047884,1.5
968,177572,4.8
968,299536,2.2
968,1210938,2.0
968,1445179,2.0
968,603,1.4
968,1419826,3.9
968,1424565,1.7
968,1325495,3.5
969,1422166,1.7
969,1442386,2.6
969,122,2.2
969,1446317,2.9
969,181533,1.4
969,1442295,1.2
969,1389293,4.0
969,98566,2.6
969,475557,2.8
969,1428262,3.5
969,1440144,3.5
969,1438696,2.7
969,87101,2.7
969,1419826,3.2
969,1425892,1.0
969,1441840,1.0
969,1431744,2.7
969,1436456,1.5
969,1422072,2.4
969,1412392,2.7
970,1013482,3.4
970,1446219,2.4
970,1286773,4.2
970,1422166,4.0
970,1446254,3.8
970,1422166,1.0
970,1432098,1.1
970,1444253,2.6
970,189,3.1
970,1424217,1.2
970,1444425,2.8
970,177572,4.6
970,299536,1.7
970,1436269,5.0
970,1399686,2.7
970,1412392,4.7
970,926670,2.2
970,262543,3.8
970,1436456,3.4
970,1434414,4.9
971,254904,1.1
971,244786,4.1
971,1301346,3.1
971,1430968,1.1
971,1013850,2.6
971,898271,1.4
971,1421781,2.2
971,262500,3.3
971,120,2.7
971,238,2.6
971,131631,4.6
971,1386047,4.0
971,1392821,4.8
971,1436450,4.8
971,515001,2.7
971,1182088,4.3
971,1434291,3.1
971,1157270,3.1
971,1361451,4.6
971,1424897,1.2
972,1438208,2.7
972,1294174,2.6
972,1330596,3.4
972,1433860,3.3
972,1432534,2.4
972,1443993,2.1
972,227159,3.7
972,1216662,2.0
972,1437603,3.3
972,68718,3.4
972,1421001,4.0
972,1433908,4.1
972,1437438,4.5
972,1437485,2.5
972,1317920,2.1
972,800367,3.9
972,1439509,1.5
972,898271,2.9
972,1214894,2.8
972,1119820,2.0
973,1439033,1.3
973,850920,2.7
973,1375762,1.5
973,1423093,4.6
973,1445505,3.5
973,155,1.3
973,1446183,2.5
973,1301346,4.4
973,515001,2.5
973,122,1.5
973,1428507,4.8
973,1441746,1.3
973,214756,3.2
973,1436366,1.5
973,1444744,3.3
973,1353117,4.8
973,1359744,4.4
973,1063873,1.1
973,24428,3.7
973,299537,2.3
974,1084199,4.5
974,1433908,3.1
974,1294174,2.1
974,1442278,3.1
974,1376834,1.6
974,1438546,3.2
974,1423299,2.9
974,1417181,3.7
974,1400932,3.0
974,1225572,3.0
974,1435275,2.0
974,122917,1.5
974,1422471,3.3
974,1436269,2.5
974,98566,3.0
974,205596,2.1
974,1425296,3.9
974,1445783,3.6
974,1437515,3.7
974,1429788,2.1
975,1425370,1.2
975,1294174,2.9
975,1433872,2.0
975,1149167,4.6
975,1440776,2.5
975,1127674,2.8
975,823219,3.4
975,1428541,1.7
975,1444253,2.3
975,1415669,4.1
975,1107215,2.6
975,1106560,4.9
975,1422166,1.4
975,1260485,4.0
975,120,1.4
975,1423093,4.3
975,1442386,4.4
975,1436704,1.3
975,1431744,4.1
975,1184918,2.8
976,1417677,1.9
976,1443551,1.9
976,120,3.2
976,1446174,4.3
976,1437438,2.5
976,188222,1.0
976,181533,2.8
976,1013482,2.6
976,1445302,4.9
976,1431328,4.9
976,1184918,3.9
976,1445713,2.6
976,823219,4.1
976,1438267,4.4
976,1375762,1.2
976,1423299,4.6
976,100042,3.8
976,777443,1.9
976,1204967,3.6
976,299537,3.2
977,1439459,3.1
977,1399893,3.6
977,1441712,1.8
977,278,3.4
977,1357797,3.9
977,1434291,2.3
977,823219,1.1
977,1436704,2.6
977,1445783,1.2
977,1443551,4.4
977,1198288,2.2
977,1443470,3.6
977,1356039,4.7
977,1424217,4.2
977,1322218,1.5
977,1423093,1.7
977,1306707,3.0
977,680,3.2
977,1445832,2.2
977,1438696,1.5
978,1437603,4.3
978,927342,4.3
978,1436450,3.5
978,1127648,4.6
978,1435766,1.6
978,227159,1.1
978,1106560,2.8
978,1442538,3.6
978,1422471,3.8
978,1436684,3.8
978,1417677,4.5
978,1204967,2.4
978,1202479,2.3
978,1326693,2.9
978,1301346,4.6
978,1443993,4.0
978,707911,3.4
978,1442322,3.8
978,1426337,2.1
978,1439459,2.1
979,1443907,3.8
979,1445505,3.1
979,1084199,1.9
979,1399896,2.6
979,98,2.5
979,707911,3.4
979,1411411,1.2
979,1248276,4.3
979,1434812,4.5
979,1423299,1.7
979,1420234,4.1
979,823219,3.3
979,1202479,2.4
979,1433872,2.6
979,1149463,2.2
979,1423295,1.7
979,1446066,4.2
979,1442295,4.9
979,1443238,2.0
979,1439004,3.9
980,1443387,3.2
980,1443002,3.0
980,1418780,4.9
980,1425892,3.5
980,1018964,2.3
980,1428780,1.8
980,799766,4.7
980,210577,2.5
980,1442299,3.5
980,696506,4.6
980,1340727,3.0
980,1291321,2.1
980,1436456,4.6
980,1442316,1.1
980,1400110,2.3
980,1433811,4.7
980,1437485,4.0
980,1000085,3.0
980,1266809,4.1
980,1436815,3.0
981,1433831,2.0
981,1432368,3.4
981,1442764,2.8
981,1126166,3.1
981,1440906,3.6
981,299536,2.8
981,1412392,2.1
981,1436703,4.8
981,1013850,2.1
981,1436269,3.0
981,1429784,2.5
981,1202479,2.2
981,1443247,1.5
981,1294174,1.6
981,1436456,4.5
981,1400932,2.1
981,207933,4.2
981,1435053,3.3
981,1107215,3.1
981,169917,3.8
982,228967,4.0
982,1233575,3.7
982,1433836,2.4
982,131631,2.2
982,1432534,2.5
982,1423093,1.1
982,1439459,3.9
982,24428,1.1
982,1444425,3.7
982,1440404,2.9
982,1421053,1.5
982,1441967,3.1
982,1000085,4.9
982,1399686,3.7
982,1171153,3.6
982,1127648,4.8
982,1361451,4.9
982,1220028,2.6
982,898271,4.5
982,1392821,3.0
983,1371370,4.9
983,1443480,2.6
983,244786,3.2
983,1421781,2.1
983,680,2.3
983,1406240,3.5
983,1425370,3.7
983,227159,2.7
983,549509,3.6
983,823219,4.2
983,157336,2.7
983,1167416,2.3
983,1442316,1.8
983,1339790,1.6
983,1436704,3.7
983,1434009,3.2
983,278,3.3
983,1417181,3.6
983,1357797,3.0
983,1425829,3.9
984,1439509,2.0
984,1127674,2.5
984,1433719,5.0
984,1440144,4.3
984,1429788,4.7
984,1439614,1.9
984,823219,3.1
984,1182088,1.7
984,169917,1.3
984,1077281,1.3
984,1446254,2.7
984,1445832,1.8
984,1445505,4.4
984,926670,1.7
984,1380415,1.2
984,1428541,1.4
984,241554,2.4
984,270303,3.0
984,171274,3.4
984,1434672,4.6
985,675776,2.1
985,1000881,3.6
985,1433860,2.8
985,822119,2.3
985,1417677,4.9
985,1210938,3.0
985,1404722,3.2
985,1432368,4.1
985,1443907,1.6
985,1442538,4.6
985,1439254,3.9
985,1438217,2.5
985,27205,1.6
985,1422166,1.2
985,1127648,2.2
985,1424897,2.2
985,169917,5.0
985,475557,3.7
985,872585,3.6
985,1436450,2.8
986,27205,3.2
986,1437515,3.0
986,550,1.2
986,1418112,1.1
986,1380415,4.0
986,177572,2.3
986,1444686,1.1
986,169917,4.0
986,1274751,3.3
986,1441712,4.5
986,1165393,1.0
986,950396,2.7
986,1326693,4.0
986,414906,3.1
986,1439004,2.6
986,1292367,2.7
986,207933,3.5
986,1375762,5.0
986,1359893,4.2
986,1436269,3.2
987,1442918,3.1
987,1399686,1.3
987,1446219,3.5
987,1442141,4.6
987,1406240,1.7
987,1220028,4.0
987,1418287,4.5
987,238,3.1
987,1444744,2.8
987,1420492,2.8
987,1438696,4.8
987,1330596,2.8
987,1439459,3.5
987,1198288,3.9
987,1368096,1.8
987,1433838,4.2
987,1423299,3.5
987,1077281,1.7
987,1444331,1.6
987,1432795,3.3
988,1216571,2.2
988,1421001,1.2
988,157336,3.1
988,1439614,4.4
988,414906,1.0
988,1436456,3.4
988,154400,2.5
988,800367,1.8
988,1400110,4.8
988,299537,4.5
988,1416501,1.7
988,1439459,3.9
988,1255192,4.9
988,103,2.7
988,1324389,3.8
988,1443907,3.1
988,1439526,4.5
988,24428,2.7
988,1359744,2.9
988,1445721,4.8
989,98,1.2
989,550,2.7
989,1422235,1.3
989,1216571,3.6
989,1425829,3.5
989,1184918,1.3
989,1424565,2.8
989,1000085,2.8
989,1440087,1.5
989,1425373,3.5
989,1438069,1.2
989,1126166,1.2
989,1415669,1.9
989,210577,3.6
989,1422072,3.8
989,98566,4.7
989,823219,4.3
989,1257409,3.7
989,1434812,4.3
989,1368096,4.6
990,68718,3.5
990,1317920,2.1
990,1426337,2.6
990,1445505,1.6
990,1432101,2.1
990,1378051,3.0
990,1445783,3.1
990,1434672,2.4
990,188222,3.4
990,1018964,4.5
990,1294376,3.1
990,1286773,2.3
990,558449,2.2
990,549509,3.2
990,1435057,3.5
990,447273,1.1
990,800367,1.3
990,1043808,2.6
990,1214130,3.2
990,1444332,1.8
991,131631,1.1
991,1418287,2.6
991,1439514,3.9
991,1445168,2.2
991,194662,2.6
991,1428262,3.5
991,1165393,2.9
991,1439459,3.4
991,147441,3.7
991,1386047,4.3
991,1444332,4.4
991,1404722,4.7
991,1438208,5.0
991,1438696,2.4
991,227159,4.4
991,1392821,1.6
991,205587,4.4
991,1000881,3.5
991,1405338,2.2
991,1437237,4.2
992,1425360,3.4
992,1356039,3.3
992,1425366,4.6
992,1422471,1.4
992,939243,1.4
992,1440811,4.4
992,1433719,3.7
992,823219,2.3
992,1119820,4.4
992,1442438,3.9
992,260346,3.0
992,1266809,3.9
992,299536,3.7
992,1422166,3.3
992,1018964,3.6
992,1204967,3.9
992,1003504,4.7
992,1425829,2.5
992,205596,4.0
992,1241982,2.8
993,1421001,2.3
993,68718,2.7
993,154400,4.1
993,1359744,1.3
993,1431328,4.4
993,156022,3.2
993,1271724,3.9
993,1405338,3.6
993,1063873,4.5
993,1418780,1.9
993,1418287,1.5
993,1442915,2.1
993,1386047,3.5
993,87101,2.9
993,147441,1.8
993,1319629,1.3
993,1416501,3.5
993,1390154,1.9
993,1357797,1.6
993,1443480,2.2
994,898271,2.1
994,1324389,3.9
994,1446254,4.8
994,939243,2.7
994,1442538,1.8
994,1167416,4.6
994,1356039,4.0
994,205596,2.4
994,87101,2.1
994,1433881,4.5
994,1417677,4.7
994,1286773,2.0
994,1436366,4.8
994,1439514,3.6
994,1420234,1.9
994,1444686,3.0
994,1445302,4.9
994,1424103,2.5
994,1438546,5.0
994,100042,1.6
995,1446317,1.4
995,1445168,2.9
995,103,2.3
995,1438696,2.5
995,1444253,1.8
995,181533,3.1
995,307081,3.4
995,1445832,4.6
995,1420899,1.3
995,1255192,1.8
995,1430968,1.2
995,1441567,1.3
995,1140535,4.9
995,1425373,4.8
995,1216662,2.3
995,1442295,1.6
995,1433872,3.6
995,1297763,2.3
995,1375762,2.2
995,1424103,1.3
996,1423299,3.2
996,1306284,1.1
996,1423295,4.3
996,1269298,3.6
996,1437237,3.7
996,1433838,4.6
996,1359893,1.5
996,515001,1.3
996,1167416,2.1
996,1445168,4.0
996,1178556,1.6
996,707911,2.7
996,1208803,1.8
996,1435269,1.2
996,661539,4.6
996,1356039,3.6
996,1389293,2.2
996,1442918,1.7
996,131631,2.5
996,1445713,4.7
997,1436450,1.2
997,171274,2.3
997,1411411,2.4
997,227159,1.4
997,1431744,4.1
997,933260,1.4
997,188222,4.6
997,1178556,3.7
997,1438203,1.8
997,1429460,2.5
997,1434009,4.5
997,1361451,1.7
997,1425296,5.0
997,1438546,2.7
997,1167416,3.9
997,1442388,4.0
997,1266809,2.8
997,1422235,1.9
997,1442918,4.7
997,1444686,3.3
998,1439459,2.2
998,1430968,1.0
998,1438502,2.3
998,1445832,1.5
998,1422471,1.2
998,603,2.3
998,1423299,4.1
998,1445783,3.7
998,1400110,1.0
998,1432098,3.5
998,1018964,2.3
998,1442200,3.8
998,1445168,2.0
998,1425829,3.6
998,1399896,3.4
998,1378734,2.8
998,205596,3.5
998,1438069,1.6
998,1433836,4.6
998,1439837,1.8
999,1433881,1.3
999,1421001,3.1
999,414906,4.6
999,1422235,1.3
999,1438546,1.0
999,1429460,3.8
999,1013850,3.0
999,1435269,3.3
999,1439614,3.9
999,1127674,3.5
999,1165393,2.8
999,1439890,1.1
999,1442200,4.3
999,1317096,3.9
999,1436683,2.7
999,933260,1.7
999,1442278,4.5
999,210577,2.2
999,1440828,3.6
999,1248276,2.6
1000,1442295,4.1
1000,1312157,2.6
1000,1422471,2.7
1000,1436450,1.6
1000,1324389,4.9
1000,1216571,1.9
1000,1441967,1.8
1000,1178556,4.0
1000,1443487,3.4
1000,1241982,1.2
1000,1214069,2.4
1000,426063,1.7
1000,227159,4.7
1000,1356039,1.7
1000,254904,2.7
1000,1417181,2.8
1000,1400932,3.5
1000,1444331,1.2
1000,1439254,1.5
1000,1444744,3.7
